Image_Name,Class,xmin,ymin,xmax,ymax,img_width,img_height
frame_100_18.jpg,Person,295,111,416,232,480,360
frame_100_18.jpg,Person,203,184,340,323,480,360
frame_100_18.jpg,Person,205,186,282,318,480,360
frame_100_19.jpg,Person,293,103,421,230,480,360
frame_100_19.jpg,Person,203,181,338,323,480,360
frame_100_2.jpg,Person,300,111,406,214,480,360
frame_100_2.jpg,Person,204,179,342,325,480,360
frame_100_20.jpg,Person,293,104,420,230,480,360
frame_100_20.jpg,Person,261,190,340,322,480,360
frame_100_20.jpg,Person,203,186,338,324,480,360
frame_100_21.jpg,Person,199,182,339,324,480,360
frame_100_21.jpg,Person,303,94,423,216,480,360
frame_100_22.jpg,Person,200,180,338,323,480,360
frame_100_22.jpg,Person,310,93,420,216,480,360
frame_100_23.jpg,Person,198,178,327,324,480,360
frame_100_23.jpg,Person,313,97,431,218,480,360
frame_100_24.jpg,Person,191,186,317,324,480,360
frame_100_24.jpg,Person,317,85,434,214,480,360
frame_100_25.jpg,Person,153,182,282,322,480,360
frame_100_25.jpg,Person,320,101,426,215,480,360
frame_100_26.jpg,Person,153,182,283,322,480,360
frame_100_26.jpg,Person,320,100,426,214,480,360
frame_100_27.jpg,Person,137,197,237,320,480,360
frame_100_28.jpg,Person,177,183,264,321,480,360
frame_100_28.jpg,Person,118,207,217,320,480,360
frame_100_29.jpg,Person,117,206,210,319,480,360
frame_100_29.jpg,Person,307,120,404,213,480,360
frame_100_3.jpg,Person,201,178,343,323,480,360
frame_100_3.jpg,Person,300,112,406,216,480,360
frame_100_30.jpg,Person,117,205,221,321,480,360
frame_100_31.jpg,Person,299,111,410,214,480,360
frame_100_31.jpg,Person,121,188,196,289,480,360
frame_100_31.jpg,Person,111,189,235,322,480,360
frame_100_32.jpg,Person,300,114,411,213,480,360
frame_100_32.jpg,Person,108,186,238,321,480,360
frame_100_32.jpg,Person,173,182,237,296,480,360
frame_100_33.jpg,Person,302,112,407,214,480,360
frame_100_33.jpg,Person,174,181,237,293,480,360
frame_100_33.jpg,Person,126,182,192,287,480,360
frame_47_32.jpg,Person,38,18,173,265,626,360
frame_47_32.jpg,Person,189,3,270,81,626,360
frame_47_33.jpg,Person,39,19,129,267,626,360
frame_47_33.jpg,Person,189,4,270,80,626,360
frame_47_33.jpg,Person,231,71,383,280,626,360
frame_47_33.jpg,Person,39,18,175,267,626,360
frame_47_34.jpg,Person,253,70,391,281,626,360
frame_47_34.jpg,Person,188,4,270,80,626,360
frame_47_34.jpg,Person,39,18,179,292,626,360
frame_47_34.jpg,Person,39,19,129,290,626,360
frame_47_35.jpg,Person,189,4,271,80,626,360
frame_47_35.jpg,Person,40,18,178,296,626,360
frame_47_35.jpg,Person,40,18,129,295,626,360
frame_47_35.jpg,Person,268,71,392,281,626,360
frame_47_36.jpg,Person,41,19,179,299,626,360
frame_47_36.jpg,Person,187,4,270,79,626,360
frame_47_36.jpg,Person,280,72,434,281,626,360
frame_47_36.jpg,Person,41,19,133,298,626,360
frame_47_37.jpg,Person,43,21,179,300,626,360
frame_47_37.jpg,Person,187,3,272,79,626,360
frame_47_38.jpg,Person,45,21,181,302,626,360
frame_47_38.jpg,Person,188,4,269,80,626,360
frame_47_38.jpg,Person,288,74,419,278,626,360
frame_47_39.jpg,Person,44,22,183,304,626,360
frame_47_39.jpg,Person,187,3,268,80,626,360
frame_47_39.jpg,Person,295,74,436,280,626,360
frame_47_39.jpg,Person,23,3,48,46,626,360
frame_47_4.jpg,Person,196,182,448,353,626,360
frame_47_4.jpg,Person,21,4,113,251,626,360
frame_47_4.jpg,Person,97,54,216,237,626,360
frame_47_4.jpg,Person,173,3,271,112,626,360
frame_47_40.jpg,Person,44,22,184,304,626,360
frame_47_40.jpg,Person,186,3,270,80,626,360
frame_47_40.jpg,Person,23,3,48,46,626,360
frame_47_41.jpg,Person,44,23,183,308,626,360
frame_47_41.jpg,Person,187,3,269,80,626,360
frame_47_41.jpg,Person,319,74,437,277,626,360
frame_47_41.jpg,Person,24,3,48,46,626,360
frame_47_42.jpg,Person,47,25,184,308,626,360
frame_47_42.jpg,Person,187,3,269,80,626,360
frame_47_42.jpg,Person,318,74,438,277,626,360
frame_47_43.jpg,Person,48,24,186,307,626,360
frame_47_43.jpg,Person,187,4,269,82,626,360
frame_47_43.jpg,Person,318,74,439,278,626,360
frame_47_43.jpg,Person,25,3,49,46,626,360
frame_47_44.jpg,Person,47,28,189,309,626,360
frame_47_44.jpg,Person,187,3,268,84,626,360
frame_47_44.jpg,Person,26,3,49,46,626,360
frame_47_44.jpg,Person,315,74,439,278,626,360
frame_47_45.jpg,Person,47,29,189,310,626,360
frame_47_45.jpg,Person,188,3,267,84,626,360
frame_47_45.jpg,Person,26,3,49,46,626,360
frame_47_45.jpg,Person,294,72,434,278,626,360
frame_47_46.jpg,Person,46,31,191,311,626,360
frame_47_46.jpg,Person,187,3,268,84,626,360
frame_47_46.jpg,Person,27,3,51,46,626,360
frame_47_46.jpg,Person,315,71,437,277,626,360
frame_47_47.jpg,Person,46,34,193,312,626,360
frame_47_47.jpg,Person,187,3,268,84,626,360
frame_47_47.jpg,Person,26,3,51,46,626,360
frame_47_47.jpg,Person,315,70,433,277,626,360
frame_47_48.jpg,Person,48,35,192,312,626,360
frame_47_48.jpg,Person,186,3,269,82,626,360
frame_47_48.jpg,Person,26,4,52,46,626,360
frame_47_48.jpg,Person,297,71,440,278,626,360
frame_47_49.jpg,Person,48,38,196,314,626,360
frame_47_49.jpg,Person,187,4,269,84,626,360
frame_47_49.jpg,Person,313,70,440,277,626,360
frame_47_49.jpg,Person,26,3,55,42,626,360
frame_47_5.jpg,Person,99,48,218,238,626,360
frame_47_5.jpg,Person,19,5,115,259,626,360
frame_47_5.jpg,Person,196,186,448,354,626,360
frame_47_5.jpg,Person,181,3,270,113,626,360
frame_47_6.jpg,Person,198,191,448,355,626,360
frame_47_6.jpg,Person,18,4,128,264,626,360
frame_47_6.jpg,Person,101,37,222,237,626,360
frame_47_6.jpg,Person,178,3,270,112,626,360
frame_47_6.jpg,Person,301,95,509,326,626,360
frame_47_7.jpg,Person,196,195,444,354,626,360
frame_47_7.jpg,Person,19,4,126,262,626,360
frame_47_7.jpg,Person,112,51,229,236,626,360
frame_47_7.jpg,Person,202,4,270,112,626,360
frame_47_7.jpg,Person,299,95,510,266,626,360
frame_47_8.jpg,Person,198,201,445,355,626,360
frame_47_8.jpg,Person,113,38,232,236,626,360
frame_47_8.jpg,Person,18,4,127,262,626,360
frame_47_8.jpg,Person,208,3,269,110,626,360
frame_47_9.jpg,Person,21,4,141,270,626,360
frame_47_9.jpg,Person,199,214,441,354,626,360
frame_47_9.jpg,Person,149,56,238,236,626,360
frame_47_9.jpg,Person,209,3,271,98,626,360
frame_48_0.jpg,Person,269,66,420,290,626,360
frame_48_0.jpg,Person,15,3,195,260,626,360
frame_48_0.jpg,Person,255,287,345,355,626,360
frame_48_1.jpg,Person,271,69,421,290,626,360
frame_48_1.jpg,Person,16,4,192,254,626,360
frame_48_1.jpg,Person,15,4,211,332,626,360
frame_48_10.jpg,Person,266,92,416,319,626,360
frame_48_10.jpg,Person,9,3,187,344,626,360
frame_48_10.jpg,Person,237,301,337,354,626,360
frame_127_9.jpg,Person,695,192,1027,446,1280,720
frame_127_9.jpg,Person,111,395,420,704,1280,720
frame_128_0.jpg,Person,739,197,885,508,1280,720
frame_128_1.jpg,Person,739,198,882,508,1280,720
frame_128_10.jpg,Person,740,197,883,508,1280,720
frame_128_11.jpg,Person,741,198,891,510,1280,720
frame_128_12.jpg,Person,741,197,889,508,1280,720
frame_128_13.jpg,Person,741,198,889,507,1280,720
frame_128_14.jpg,Person,741,197,887,506,1280,720
frame_128_15.jpg,Person,741,197,889,506,1280,720
frame_128_16.jpg,Person,741,198,885,508,1280,720
frame_128_17.jpg,Person,741,198,884,508,1280,720
frame_128_18.jpg,Person,741,197,884,508,1280,720
frame_128_19.jpg,Person,741,197,878,508,1280,720
frame_128_2.jpg,Person,739,198,880,508,1280,720
frame_128_20.jpg,Person,740,197,879,509,1280,720
frame_128_21.jpg,Person,740,196,879,509,1280,720
frame_128_22.jpg,Person,739,196,878,509,1280,720
frame_128_23.jpg,Person,740,194,874,510,1280,720
frame_128_24.jpg,Person,739,194,874,510,1280,720
frame_128_25.jpg,Person,739,194,880,510,1280,720
frame_128_26.jpg,Person,737,193,872,510,1280,720
frame_128_27.jpg,Person,738,192,870,510,1280,720
frame_128_28.jpg,Person,734,192,875,496,1280,720
frame_128_29.jpg,Person,734,191,876,511,1280,720
frame_128_3.jpg,Person,739,198,883,508,1280,720
frame_128_30.jpg,Person,734,191,874,511,1280,720
frame_128_31.jpg,Person,733,191,873,510,1280,720
frame_128_32.jpg,Person,733,191,868,509,1280,720
frame_128_33.jpg,Person,732,191,870,509,1280,720
frame_128_34.jpg,Person,732,190,869,509,1280,720
frame_101_29.jpg,Person,227,75,273,211,480,360
frame_101_29.jpg,Person,272,38,293,96,480,360
frame_101_48.jpg,Person,230,76,272,212,480,360
frame_101_48.jpg,Person,274,40,295,95,480,360
frame_101_48.jpg,Person,147,78,192,161,480,360
frame_102_18.jpg,Person,490,0,564,164,640,360
frame_102_18.jpg,Person,282,0,368,208,640,360
frame_102_18.jpg,Person,533,125,639,276,640,360
frame_102_18.jpg,Person,27,164,127,351,640,360
frame_102_18.jpg,Person,0,275,102,359,640,360
frame_104_10.jpg,Person,287,120,429,247,640,360
frame_104_10.jpg,Person,370,290,479,358,640,360
frame_104_10.jpg,Person,398,13,485,150,640,360
frame_104_10.jpg,Person,517,93,598,228,640,360
frame_104_10.jpg,Person,402,0,442,84,640,360
frame_104_10.jpg,Person,603,309,638,358,640,360
frame_105_16.jpg,Person,292,247,336,347,640,360
frame_105_16.jpg,Person,191,130,214,193,640,360
frame_105_16.jpg,Person,194,234,236,308,640,360
frame_105_16.jpg,Person,326,172,349,244,640,360
frame_105_16.jpg,Person,190,327,238,359,640,360
frame_105_16.jpg,Person,437,139,466,205,640,360
frame_105_16.jpg,Person,242,164,271,235,640,360
frame_105_16.jpg,Person,282,128,300,199,640,360
frame_105_16.jpg,Person,572,188,602,251,640,360
frame_105_16.jpg,Person,0,222,24,311,640,360
frame_105_16.jpg,Person,101,238,130,299,640,360
frame_105_16.jpg,Person,42,22,61,81,640,360
frame_105_16.jpg,Person,538,168,551,206,640,360
frame_105_16.jpg,Person,367,98,385,149,640,360
frame_105_16.jpg,Person,100,184,130,223,640,360
frame_105_35.jpg,Person,300,254,353,347,640,360
frame_105_35.jpg,Person,180,243,232,326,640,360
frame_105_35.jpg,Person,99,224,146,322,640,360
frame_105_35.jpg,Person,511,254,553,335,640,360
frame_105_35.jpg,Person,574,193,602,252,640,360
frame_105_35.jpg,Person,201,138,225,210,640,360
frame_105_35.jpg,Person,274,131,300,208,640,360
frame_105_35.jpg,Person,293,178,334,260,640,360
frame_105_35.jpg,Person,236,159,262,233,640,360
frame_105_35.jpg,Person,449,148,481,213,640,360
frame_105_35.jpg,Person,189,327,239,359,640,360
frame_105_35.jpg,Person,440,131,465,185,640,360
frame_105_35.jpg,Person,529,194,561,256,640,360
frame_105_35.jpg,Person,95,196,129,234,640,360
frame_105_35.jpg,Person,113,161,146,223,640,360
frame_105_35.jpg,Person,526,165,548,225,640,360
frame_105_35.jpg,Person,0,262,22,330,640,360
frame_105_35.jpg,Person,43,22,63,81,640,360
frame_106_0.jpg,Person,467,368,734,714,1280,720
frame_106_0.jpg,Person,983,118,1134,498,1280,720
frame_106_0.jpg,Person,1106,88,1219,494,1280,720
frame_106_0.jpg,Person,749,19,858,155,1280,720
frame_106_0.jpg,Person,478,164,535,272,1280,720
frame_106_0.jpg,Person,491,248,663,406,1280,720
frame_106_0.jpg,Person,518,150,561,231,1280,720
frame_106_24.jpg,Person,461,398,693,714,1280,720
frame_106_24.jpg,Person,1072,208,1253,681,1280,720
frame_106_24.jpg,Person,792,21,899,235,1280,720
frame_106_24.jpg,Person,500,216,681,466,1280,720
frame_106_24.jpg,Person,480,163,542,274,1280,720
frame_106_24.jpg,Person,523,156,637,276,1280,720
frame_106_43.jpg,Person,450,412,679,714,1280,720
frame_106_43.jpg,Person,800,20,916,236,1280,720
frame_106_43.jpg,Person,1169,322,1279,712,1280,720
frame_106_43.jpg,Person,481,150,678,465,1280,720
frame_106_43.jpg,Person,521,151,640,273,1280,720
frame_106_43.jpg,Person,541,213,650,333,1280,720
frame_106_43.jpg,Person,539,218,670,405,1280,720
frame_107_14.jpg,Person,461,253,791,703,1280,720
frame_107_14.jpg,Person,562,153,683,309,1280,720
frame_107_14.jpg,Person,1030,19,1102,116,1280,720
frame_107_14.jpg,Person,466,165,552,269,1280,720
frame_107_14.jpg,Person,553,21,619,151,1280,720
frame_107_14.jpg,Person,1098,21,1151,103,1280,720
frame_107_4.jpg,Person,453,267,810,715,1280,720
frame_107_4.jpg,Person,517,19,617,152,1280,720
frame_107_4.jpg,Person,566,160,686,316,1280,720
frame_107_4.jpg,Person,1056,20,1110,127,1280,720
frame_107_4.jpg,Person,469,172,551,288,1280,720
frame_107_4.jpg,Person,1120,20,1165,124,1280,720
frame_107_4.jpg,Person,513,222,622,318,1280,720
frame_107_55.jpg,Person,1133,114,1278,611,1280,720
frame_107_55.jpg,Person,476,199,764,588,1280,720
frame_107_55.jpg,Person,463,149,545,381,1280,720
frame_107_55.jpg,Person,560,137,681,254,1280,720
frame_107_55.jpg,Person,610,20,752,222,1280,720
frame_108_2.jpg,Person,414,62,439,187,640,360
frame_108_2.jpg,Person,309,84,384,277,640,360
frame_108_2.jpg,Person,43,184,86,274,640,360
frame_108_2.jpg,Person,354,61,394,183,640,360
frame_108_40.jpg,Person,414,62,440,187,640,360
frame_108_40.jpg,Person,324,84,389,275,640,360
frame_108_40.jpg,Person,42,178,86,275,640,360
frame_109_13.jpg,Person,687,0,921,438,1280,720
frame_109_32.jpg,Person,657,38,904,621,1280,720
frame_109_51.jpg,Person,605,111,894,710,1280,720
frame_10_27.jpg,Person,1009,356,1273,915,1920,1080
frame_10_27.jpg,Person,1426,517,1768,1048,1920,1080
frame_6_21.jpg,Person,251,110,299,207,640,360
frame_6_21.jpg,Person,53,163,113,327,640,360
frame_6_22.jpg,Person,250,110,298,207,640,360
frame_6_22.jpg,Person,53,163,113,327,640,360
frame_6_23.jpg,Person,251,112,303,207,640,360
frame_6_23.jpg,Person,56,161,113,327,640,360
frame_6_24.jpg,Person,251,112,303,207,640,360
frame_6_24.jpg,Person,56,161,113,327,640,360
frame_6_25.jpg,Person,59,160,113,326,640,360
frame_6_25.jpg,Person,253,112,302,205,640,360
frame_6_26.jpg,Person,59,160,113,326,640,360
frame_6_26.jpg,Person,253,112,302,205,640,360
frame_6_27.jpg,Person,61,159,118,321,640,360
frame_6_27.jpg,Person,256,112,303,205,640,360
frame_6_28.jpg,Person,61,159,118,321,640,360
frame_6_28.jpg,Person,256,112,303,205,640,360
frame_6_29.jpg,Person,65,157,128,318,640,360
frame_6_29.jpg,Person,263,111,305,209,640,360
frame_6_3.jpg,Person,30,170,103,326,640,360
frame_6_3.jpg,Person,215,114,242,223,640,360
frame_6_30.jpg,Person,65,157,128,318,640,360
frame_6_30.jpg,Person,262,111,305,210,640,360
frame_6_31.jpg,Person,72,157,128,309,640,360
frame_6_31.jpg,Person,281,109,310,200,640,360
frame_6_32.jpg,Person,72,157,128,309,640,360
frame_6_32.jpg,Person,282,110,311,202,640,360
frame_6_33.jpg,Person,75,157,132,309,640,360
frame_6_33.jpg,Person,290,109,318,207,640,360
frame_6_34.jpg,Person,75,157,132,309,640,360
frame_6_34.jpg,Person,290,109,318,207,640,360
frame_6_35.jpg,Person,81,157,136,309,640,360
frame_6_35.jpg,Person,289,109,322,206,640,360
frame_6_36.jpg,Person,81,157,137,309,640,360
frame_6_36.jpg,Person,290,109,322,206,640,360
frame_6_37.jpg,Person,84,156,161,308,640,360
frame_6_37.jpg,Person,290,110,335,206,640,360
frame_6_38.jpg,Person,84,155,162,308,640,360
frame_6_38.jpg,Person,290,110,335,206,640,360
frame_6_39.jpg,Person,88,154,161,307,640,360
frame_6_39.jpg,Person,291,111,338,207,640,360
frame_6_4.jpg,Person,30,170,103,326,640,360
frame_6_4.jpg,Person,215,115,242,225,640,360
frame_6_40.jpg,Person,88,155,161,307,640,360
frame_6_40.jpg,Person,291,111,338,207,640,360
frame_6_41.jpg,Person,92,154,162,308,640,360
frame_6_41.jpg,Person,291,110,344,207,640,360
frame_2_79.jpg,Person,68,160,182,327,480,360
frame_2_79.jpg,Person,90,119,156,184,480,360
frame_2_79.jpg,Person,19,251,109,353,480,360
frame_2_79.jpg,Person,385,38,447,208,480,360
frame_2_79.jpg,Person,0,264,36,336,480,360
frame_2_8.jpg,Person,69,155,183,327,480,360
frame_2_8.jpg,Person,386,36,447,209,480,360
frame_2_8.jpg,Person,87,120,146,181,480,360
frame_2_8.jpg,Person,14,250,121,354,480,360
frame_2_8.jpg,Person,0,274,26,334,480,360
frame_2_80.jpg,Person,67,161,182,331,480,360
frame_2_80.jpg,Person,90,119,156,184,480,360
frame_2_80.jpg,Person,385,37,447,208,480,360
frame_2_80.jpg,Person,18,251,109,353,480,360
frame_2_80.jpg,Person,0,264,36,336,480,360
frame_2_81.jpg,Person,68,161,182,333,480,360
frame_2_81.jpg,Person,19,252,110,353,480,360
frame_2_81.jpg,Person,91,119,155,185,480,360
frame_2_81.jpg,Person,386,40,438,208,480,360
frame_2_81.jpg,Person,355,38,388,138,480,360
frame_2_81.jpg,Person,0,264,40,336,480,360
frame_2_82.jpg,Person,68,161,182,333,480,360
frame_2_82.jpg,Person,19,253,110,353,480,360
frame_2_82.jpg,Person,92,118,153,186,480,360
frame_2_82.jpg,Person,385,35,446,208,480,360
frame_2_82.jpg,Person,0,264,36,335,480,360
frame_2_82.jpg,Person,355,34,389,137,480,360
frame_2_83.jpg,Person,68,161,182,333,480,360
frame_2_83.jpg,Person,19,253,110,353,480,360
frame_2_83.jpg,Person,384,37,445,208,480,360
frame_2_83.jpg,Person,92,118,151,185,480,360
frame_2_83.jpg,Person,0,264,36,335,480,360
frame_2_83.jpg,Person,355,34,389,137,480,360
frame_2_84.jpg,Person,68,161,182,331,480,360
frame_2_84.jpg,Person,19,253,110,353,480,360
frame_2_84.jpg,Person,384,37,445,208,480,360
frame_2_84.jpg,Person,92,119,151,185,480,360
frame_2_84.jpg,Person,0,264,36,335,480,360
frame_2_84.jpg,Person,355,34,389,137,480,360
frame_2_9.jpg,Person,69,158,182,326,480,360
frame_2_9.jpg,Person,87,119,149,180,480,360
frame_2_9.jpg,Person,387,36,443,209,480,360
frame_2_9.jpg,Person,0,274,27,334,480,360
frame_2_9.jpg,Person,15,249,119,352,480,360
frame_30_0.jpg,Person,331,52,390,206,640,360
frame_30_0.jpg,Person,301,171,401,300,640,360
frame_30_1.jpg,Person,331,49,390,205,640,360
frame_30_1.jpg,Person,292,154,397,300,640,360
frame_30_10.jpg,Person,332,25,386,161,640,360
frame_30_10.jpg,Person,328,182,387,299,640,360
frame_30_11.jpg,Person,336,24,391,161,640,360
frame_30_11.jpg,Person,310,167,388,298,640,360
frame_30_12.jpg,Person,338,24,393,161,640,360
frame_30_12.jpg,Person,294,163,388,296,640,360
frame_30_13.jpg,Person,335,25,394,161,640,360
frame_30_13.jpg,Person,288,163,388,286,640,360
frame_30_14.jpg,Person,336,27,396,161,640,360
frame_30_14.jpg,Person,285,166,386,291,640,360
frame_30_15.jpg,Person,342,31,395,163,640,360
frame_30_15.jpg,Person,274,184,383,307,640,360
frame_30_16.jpg,Person,345,32,395,163,640,360
frame_30_16.jpg,Person,269,192,383,310,640,360
frame_30_17.jpg,Person,267,195,383,307,640,360
frame_30_17.jpg,Person,343,34,396,164,640,360
frame_30_18.jpg,Person,341,35,397,165,640,360
frame_30_18.jpg,Person,252,194,383,307,640,360
frame_30_19.jpg,Person,247,195,383,309,640,360
frame_30_19.jpg,Person,338,38,405,166,640,360
frame_30_2.jpg,Person,326,46,391,164,640,360
frame_30_20.jpg,Person,244,194,384,310,640,360
frame_30_20.jpg,Person,341,39,411,166,640,360
frame_30_21.jpg,Person,341,40,415,165,640,360
frame_30_21.jpg,Person,244,193,369,310,640,360
frame_30_22.jpg,Person,245,192,386,310,640,360
frame_30_22.jpg,Person,340,42,415,164,640,360
frame_30_23.jpg,Person,343,47,414,163,640,360
frame_30_23.jpg,Person,246,191,382,312,640,360
frame_30_24.jpg,Person,244,190,382,313,640,360
frame_30_24.jpg,Person,344,51,411,165,640,360
frame_30_25.jpg,Person,341,55,408,164,640,360
frame_30_25.jpg,Person,245,188,375,311,640,360
frame_30_26.jpg,Person,341,58,407,164,640,360
frame_30_26.jpg,Person,248,187,370,311,640,360
frame_30_27.jpg,Person,247,184,357,302,640,360
frame_30_27.jpg,Person,339,64,404,176,640,360
frame_30_28.jpg,Person,245,184,358,308,640,360
frame_30_28.jpg,Person,337,65,402,187,640,360
frame_30_29.jpg,Person,246,181,359,310,640,360
frame_30_29.jpg,Person,336,66,401,195,640,360
frame_30_3.jpg,Person,317,41,398,183,640,360
frame_30_3.jpg,Person,328,174,400,299,640,360
frame_30_30.jpg,Person,335,67,401,204,640,360
frame_30_30.jpg,Person,246,180,359,308,640,360
frame_138_33.jpg,Person,718,223,845,438,1280,720
frame_138_33.jpg,Person,509,296,655,566,1280,720
frame_138_34.jpg,Person,718,223,846,438,1280,720
frame_138_34.jpg,Person,509,296,655,568,1280,720
frame_138_35.jpg,Person,723,225,851,447,1280,720
frame_138_35.jpg,Person,512,298,656,564,1280,720
frame_138_36.jpg,Person,726,227,855,455,1280,720
frame_138_36.jpg,Person,516,299,655,561,1280,720
frame_138_37.jpg,Person,731,230,859,462,1280,720
frame_138_37.jpg,Person,521,300,652,570,1280,720
frame_138_38.jpg,Person,735,233,864,467,1280,720
frame_138_38.jpg,Person,527,301,651,566,1280,720
frame_138_39.jpg,Person,735,233,864,467,1280,720
frame_138_39.jpg,Person,527,301,651,565,1280,720
frame_138_40.jpg,Person,742,238,872,478,1280,720
frame_138_40.jpg,Person,532,306,652,579,1280,720
frame_138_41.jpg,Person,746,240,875,477,1280,720
frame_138_41.jpg,Person,531,310,650,581,1280,720
frame_138_42.jpg,Person,749,242,881,477,1280,720
frame_138_42.jpg,Person,531,316,651,589,1280,720
frame_138_43.jpg,Person,753,242,885,477,1280,720
frame_138_43.jpg,Person,526,322,650,608,1280,720
frame_138_44.jpg,Person,756,243,888,478,1280,720
frame_138_44.jpg,Person,524,327,650,608,1280,720
frame_138_45.jpg,Person,756,243,888,478,1280,720
frame_138_45.jpg,Person,524,327,650,608,1280,720
frame_138_46.jpg,Person,756,243,891,479,1280,720
frame_138_46.jpg,Person,521,333,650,611,1280,720
frame_138_47.jpg,Person,759,243,897,482,1280,720
frame_138_47.jpg,Person,515,338,647,620,1280,720
frame_138_48.jpg,Person,761,245,901,493,1280,720
frame_138_48.jpg,Person,508,342,647,613,1280,720
frame_138_49.jpg,Person,763,248,904,499,1280,720
frame_138_49.jpg,Person,502,345,649,622,1280,720
frame_112_4.jpg,Person,184,93,395,601,1280,720
frame_112_5.jpg,Person,205,97,418,597,1280,720
frame_57_0.jpg,Person,271,102,334,237,480,360
frame_57_0.jpg,Person,116,40,152,121,480,360
frame_57_0.jpg,Person,209,109,269,242,480,360
frame_57_0.jpg,Person,175,37,206,111,480,360
frame_57_1.jpg,Person,271,102,334,237,480,360
frame_57_1.jpg,Person,209,109,269,242,480,360
frame_57_1.jpg,Person,116,41,152,121,480,360
frame_57_1.jpg,Person,175,37,206,111,480,360
frame_57_10.jpg,Person,275,118,341,267,480,360
frame_57_10.jpg,Person,215,127,278,243,480,360
frame_57_10.jpg,Person,175,37,206,112,480,360
frame_57_10.jpg,Person,122,41,160,119,480,360
frame_57_11.jpg,Person,275,119,342,267,480,360
frame_57_11.jpg,Person,216,127,279,243,480,360
frame_57_11.jpg,Person,175,37,206,112,480,360
frame_57_11.jpg,Person,122,42,160,120,480,360
frame_57_12.jpg,Person,276,120,343,267,480,360
frame_57_12.jpg,Person,216,127,280,242,480,360
frame_57_12.jpg,Person,175,38,206,112,480,360
frame_57_13.jpg,Person,275,120,344,267,480,360
frame_57_13.jpg,Person,216,128,282,242,480,360
frame_57_13.jpg,Person,175,37,207,112,480,360
frame_57_14.jpg,Person,275,122,345,268,480,360
frame_57_14.jpg,Person,214,128,281,240,480,360
frame_57_14.jpg,Person,175,38,206,114,480,360
frame_57_15.jpg,Person,273,122,344,267,480,360
frame_57_15.jpg,Person,211,128,282,238,480,360
frame_57_15.jpg,Person,175,37,206,113,480,360
frame_57_16.jpg,Person,273,122,345,267,480,360
frame_57_16.jpg,Person,214,128,282,235,480,360
frame_57_16.jpg,Person,175,38,206,114,480,360
frame_57_17.jpg,Person,273,123,345,267,480,360
frame_57_17.jpg,Person,213,127,282,232,480,360
frame_57_17.jpg,Person,175,37,206,112,480,360
frame_57_17.jpg,Person,123,42,160,120,480,360
frame_57_18.jpg,Person,272,123,346,267,480,360
frame_57_18.jpg,Person,204,127,281,230,480,360
frame_57_18.jpg,Person,175,37,206,112,480,360
frame_57_19.jpg,Person,203,126,281,226,480,360
frame_57_19.jpg,Person,272,124,345,267,480,360
frame_57_19.jpg,Person,124,41,161,119,480,360
frame_57_19.jpg,Person,175,37,206,112,480,360
frame_57_2.jpg,Person,271,104,334,244,480,360
frame_57_2.jpg,Person,211,113,270,242,480,360
frame_57_2.jpg,Person,117,41,153,121,480,360
frame_57_2.jpg,Person,175,38,206,112,480,360
frame_57_20.jpg,Person,203,126,280,223,480,360
frame_57_20.jpg,Person,274,125,346,268,480,360
frame_57_20.jpg,Person,175,38,207,112,480,360
frame_57_20.jpg,Person,124,41,161,119,480,360
frame_57_21.jpg,Person,274,127,346,276,480,360
frame_57_21.jpg,Person,204,126,280,223,480,360
frame_57_21.jpg,Person,175,37,206,112,480,360
frame_57_21.jpg,Person,124,42,161,119,480,360
frame_57_22.jpg,Person,272,129,346,283,480,360
frame_57_22.jpg,Person,124,41,161,118,480,360
frame_57_22.jpg,Person,208,127,279,217,480,360
frame_57_22.jpg,Person,175,37,206,112,480,360
frame_57_23.jpg,Person,269,130,345,287,480,360
frame_57_23.jpg,Person,203,127,277,215,480,360
frame_57_23.jpg,Person,124,41,161,117,480,360
frame_57_23.jpg,Person,175,38,207,112,480,360
frame_57_24.jpg,Person,268,132,344,289,480,360
frame_57_24.jpg,Person,125,42,161,118,480,360
frame_57_24.jpg,Person,175,37,207,112,480,360
frame_57_24.jpg,Person,203,125,277,210,480,360
frame_57_25.jpg,Person,266,133,343,290,480,360
frame_57_25.jpg,Person,125,41,161,118,480,360
frame_57_25.jpg,Person,175,38,207,112,480,360
frame_57_26.jpg,Person,264,135,341,292,480,360
frame_57_26.jpg,Person,125,41,161,118,480,360
frame_57_26.jpg,Person,175,38,207,112,480,360
frame_57_27.jpg,Person,263,136,340,295,480,360
frame_57_27.jpg,Person,125,41,161,118,480,360
frame_57_27.jpg,Person,175,38,207,112,480,360
frame_57_28.jpg,Person,261,137,338,299,480,360
frame_57_28.jpg,Person,125,41,161,118,480,360
frame_57_28.jpg,Person,175,38,207,112,480,360
frame_57_29.jpg,Person,261,139,337,303,480,360
frame_57_29.jpg,Person,125,41,161,118,480,360
frame_57_29.jpg,Person,175,37,207,110,480,360
frame_57_3.jpg,Person,272,106,336,249,480,360
frame_57_3.jpg,Person,175,37,206,112,480,360
frame_57_3.jpg,Person,213,117,271,242,480,360
frame_57_3.jpg,Person,117,41,154,121,480,360
frame_57_30.jpg,Person,260,139,336,303,480,360
frame_57_30.jpg,Person,125,41,161,118,480,360
frame_57_30.jpg,Person,175,37,207,110,480,360
frame_57_31.jpg,Person,260,141,335,303,480,360
frame_57_31.jpg,Person,175,38,207,112,480,360
frame_57_31.jpg,Person,125,41,161,118,480,360
frame_57_32.jpg,Person,260,141,334,303,480,360
frame_57_32.jpg,Person,202,114,270,243,480,360
frame_57_32.jpg,Person,125,41,161,118,480,360
frame_57_32.jpg,Person,175,38,207,111,480,360
frame_57_33.jpg,Person,260,140,333,303,480,360
frame_57_33.jpg,Person,214,114,270,244,480,360
frame_57_33.jpg,Person,124,41,161,119,480,360
frame_57_33.jpg,Person,175,37,207,112,480,360
frame_57_34.jpg,Person,259,142,332,303,480,360
frame_57_34.jpg,Person,215,112,270,243,480,360
frame_57_34.jpg,Person,125,41,161,119,480,360
frame_57_34.jpg,Person,175,37,207,112,480,360
frame_39_49.jpg,Person,597,93,731,392,1280,720
frame_39_50.jpg,Person,597,93,731,392,1280,720
frame_39_51.jpg,Person,602,94,731,391,1280,720
frame_39_52.jpg,Person,602,94,731,391,1280,720
frame_39_53.jpg,Person,602,94,732,391,1280,720
frame_39_54.jpg,Person,602,93,732,390,1280,720
frame_39_55.jpg,Person,608,94,734,389,1280,720
frame_39_56.jpg,Person,618,94,733,387,1280,720
frame_39_57.jpg,Person,618,94,733,388,1280,720
frame_39_58.jpg,Person,618,94,733,388,1280,720
frame_39_59.jpg,Person,618,94,733,388,1280,720
frame_39_60.jpg,Person,634,93,733,386,1280,720
frame_39_61.jpg,Person,639,92,734,373,1280,720
frame_39_62.jpg,Person,639,92,734,373,1280,720
frame_3_0.jpg,Person,172,150,251,346,480,360
frame_3_0.jpg,Person,215,64,262,174,480,360
frame_3_0.jpg,Person,384,166,475,314,480,360
frame_3_0.jpg,Person,411,108,477,197,480,360
frame_3_0.jpg,Person,72,129,154,316,480,360
frame_3_0.jpg,Person,67,88,122,163,480,360
frame_3_0.jpg,Person,32,129,154,316,480,360
frame_22_45.jpg,Person,101,36,185,225,640,360
frame_22_45.jpg,Person,190,67,271,300,640,360
frame_22_45.jpg,Person,265,78,330,183,640,360
frame_22_46.jpg,Person,193,72,271,300,640,360
frame_22_46.jpg,Person,101,36,185,225,640,360
frame_22_46.jpg,Person,265,77,330,182,640,360
frame_22_47.jpg,Person,192,69,271,300,640,360
frame_22_47.jpg,Person,101,36,185,225,640,360
frame_22_47.jpg,Person,264,77,331,184,640,360
frame_22_48.jpg,Person,162,76,257,305,640,360
frame_22_48.jpg,Person,97,38,190,226,640,360
frame_22_49.jpg,Person,98,38,189,225,640,360
frame_22_49.jpg,Person,162,71,247,305,640,360
frame_22_49.jpg,Person,242,78,329,191,640,360
frame_22_5.jpg,Person,147,26,218,220,640,360
frame_22_5.jpg,Person,264,78,335,188,640,360
frame_22_5.jpg,Person,403,62,505,241,640,360
frame_22_5.jpg,Person,211,48,259,125,640,360
frame_22_50.jpg,Person,163,69,247,305,640,360
frame_22_50.jpg,Person,97,38,190,226,640,360
frame_22_51.jpg,Person,98,36,186,226,640,360
frame_22_51.jpg,Person,163,52,253,305,640,360
frame_22_51.jpg,Person,161,80,331,306,640,360
frame_22_52.jpg,Person,158,50,253,305,640,360
frame_22_52.jpg,Person,98,36,180,225,640,360
frame_22_53.jpg,Person,158,54,252,305,640,360
frame_22_53.jpg,Person,97,36,179,225,640,360
frame_22_54.jpg,Person,157,68,255,306,640,360
frame_22_54.jpg,Person,96,38,181,225,640,360
frame_22_55.jpg,Person,153,67,259,308,640,360
frame_22_55.jpg,Person,95,37,167,225,640,360
frame_22_56.jpg,Person,114,73,240,306,640,360
frame_22_56.jpg,Person,235,79,331,200,640,360
frame_22_57.jpg,Person,115,65,241,306,640,360
frame_22_58.jpg,Person,117,62,240,305,640,360
frame_22_58.jpg,Person,115,76,167,225,640,360
frame_22_58.jpg,Person,234,79,331,201,640,360
frame_22_59.jpg,Person,113,83,221,307,640,360
frame_22_59.jpg,Person,107,75,260,307,640,360
frame_22_6.jpg,Person,147,26,218,220,640,360
frame_22_6.jpg,Person,264,77,336,188,640,360
frame_22_6.jpg,Person,405,62,504,241,640,360
frame_22_6.jpg,Person,209,48,259,127,640,360
frame_22_7.jpg,Person,147,26,219,220,640,360
frame_22_7.jpg,Person,266,78,335,186,640,360
frame_22_7.jpg,Person,401,62,505,241,640,360
frame_22_7.jpg,Person,209,47,259,126,640,360
frame_22_8.jpg,Person,400,60,499,243,640,360
frame_22_8.jpg,Person,147,25,219,220,640,360
frame_22_8.jpg,Person,264,78,335,188,640,360
frame_22_8.jpg,Person,208,48,259,127,640,360
frame_22_9.jpg,Person,384,62,480,254,640,360
frame_22_9.jpg,Person,147,26,219,220,640,360
frame_22_9.jpg,Person,266,78,335,186,640,360
frame_23_0.jpg,Person,326,56,352,128,640,360
frame_23_0.jpg,Person,60,134,130,204,640,360
frame_23_0.jpg,Person,148,189,297,284,640,360
frame_23_0.jpg,Person,188,105,255,164,640,360
frame_23_0.jpg,Person,128,169,297,288,640,360
frame_23_0.jpg,Person,306,106,335,141,640,360
frame_23_1.jpg,Person,326,56,352,128,640,360
frame_23_1.jpg,Person,60,134,130,203,640,360
frame_23_1.jpg,Person,148,190,297,285,640,360
frame_23_1.jpg,Person,128,169,297,289,640,360
frame_23_1.jpg,Person,188,105,254,165,640,360
frame_23_1.jpg,Person,306,106,335,141,640,360
frame_23_1.jpg,Person,171,103,192,126,640,360
frame_23_10.jpg,Person,318,54,347,129,640,360
frame_23_10.jpg,Person,127,170,299,286,640,360
frame_23_10.jpg,Person,66,134,130,195,640,360
frame_23_10.jpg,Person,150,191,298,285,640,360
frame_23_10.jpg,Person,188,105,254,164,640,360
frame_23_11.jpg,Person,318,55,347,129,640,360
frame_23_11.jpg,Person,128,169,298,286,640,360
frame_23_11.jpg,Person,66,134,130,195,640,360
frame_23_11.jpg,Person,188,105,254,165,640,360
frame_23_11.jpg,Person,292,106,336,157,640,360
frame_23_12.jpg,Person,318,55,347,129,640,360
frame_23_12.jpg,Person,127,169,298,286,640,360
frame_23_12.jpg,Person,64,134,130,198,640,360
frame_23_12.jpg,Person,188,104,254,163,640,360
frame_23_12.jpg,Person,291,106,335,158,640,360
frame_23_13.jpg,Person,318,55,347,128,640,360
frame_23_13.jpg,Person,127,170,298,286,640,360
frame_23_13.jpg,Person,66,134,130,194,640,360
frame_23_13.jpg,Person,291,106,335,158,640,360
frame_23_13.jpg,Person,188,105,253,164,640,360
frame_11_20.jpg,Person,883,215,1158,787,1920,1080
frame_11_20.jpg,Person,1202,219,1383,791,1920,1080
frame_11_21.jpg,Person,884,213,1147,786,1920,1080
frame_11_21.jpg,Person,1207,222,1395,790,1920,1080
frame_11_22.jpg,Person,886,213,1151,787,1920,1080
frame_11_22.jpg,Person,1188,222,1404,812,1920,1080
frame_11_23.jpg,Person,883,211,1138,786,1920,1080
frame_11_23.jpg,Person,1199,222,1415,825,1920,1080
frame_11_24.jpg,Person,877,212,1137,786,1920,1080
frame_11_24.jpg,Person,1209,224,1420,840,1920,1080
frame_11_25.jpg,Person,1210,233,1435,844,1920,1080
frame_11_25.jpg,Person,871,215,1149,785,1920,1080
frame_11_26.jpg,Person,866,216,1162,785,1920,1080
frame_11_26.jpg,Person,1209,245,1464,854,1920,1080
frame_11_27.jpg,Person,856,220,1155,785,1920,1080
frame_11_27.jpg,Person,1203,256,1487,854,1920,1080
frame_11_28.jpg,Person,845,230,1155,785,1920,1080
frame_11_28.jpg,Person,1225,271,1483,854,1920,1080
frame_11_29.jpg,Person,830,231,1160,785,1920,1080
frame_11_29.jpg,Person,1210,286,1472,887,1920,1080
frame_11_3.jpg,Person,1226,193,1491,702,1920,1080
frame_11_3.jpg,Person,874,214,1119,785,1920,1080
frame_11_30.jpg,Person,816,235,1153,786,1920,1080
frame_11_30.jpg,Person,1197,301,1452,926,1920,1080
frame_11_31.jpg,Person,808,236,1143,787,1920,1080
frame_11_31.jpg,Person,1184,304,1438,927,1920,1080
frame_11_32.jpg,Person,806,243,1143,810,1920,1080
frame_11_32.jpg,Person,1163,320,1435,960,1920,1080
frame_11_33.jpg,Person,810,251,1144,842,1920,1080
frame_11_33.jpg,Person,1144,349,1423,1067,1920,1080
frame_11_34.jpg,Person,1134,385,1431,1045,1920,1080
frame_11_34.jpg,Person,831,255,1144,799,1920,1080
frame_11_35.jpg,Person,1127,412,1439,1056,1920,1080
frame_11_35.jpg,Person,881,255,1157,750,1920,1080
frame_92_40.jpg,Person,58,43,79,99,636,360
frame_92_40.jpg,Person,78,43,96,88,636,360
frame_92_41.jpg,Person,60,42,78,99,636,360
frame_92_41.jpg,Person,75,40,96,89,636,360
frame_92_42.jpg,Person,58,42,77,104,636,360
frame_92_42.jpg,Person,74,41,95,89,636,360
frame_92_43.jpg,Person,57,43,76,103,636,360
frame_92_43.jpg,Person,73,43,94,91,636,360
frame_92_44.jpg,Person,57,43,76,103,636,360
frame_92_44.jpg,Person,72,43,93,90,636,360
frame_92_45.jpg,Person,58,42,78,101,636,360
frame_92_46.jpg,Person,57,42,74,101,636,360
frame_92_46.jpg,Person,70,45,88,89,636,360
frame_92_47.jpg,Person,56,43,78,101,636,360
frame_92_48.jpg,Person,55,43,78,101,636,360
frame_92_49.jpg,Person,56,43,74,97,636,360
frame_92_5.jpg,Person,125,21,162,135,636,360
frame_92_5.jpg,Person,72,54,101,154,636,360
frame_92_50.jpg,Person,57,43,75,96,636,360
frame_92_51.jpg,Person,53,42,73,97,636,360
frame_92_52.jpg,Person,54,42,74,97,636,360
frame_92_53.jpg,Person,54,43,74,97,636,360
frame_92_54.jpg,Person,53,44,72,97,636,360
frame_92_55.jpg,Person,53,46,72,98,636,360
frame_92_56.jpg,Person,53,46,72,99,636,360
frame_92_57.jpg,Person,54,47,74,99,636,360
frame_92_58.jpg,Person,52,47,74,99,636,360
frame_92_59.jpg,Person,51,46,71,98,636,360
frame_92_6.jpg,Person,126,25,158,128,636,360
frame_92_6.jpg,Person,71,59,100,146,636,360
frame_92_6.jpg,Person,79,1,93,38,636,360
frame_92_6.jpg,Person,66,42,91,100,636,360
frame_92_7.jpg,Person,124,32,155,128,636,360
frame_92_7.jpg,Person,70,56,101,143,636,360
frame_92_7.jpg,Person,78,2,93,38,636,360
frame_92_7.jpg,Person,64,41,90,101,636,360
frame_92_8.jpg,Person,124,32,156,128,636,360
frame_92_8.jpg,Person,70,56,101,141,636,360
frame_92_8.jpg,Person,64,40,90,101,636,360
frame_92_8.jpg,Person,78,2,93,38,636,360
frame_92_9.jpg,Person,118,36,150,127,636,360
frame_92_9.jpg,Person,76,57,100,143,636,360
frame_92_9.jpg,Person,60,42,87,101,636,360
frame_92_9.jpg,Person,78,2,93,38,636,360
frame_93_0.jpg,Person,238,7,289,117,480,360
frame_93_1.jpg,Person,238,7,289,117,480,360
frame_147_23.jpg,Person,366,78,399,177,640,360
frame_147_23.jpg,Person,336,57,363,143,640,360
frame_147_23.jpg,Person,274,50,302,131,640,360
frame_147_23.jpg,Person,315,58,341,135,640,360
frame_147_23.jpg,Person,289,33,314,94,640,360
frame_147_23.jpg,Person,342,39,355,65,640,360
frame_147_23.jpg,Person,270,46,286,111,640,360
frame_147_24.jpg,Person,366,78,399,177,640,360
frame_147_24.jpg,Person,336,56,363,142,640,360
frame_147_24.jpg,Person,272,49,301,131,640,360
frame_147_24.jpg,Person,314,58,341,136,640,360
frame_147_24.jpg,Person,289,33,315,94,640,360
frame_147_24.jpg,Person,341,40,355,66,640,360
frame_147_25.jpg,Person,366,78,399,177,640,360
frame_147_25.jpg,Person,336,56,364,143,640,360
frame_147_25.jpg,Person,272,49,302,131,640,360
frame_147_25.jpg,Person,314,59,341,139,640,360
frame_147_25.jpg,Person,289,33,314,94,640,360
frame_147_25.jpg,Person,341,40,354,66,640,360
frame_147_26.jpg,Person,366,78,399,177,640,360
frame_147_26.jpg,Person,336,57,364,143,640,360
frame_147_26.jpg,Person,271,49,300,131,640,360
frame_147_26.jpg,Person,315,58,341,141,640,360
frame_147_26.jpg,Person,289,33,314,94,640,360
frame_147_26.jpg,Person,341,39,355,67,640,360
frame_147_27.jpg,Person,366,79,399,177,640,360
frame_147_27.jpg,Person,271,49,300,130,640,360
frame_147_27.jpg,Person,336,57,363,143,640,360
frame_147_27.jpg,Person,315,59,341,142,640,360
frame_147_27.jpg,Person,290,33,314,94,640,360
frame_147_27.jpg,Person,341,39,355,66,640,360
frame_147_28.jpg,Person,335,56,363,143,640,360
frame_147_28.jpg,Person,366,79,399,177,640,360
frame_147_28.jpg,Person,271,48,299,129,640,360
frame_147_28.jpg,Person,315,59,341,142,640,360
frame_147_28.jpg,Person,291,33,315,94,640,360
frame_147_28.jpg,Person,340,39,355,68,640,360
frame_147_29.jpg,Person,336,56,364,143,640,360
frame_147_29.jpg,Person,366,79,399,177,640,360
frame_147_29.jpg,Person,271,48,299,129,640,360
frame_147_29.jpg,Person,315,59,341,142,640,360
frame_147_29.jpg,Person,291,33,314,94,640,360
frame_147_29.jpg,Person,340,39,355,68,640,360
frame_147_3.jpg,Person,366,79,399,176,640,360
frame_147_3.jpg,Person,309,52,339,127,640,360
frame_147_3.jpg,Person,273,52,302,134,640,360
frame_147_3.jpg,Person,334,51,358,129,640,360
frame_147_3.jpg,Person,289,32,315,94,640,360
frame_147_3.jpg,Person,341,40,355,64,640,360
frame_147_3.jpg,Person,263,45,284,110,640,360
frame_147_30.jpg,Person,335,57,363,145,640,360
frame_147_30.jpg,Person,366,79,399,177,640,360
frame_147_30.jpg,Person,270,50,298,130,640,360
frame_147_30.jpg,Person,291,33,315,94,640,360
frame_147_30.jpg,Person,314,60,341,143,640,360
frame_147_30.jpg,Person,340,39,355,68,640,360
frame_147_31.jpg,Person,335,58,363,148,640,360
frame_147_31.jpg,Person,271,48,297,129,640,360
frame_147_31.jpg,Person,366,79,399,177,640,360
frame_147_31.jpg,Person,312,61,342,144,640,360
frame_147_31.jpg,Person,290,34,313,95,640,360
frame_147_31.jpg,Person,340,40,356,72,640,360
frame_147_32.jpg,Person,334,58,364,149,640,360
frame_147_32.jpg,Person,366,79,399,177,640,360
frame_147_32.jpg,Person,270,48,297,129,640,360
frame_147_32.jpg,Person,292,34,314,95,640,360
frame_147_32.jpg,Person,311,62,340,146,640,360
frame_147_32.jpg,Person,339,40,356,72,640,360
frame_147_33.jpg,Person,366,79,399,177,640,360
frame_147_33.jpg,Person,334,58,364,151,640,360
frame_147_33.jpg,Person,292,34,314,95,640,360
frame_147_33.jpg,Person,311,61,339,146,640,360
frame_147_33.jpg,Person,269,48,297,129,640,360
frame_147_33.jpg,Person,339,39,356,72,640,360
frame_147_34.jpg,Person,333,60,362,153,640,360
frame_147_34.jpg,Person,365,79,399,177,640,360
frame_147_34.jpg,Person,291,34,313,95,640,360
frame_147_34.jpg,Person,311,62,341,146,640,360
frame_147_34.jpg,Person,267,49,297,129,640,360
frame_147_34.jpg,Person,338,40,356,73,640,360
frame_147_34.jpg,Person,306,39,323,94,640,360
frame_147_35.jpg,Person,365,79,399,177,640,360
frame_147_35.jpg,Person,333,61,362,153,640,360
frame_147_35.jpg,Person,291,34,313,95,640,360
frame_147_35.jpg,Person,311,62,341,146,640,360
frame_147_35.jpg,Person,267,49,297,129,640,360
frame_147_35.jpg,Person,339,40,356,73,640,360
frame_147_35.jpg,Person,306,41,323,95,640,360
frame_147_36.jpg,Person,366,79,399,177,640,360
frame_147_36.jpg,Person,334,60,363,153,640,360
frame_147_36.jpg,Person,309,62,340,146,640,360
frame_147_36.jpg,Person,292,34,313,95,640,360
frame_147_36.jpg,Person,267,49,297,129,640,360
frame_147_36.jpg,Person,339,40,357,73,640,360
frame_147_36.jpg,Person,306,39,324,95,640,360
frame_147_37.jpg,Person,366,79,399,177,640,360
frame_147_37.jpg,Person,333,62,362,153,640,360
frame_147_37.jpg,Person,310,63,338,147,640,360
frame_147_37.jpg,Person,292,33,314,94,640,360
frame_147_37.jpg,Person,266,50,295,130,640,360
frame_147_37.jpg,Person,341,40,357,75,640,360
frame_147_37.jpg,Person,306,41,324,95,640,360
frame_132_48.jpg,Person,543,192,681,403,1280,720
frame_132_48.jpg,Person,875,141,953,311,1280,720
frame_132_49.jpg,Person,517,192,657,406,1280,720
frame_132_49.jpg,Person,851,139,951,316,1280,720
frame_132_49.jpg,Person,604,194,681,327,1280,720
frame_132_50.jpg,Person,515,191,657,427,1280,720
frame_132_50.jpg,Person,851,139,942,319,1280,720
frame_132_51.jpg,Person,515,191,657,427,1280,720
frame_132_51.jpg,Person,851,139,942,318,1280,720
frame_132_52.jpg,Person,515,191,656,426,1280,720
frame_132_52.jpg,Person,851,140,942,320,1280,720
frame_132_53.jpg,Person,515,191,656,426,1280,720
frame_132_53.jpg,Person,851,139,942,318,1280,720
frame_132_54.jpg,Person,489,187,618,456,1280,720
frame_132_54.jpg,Person,835,136,928,318,1280,720
frame_132_55.jpg,Person,489,188,619,457,1280,720
frame_132_55.jpg,Person,833,136,928,319,1280,720
frame_132_56.jpg,Person,489,188,620,458,1280,720
frame_132_56.jpg,Person,834,135,928,318,1280,720
frame_132_57.jpg,Person,489,188,620,458,1280,720
frame_132_57.jpg,Person,833,135,928,318,1280,720
frame_132_58.jpg,Person,488,188,620,457,1280,720
frame_132_58.jpg,Person,832,135,928,318,1280,720
frame_132_59.jpg,Person,441,190,590,481,1280,720
frame_132_59.jpg,Person,811,133,913,314,1280,720
frame_63_19.jpg,Person,342,46,404,227,704,480
frame_63_19.jpg,Person,275,0,314,86,704,480
frame_63_2.jpg,Person,334,64,415,269,704,480
frame_63_2.jpg,Person,288,0,327,70,704,480
frame_63_20.jpg,Person,343,43,404,221,704,480
frame_63_20.jpg,Person,272,0,312,86,704,480
frame_63_21.jpg,Person,343,42,405,215,704,480
frame_63_21.jpg,Person,272,0,312,87,704,480
frame_63_22.jpg,Person,343,39,406,205,704,480
frame_63_22.jpg,Person,270,0,312,86,704,480
frame_63_23.jpg,Person,342,37,406,202,704,480
frame_63_23.jpg,Person,268,0,311,88,704,480
frame_63_24.jpg,Person,341,36,407,202,704,480
frame_63_24.jpg,Person,268,0,309,88,704,480
frame_63_25.jpg,Person,340,36,407,202,704,480
frame_63_25.jpg,Person,267,0,309,88,704,480
frame_63_26.jpg,Person,339,35,407,201,704,480
frame_63_26.jpg,Person,266,0,309,92,704,480
frame_63_27.jpg,Person,339,35,407,201,704,480
frame_63_27.jpg,Person,265,0,308,94,704,480
frame_63_28.jpg,Person,338,35,407,200,704,480
frame_63_28.jpg,Person,265,0,308,94,704,480
frame_63_29.jpg,Person,338,36,407,200,704,480
frame_63_29.jpg,Person,265,0,309,95,704,480
frame_63_3.jpg,Person,333,63,414,268,704,480
frame_63_3.jpg,Person,286,0,326,73,704,480
frame_63_30.jpg,Person,339,34,407,197,704,480
frame_63_30.jpg,Person,265,0,308,98,704,480
frame_63_31.jpg,Person,339,34,407,196,704,480
frame_63_31.jpg,Person,266,0,309,98,704,480
frame_63_32.jpg,Person,341,31,404,190,704,480
frame_63_32.jpg,Person,266,0,310,98,704,480
frame_63_33.jpg,Person,342,30,403,184,704,480
frame_63_33.jpg,Person,266,0,310,98,704,480
frame_63_34.jpg,Person,344,27,402,176,704,480
frame_63_34.jpg,Person,266,0,310,98,704,480
frame_63_35.jpg,Person,344,27,401,177,704,480
frame_63_35.jpg,Person,265,0,310,98,704,480
frame_63_36.jpg,Person,346,25,401,176,704,480
frame_63_36.jpg,Person,265,0,310,98,704,480
frame_63_37.jpg,Person,346,25,401,176,704,480
frame_63_37.jpg,Person,265,0,311,98,704,480
frame_63_38.jpg,Person,348,24,402,175,704,480
frame_63_38.jpg,Person,265,0,311,102,704,480
frame_63_39.jpg,Person,349,25,402,175,704,480
frame_63_39.jpg,Person,264,0,309,104,704,480
frame_63_4.jpg,Person,332,63,414,268,704,480
frame_63_4.jpg,Person,286,0,325,75,704,480
frame_63_5.jpg,Person,330,64,411,268,704,480
frame_63_5.jpg,Person,285,0,325,78,704,480
frame_63_6.jpg,Person,330,63,410,267,704,480
frame_63_6.jpg,Person,284,0,324,78,704,480
frame_63_7.jpg,Person,330,60,408,261,704,480
frame_63_7.jpg,Person,284,0,324,78,704,480
frame_35_20.jpg,Person,167,7,382,304,640,360
frame_35_20.jpg,Person,557,118,639,343,640,360
frame_35_20.jpg,Person,0,107,180,304,640,360
frame_35_21.jpg,Person,167,8,380,306,640,360
frame_35_21.jpg,Person,557,120,639,344,640,360
frame_35_21.jpg,Person,0,107,180,304,640,360
frame_35_21.jpg,Person,385,36,513,300,640,360
frame_35_21.jpg,Person,0,107,262,304,640,360
frame_35_22.jpg,Person,167,7,383,305,640,360
frame_35_22.jpg,Person,0,107,182,305,640,360
frame_35_22.jpg,Person,557,120,639,344,640,360
frame_35_23.jpg,Person,166,8,381,304,640,360
frame_35_23.jpg,Person,557,121,638,343,640,360
frame_35_23.jpg,Person,0,107,181,305,640,360
frame_35_23.jpg,Person,405,39,560,270,640,360
frame_35_24.jpg,Person,166,7,383,304,640,360
frame_35_24.jpg,Person,557,120,639,304,640,360
frame_35_24.jpg,Person,0,107,182,305,640,360
frame_35_24.jpg,Person,402,40,562,295,640,360
frame_35_25.jpg,Person,166,7,385,304,640,360
frame_35_25.jpg,Person,557,121,639,305,640,360
frame_35_25.jpg,Person,0,105,184,305,640,360
frame_35_25.jpg,Person,388,42,562,294,640,360
frame_35_26.jpg,Person,166,9,387,305,640,360
frame_35_26.jpg,Person,557,116,638,304,640,360
frame_35_26.jpg,Person,0,107,182,305,640,360
frame_35_26.jpg,Person,386,43,517,269,640,360
frame_35_26.jpg,Person,0,108,260,306,640,360
frame_35_27.jpg,Person,166,8,387,304,640,360
frame_35_27.jpg,Person,557,118,639,304,640,360
frame_35_27.jpg,Person,0,108,184,305,640,360
frame_35_27.jpg,Person,557,38,638,303,640,360
frame_35_28.jpg,Person,165,8,384,304,640,360
frame_35_28.jpg,Person,0,106,184,305,640,360
frame_35_28.jpg,Person,557,121,639,304,640,360
frame_35_28.jpg,Person,393,43,567,279,640,360
frame_35_28.jpg,Person,556,32,639,303,640,360
frame_35_29.jpg,Person,166,8,386,304,640,360
frame_35_29.jpg,Person,557,119,639,304,640,360
frame_35_29.jpg,Person,0,106,190,306,640,360
frame_35_29.jpg,Person,390,43,565,301,640,360
frame_35_3.jpg,Person,200,22,437,303,640,360
frame_35_3.jpg,Person,559,121,639,304,640,360
frame_35_3.jpg,Person,0,106,184,306,640,360
frame_35_3.jpg,Person,386,209,537,304,640,360
frame_35_3.jpg,Person,508,96,598,301,640,360
frame_35_3.jpg,Person,431,210,536,304,640,360
frame_35_30.jpg,Person,166,8,385,304,640,360
frame_35_30.jpg,Person,0,104,186,305,640,360
frame_35_30.jpg,Person,557,116,639,304,640,360
frame_35_30.jpg,Person,393,43,575,301,640,360
frame_35_31.jpg,Person,165,8,386,304,640,360
frame_35_31.jpg,Person,0,106,186,305,640,360
frame_35_31.jpg,Person,556,119,639,303,640,360
frame_35_31.jpg,Person,555,32,638,302,640,360
frame_35_32.jpg,Person,165,8,384,304,640,360
frame_35_32.jpg,Person,556,121,639,302,640,360
frame_35_32.jpg,Person,0,104,182,305,640,360
frame_35_32.jpg,Person,390,42,575,302,640,360
frame_35_32.jpg,Person,420,250,510,303,640,360
frame_35_33.jpg,Person,164,8,383,303,640,360
frame_35_33.jpg,Person,0,106,186,306,640,360
frame_35_33.jpg,Person,556,123,639,305,640,360
frame_35_33.jpg,Person,375,42,581,303,640,360
frame_35_33.jpg,Person,417,252,506,303,640,360
frame_35_34.jpg,Person,164,8,384,303,640,360
frame_35_34.jpg,Person,0,105,186,305,640,360
frame_35_34.jpg,Person,555,124,638,304,640,360
frame_35_34.jpg,Person,377,42,574,303,640,360
frame_35_34.jpg,Person,414,253,505,303,640,360
frame_35_35.jpg,Person,162,8,379,304,640,360
frame_35_35.jpg,Person,0,105,186,305,640,360
frame_35_35.jpg,Person,555,121,639,305,640,360
frame_35_35.jpg,Person,371,41,578,302,640,360
frame_35_35.jpg,Person,414,255,504,303,640,360
frame_109_14.jpg,Person,690,0,917,450,1280,720
frame_109_15.jpg,Person,692,0,913,479,1280,720
frame_109_16.jpg,Person,690,0,909,482,1280,720
frame_109_17.jpg,Person,691,0,907,482,1280,720
frame_109_18.jpg,Person,691,0,907,482,1280,720
frame_109_19.jpg,Person,691,1,905,483,1280,720
frame_109_2.jpg,Person,732,0,934,390,1280,720
frame_109_20.jpg,Person,688,0,904,483,1280,720
frame_109_21.jpg,Person,685,0,903,484,1280,720
frame_109_22.jpg,Person,679,1,903,485,1280,720
frame_109_23.jpg,Person,673,0,902,509,1280,720
frame_109_24.jpg,Person,674,0,903,509,1280,720
frame_109_25.jpg,Person,671,0,903,544,1280,720
frame_109_26.jpg,Person,666,0,903,567,1280,720
frame_109_27.jpg,Person,662,5,904,573,1280,720
frame_109_28.jpg,Person,658,16,903,584,1280,720
frame_109_29.jpg,Person,657,25,902,598,1280,720
frame_109_3.jpg,Person,732,0,932,390,1280,720
frame_109_30.jpg,Person,657,25,902,600,1280,720
frame_109_31.jpg,Person,657,33,903,621,1280,720
frame_50_29.jpg,Person,163,104,215,241,480,360
frame_50_29.jpg,Person,119,87,162,206,480,360
frame_50_29.jpg,Person,258,101,312,247,480,360
frame_50_29.jpg,Person,218,77,253,194,480,360
frame_50_29.jpg,Person,302,85,341,209,480,360
frame_50_29.jpg,Person,277,51,313,120,480,360
frame_50_29.jpg,Person,192,102,229,208,480,360
frame_50_29.jpg,Person,333,243,393,358,480,360
frame_50_3.jpg,Person,122,105,190,242,480,360
frame_50_3.jpg,Person,221,84,259,198,480,360
frame_50_3.jpg,Person,305,81,346,201,480,360
frame_50_3.jpg,Person,194,93,228,206,480,360
frame_50_3.jpg,Person,261,76,312,218,480,360
frame_50_3.jpg,Person,273,49,308,96,480,360
frame_50_3.jpg,Person,331,243,392,359,480,360
frame_50_3.jpg,Person,186,50,220,94,480,360
frame_50_3.jpg,Person,192,57,239,111,480,360
frame_50_3.jpg,Person,135,88,168,161,480,360
frame_50_30.jpg,Person,166,103,215,241,480,360
frame_50_30.jpg,Person,119,87,163,207,480,360
frame_50_30.jpg,Person,219,77,255,194,480,360
frame_50_30.jpg,Person,258,100,309,247,480,360
frame_50_30.jpg,Person,301,84,339,208,480,360
frame_50_30.jpg,Person,277,52,312,124,480,360
frame_50_30.jpg,Person,194,96,229,209,480,360
frame_50_30.jpg,Person,332,243,393,358,480,360
frame_50_30.jpg,Person,193,57,226,97,480,360
frame_50_31.jpg,Person,167,102,215,240,480,360
frame_50_31.jpg,Person,120,88,164,208,480,360
frame_50_31.jpg,Person,218,77,255,194,480,360
frame_50_31.jpg,Person,255,98,309,248,480,360
frame_50_31.jpg,Person,301,84,339,208,480,360
frame_50_31.jpg,Person,276,52,311,124,480,360
frame_50_31.jpg,Person,194,94,229,210,480,360
frame_50_31.jpg,Person,333,243,393,358,480,360
frame_50_32.jpg,Person,120,88,164,208,480,360
frame_50_32.jpg,Person,169,101,216,238,480,360
frame_50_32.jpg,Person,218,78,253,194,480,360
frame_50_32.jpg,Person,299,84,338,208,480,360
frame_50_32.jpg,Person,196,94,230,210,480,360
frame_50_32.jpg,Person,275,52,310,126,480,360
frame_50_32.jpg,Person,253,96,308,226,480,360
frame_50_32.jpg,Person,332,243,393,358,480,360
frame_50_32.jpg,Person,193,57,226,98,480,360
frame_50_33.jpg,Person,120,89,164,209,480,360
frame_50_33.jpg,Person,171,100,216,236,480,360
frame_50_33.jpg,Person,219,78,254,194,480,360
frame_50_33.jpg,Person,255,107,305,227,480,360
frame_50_33.jpg,Person,196,94,229,211,480,360
frame_50_33.jpg,Person,275,52,310,129,480,360
frame_50_33.jpg,Person,299,84,338,208,480,360
frame_50_33.jpg,Person,333,243,393,358,480,360
frame_50_34.jpg,Person,120,89,164,209,480,360
frame_50_34.jpg,Person,171,100,216,236,480,360
frame_50_34.jpg,Person,219,78,254,194,480,360
frame_50_34.jpg,Person,196,93,229,210,480,360
frame_50_34.jpg,Person,275,52,310,129,480,360
frame_50_34.jpg,Person,255,106,305,227,480,360
frame_50_34.jpg,Person,299,84,338,207,480,360
frame_50_34.jpg,Person,333,243,393,358,480,360
frame_50_35.jpg,Person,119,90,163,208,480,360
frame_50_35.jpg,Person,174,100,217,235,480,360
frame_50_35.jpg,Person,219,79,255,194,480,360
frame_50_35.jpg,Person,252,110,305,264,480,360
frame_50_35.jpg,Person,274,51,309,130,480,360
frame_50_35.jpg,Person,299,83,334,201,480,360
frame_50_35.jpg,Person,198,109,229,210,480,360
frame_50_35.jpg,Person,333,243,393,358,480,360
frame_50_36.jpg,Person,118,90,163,208,480,360
frame_50_36.jpg,Person,175,101,219,235,480,360
frame_50_36.jpg,Person,219,79,254,194,480,360
frame_50_36.jpg,Person,274,51,309,130,480,360
frame_50_36.jpg,Person,251,109,305,264,480,360
frame_50_36.jpg,Person,333,243,393,358,480,360
frame_50_36.jpg,Person,297,82,334,202,480,360
frame_50_36.jpg,Person,198,97,229,211,480,360
frame_50_37.jpg,Person,176,99,221,236,480,360
frame_50_37.jpg,Person,219,80,254,194,480,360
frame_50_37.jpg,Person,249,111,302,263,480,360
frame_50_37.jpg,Person,118,93,164,208,480,360
frame_50_37.jpg,Person,272,51,308,130,480,360
frame_50_37.jpg,Person,295,82,333,208,480,360
frame_50_37.jpg,Person,333,243,393,358,480,360
frame_50_38.jpg,Person,117,91,164,208,480,360
frame_50_38.jpg,Person,178,99,221,237,480,360
frame_50_38.jpg,Person,219,80,252,194,480,360
frame_50_38.jpg,Person,247,111,302,267,480,360
frame_50_38.jpg,Person,271,52,309,132,480,360
frame_50_38.jpg,Person,294,81,331,207,480,360
frame_50_38.jpg,Person,333,242,393,357,480,360
frame_50_38.jpg,Person,200,99,230,211,480,360
frame_50_39.jpg,Person,117,91,163,208,480,360
frame_50_39.jpg,Person,178,99,221,237,480,360
frame_50_39.jpg,Person,247,112,301,267,480,360
frame_50_39.jpg,Person,219,80,252,194,480,360
frame_50_39.jpg,Person,271,51,309,132,480,360
frame_50_39.jpg,Person,294,81,331,206,480,360
frame_50_39.jpg,Person,199,97,229,211,480,360
frame_50_4.jpg,Person,122,105,190,242,480,360
frame_50_4.jpg,Person,221,84,259,198,480,360
frame_50_4.jpg,Person,305,80,346,201,480,360
frame_50_4.jpg,Person,194,93,228,206,480,360
frame_50_4.jpg,Person,261,77,312,216,480,360
frame_50_4.jpg,Person,273,50,308,97,480,360
frame_50_4.jpg,Person,331,243,392,359,480,360
frame_50_4.jpg,Person,186,50,220,94,480,360
frame_50_4.jpg,Person,192,57,239,111,480,360
frame_50_4.jpg,Person,136,88,169,161,480,360
frame_50_40.jpg,Person,115,92,163,207,480,360
frame_50_40.jpg,Person,180,109,231,235,480,360
frame_50_40.jpg,Person,240,115,297,267,480,360
frame_50_40.jpg,Person,220,80,250,194,480,360
frame_50_40.jpg,Person,270,52,307,137,480,360
frame_50_40.jpg,Person,294,79,328,205,480,360
frame_50_40.jpg,Person,324,122,362,177,480,360
frame_50_40.jpg,Person,203,113,231,208,480,360
frame_50_41.jpg,Person,115,93,163,208,480,360
frame_50_41.jpg,Person,180,105,233,234,480,360
frame_50_41.jpg,Person,239,115,296,266,480,360
frame_50_41.jpg,Person,293,80,327,204,480,360
frame_50_41.jpg,Person,270,52,308,138,480,360
frame_50_41.jpg,Person,220,80,250,194,480,360
frame_50_41.jpg,Person,324,123,362,178,480,360
frame_50_41.jpg,Person,335,243,393,356,480,360
frame_50_42.jpg,Person,113,93,163,208,480,360
frame_50_42.jpg,Person,181,108,236,234,480,360
frame_50_42.jpg,Person,234,117,295,268,480,360
frame_50_42.jpg,Person,292,80,325,205,480,360
frame_50_42.jpg,Person,269,52,309,140,480,360
frame_50_42.jpg,Person,321,122,361,178,480,360
frame_50_42.jpg,Person,219,80,245,188,480,360
frame_50_42.jpg,Person,334,243,393,356,480,360
frame_50_43.jpg,Person,113,93,163,208,480,360
frame_50_43.jpg,Person,235,115,295,268,480,360
frame_50_43.jpg,Person,182,98,231,229,480,360
frame_50_43.jpg,Person,269,51,309,140,480,360
frame_50_43.jpg,Person,291,76,324,205,480,360
frame_50_43.jpg,Person,325,122,361,178,480,360
frame_50_43.jpg,Person,333,243,392,357,480,360
frame_50_43.jpg,Person,219,80,245,185,480,360
frame_50_44.jpg,Person,113,93,163,208,480,360
frame_50_44.jpg,Person,233,115,294,268,480,360
frame_50_44.jpg,Person,182,98,239,233,480,360
frame_50_44.jpg,Person,290,76,323,205,480,360
frame_50_44.jpg,Person,269,52,308,140,480,360
frame_50_44.jpg,Person,321,122,360,178,480,360
frame_50_44.jpg,Person,333,243,392,357,480,360
frame_50_44.jpg,Person,220,80,245,184,480,360
frame_50_45.jpg,Person,112,94,162,208,480,360
frame_50_45.jpg,Person,184,100,233,227,480,360
frame_50_45.jpg,Person,286,80,322,206,480,360
frame_50_45.jpg,Person,269,52,308,140,480,360
frame_50_45.jpg,Person,230,118,290,262,480,360
frame_50_45.jpg,Person,319,121,361,178,480,360
frame_50_45.jpg,Person,333,242,392,357,480,360
frame_50_45.jpg,Person,193,56,226,117,480,360
frame_50_46.jpg,Person,112,94,162,208,480,360
frame_50_46.jpg,Person,185,110,234,228,480,360
frame_50_46.jpg,Person,284,79,321,204,480,360
frame_50_46.jpg,Person,228,117,289,268,480,360
frame_50_46.jpg,Person,269,52,308,137,480,360
frame_50_46.jpg,Person,319,121,361,178,480,360
frame_50_46.jpg,Person,193,56,227,115,480,360
frame_50_46.jpg,Person,333,243,392,357,480,360
frame_50_47.jpg,Person,110,94,161,208,480,360
frame_50_47.jpg,Person,224,117,286,270,480,360
frame_50_47.jpg,Person,187,104,233,227,480,360
frame_50_47.jpg,Person,280,79,319,197,480,360
frame_50_47.jpg,Person,268,52,307,135,480,360
frame_50_47.jpg,Person,193,56,227,115,480,360
frame_50_47.jpg,Person,218,80,246,127,480,360
frame_50_47.jpg,Person,333,242,392,355,480,360
frame_50_48.jpg,Person,110,94,159,208,480,360
frame_50_48.jpg,Person,281,79,318,196,480,360
frame_50_48.jpg,Person,188,96,231,228,480,360
frame_50_48.jpg,Person,222,116,285,269,480,360
frame_50_48.jpg,Person,269,52,307,131,480,360
frame_50_48.jpg,Person,219,80,246,125,480,360
frame_50_48.jpg,Person,333,243,392,357,480,360
frame_50_48.jpg,Person,194,56,228,115,480,360
frame_50_49.jpg,Person,111,95,159,208,480,360
frame_50_49.jpg,Person,281,79,319,196,480,360
frame_50_49.jpg,Person,188,96,237,231,480,360
frame_50_49.jpg,Person,224,114,286,269,480,360
frame_50_49.jpg,Person,269,54,307,132,480,360
frame_50_49.jpg,Person,219,80,246,124,480,360
frame_50_49.jpg,Person,335,243,393,355,480,360
frame_50_5.jpg,Person,125,105,190,242,480,360
frame_50_5.jpg,Person,221,84,259,197,480,360
frame_50_5.jpg,Person,192,93,227,207,480,360
frame_50_5.jpg,Person,305,80,346,201,480,360
frame_50_5.jpg,Person,260,83,312,219,480,360
frame_50_5.jpg,Person,273,50,309,99,480,360
frame_50_5.jpg,Person,331,243,392,359,480,360
frame_50_5.jpg,Person,185,50,220,96,480,360
frame_50_5.jpg,Person,194,53,243,117,480,360
frame_50_5.jpg,Person,134,88,168,154,480,360
frame_18_52.jpg,Person,334,70,397,186,640,360
frame_18_52.jpg,Person,230,13,266,120,640,360
frame_18_52.jpg,Person,366,42,419,168,640,360
frame_18_52.jpg,Person,263,22,293,124,640,360
frame_18_52.jpg,Person,368,7,398,50,640,360
frame_18_52.jpg,Person,363,7,398,72,640,360
frame_18_53.jpg,Person,230,15,265,120,640,360
frame_18_53.jpg,Person,333,69,396,185,640,360
frame_18_53.jpg,Person,366,42,420,167,640,360
frame_18_53.jpg,Person,262,21,293,121,640,360
frame_18_53.jpg,Person,368,7,398,50,640,360
frame_18_54.jpg,Person,230,15,265,120,640,360
frame_18_54.jpg,Person,334,69,396,185,640,360
frame_18_54.jpg,Person,366,42,421,167,640,360
frame_18_54.jpg,Person,264,22,294,120,640,360
frame_18_54.jpg,Person,368,8,398,50,640,360
frame_18_55.jpg,Person,230,13,265,120,640,360
frame_18_55.jpg,Person,335,69,397,186,640,360
frame_18_55.jpg,Person,367,42,421,167,640,360
frame_18_55.jpg,Person,265,21,297,121,640,360
frame_18_55.jpg,Person,368,7,398,48,640,360
frame_18_56.jpg,Person,230,14,267,119,640,360
frame_18_56.jpg,Person,335,69,397,185,640,360
frame_18_56.jpg,Person,366,43,419,167,640,360
frame_18_56.jpg,Person,367,8,398,50,640,360
frame_18_56.jpg,Person,265,21,297,121,640,360
frame_18_56.jpg,Person,268,21,296,80,640,360
frame_18_57.jpg,Person,229,14,266,119,640,360
frame_18_57.jpg,Person,334,69,397,184,640,360
frame_18_57.jpg,Person,365,43,418,167,640,360
frame_18_57.jpg,Person,264,21,299,121,640,360
frame_18_57.jpg,Person,367,8,398,51,640,360
frame_18_58.jpg,Person,229,14,266,119,640,360
frame_18_58.jpg,Person,334,69,397,184,640,360
frame_18_58.jpg,Person,366,43,418,166,640,360
frame_18_58.jpg,Person,264,21,299,122,640,360
frame_18_58.jpg,Person,367,8,398,51,640,360
frame_18_59.jpg,Person,229,14,266,119,640,360
frame_18_59.jpg,Person,334,69,397,185,640,360
frame_18_59.jpg,Person,366,43,418,167,640,360
frame_18_59.jpg,Person,264,21,299,121,640,360
frame_18_59.jpg,Person,368,8,398,49,640,360
frame_18_6.jpg,Person,230,15,264,121,640,360
frame_18_6.jpg,Person,367,42,416,168,640,360
frame_18_6.jpg,Person,333,69,395,186,640,360
frame_18_6.jpg,Person,153,41,205,161,640,360
frame_18_60.jpg,Person,230,14,266,119,640,360
frame_18_60.jpg,Person,333,69,396,185,640,360
frame_18_60.jpg,Person,366,42,419,167,640,360
frame_18_60.jpg,Person,264,20,301,119,640,360
frame_18_60.jpg,Person,368,8,398,51,640,360
frame_18_61.jpg,Person,229,14,266,119,640,360
frame_18_61.jpg,Person,334,69,398,185,640,360
frame_18_61.jpg,Person,365,43,418,166,640,360
frame_18_61.jpg,Person,367,8,398,54,640,360
frame_18_62.jpg,Person,230,14,266,119,640,360
frame_18_62.jpg,Person,334,68,398,184,640,360
frame_18_62.jpg,Person,365,44,416,166,640,360
frame_18_62.jpg,Person,367,8,399,54,640,360
frame_18_63.jpg,Person,229,14,265,119,640,360
frame_18_63.jpg,Person,333,67,399,184,640,360
frame_18_63.jpg,Person,365,43,418,167,640,360
frame_18_63.jpg,Person,265,21,312,118,640,360
frame_18_64.jpg,Person,333,68,399,185,640,360
frame_18_64.jpg,Person,229,14,267,119,640,360
frame_18_64.jpg,Person,364,41,419,166,640,360
frame_18_65.jpg,Person,333,67,399,184,640,360
frame_18_65.jpg,Person,229,14,267,119,640,360
frame_18_65.jpg,Person,365,41,421,167,640,360
frame_18_66.jpg,Person,333,66,398,185,640,360
frame_18_66.jpg,Person,365,41,420,167,640,360
frame_18_66.jpg,Person,229,15,266,119,640,360
frame_18_66.jpg,Person,367,8,398,55,640,360
frame_18_67.jpg,Person,229,14,265,119,640,360
frame_18_67.jpg,Person,334,66,398,185,640,360
frame_18_67.jpg,Person,366,42,418,166,640,360
frame_18_68.jpg,Person,230,14,266,119,640,360
frame_18_68.jpg,Person,333,65,398,187,640,360
frame_18_68.jpg,Person,364,37,419,167,640,360
frame_18_7.jpg,Person,230,14,264,120,640,360
frame_18_7.jpg,Person,368,41,416,168,640,360
frame_18_7.jpg,Person,332,68,396,185,640,360
frame_18_7.jpg,Person,157,41,205,161,640,360
frame_18_8.jpg,Person,230,14,264,120,640,360
frame_18_8.jpg,Person,369,41,417,168,640,360
frame_18_8.jpg,Person,332,69,396,186,640,360
frame_18_8.jpg,Person,154,40,204,160,640,360
frame_26_35.jpg,Person,240,177,318,358,640,360
frame_26_35.jpg,Person,299,72,379,283,640,360
frame_26_35.jpg,Person,169,97,227,289,640,360
frame_26_35.jpg,Person,224,82,298,217,640,360
frame_26_35.jpg,Person,248,1,303,127,640,360
frame_26_35.jpg,Person,130,225,187,358,640,360
frame_26_36.jpg,Person,247,177,323,359,640,360
frame_26_36.jpg,Person,297,71,375,282,640,360
frame_26_36.jpg,Person,225,80,299,228,640,360
frame_26_36.jpg,Person,168,94,227,288,640,360
frame_26_36.jpg,Person,248,0,303,129,640,360
frame_26_36.jpg,Person,130,225,187,358,640,360
frame_26_37.jpg,Person,246,176,321,358,640,360
frame_26_37.jpg,Person,298,71,375,282,640,360
frame_26_37.jpg,Person,225,80,299,229,640,360
frame_26_37.jpg,Person,168,95,227,289,640,360
frame_26_37.jpg,Person,248,1,303,131,640,360
frame_26_37.jpg,Person,130,225,188,358,640,360
frame_26_38.jpg,Person,246,176,321,358,640,360
frame_26_38.jpg,Person,298,72,375,283,640,360
frame_26_38.jpg,Person,225,80,299,228,640,360
frame_26_38.jpg,Person,168,94,227,288,640,360
frame_26_38.jpg,Person,248,0,303,129,640,360
frame_26_38.jpg,Person,130,225,188,358,640,360
frame_26_39.jpg,Person,249,175,326,358,640,360
frame_26_39.jpg,Person,291,70,371,277,640,360
frame_26_39.jpg,Person,248,0,303,123,640,360
frame_26_39.jpg,Person,226,78,295,237,640,360
frame_26_39.jpg,Person,167,92,230,277,640,360
frame_26_39.jpg,Person,131,225,189,358,640,360
frame_26_4.jpg,Person,248,0,317,165,640,360
frame_26_4.jpg,Person,319,96,391,311,640,360
frame_26_4.jpg,Person,197,173,289,358,640,360
frame_26_4.jpg,Person,231,102,278,225,640,360
frame_26_4.jpg,Person,163,114,226,303,640,360
frame_26_4.jpg,Person,128,225,186,358,640,360
frame_26_40.jpg,Person,249,175,326,358,640,360
frame_26_40.jpg,Person,291,70,371,277,640,360
frame_26_40.jpg,Person,248,1,303,124,640,360
frame_26_40.jpg,Person,226,77,295,234,640,360
frame_26_40.jpg,Person,168,92,229,277,640,360
frame_26_41.jpg,Person,249,175,326,358,640,360
frame_26_41.jpg,Person,291,70,371,277,640,360
frame_26_41.jpg,Person,248,0,303,125,640,360
frame_26_41.jpg,Person,226,78,295,235,640,360
frame_26_41.jpg,Person,168,92,229,277,640,360
frame_26_42.jpg,Person,266,169,342,357,640,360
frame_26_42.jpg,Person,248,1,303,113,640,360
frame_26_42.jpg,Person,288,63,363,262,640,360
frame_26_42.jpg,Person,234,78,289,271,640,360
frame_26_42.jpg,Person,168,88,242,273,640,360
frame_26_42.jpg,Person,130,225,190,358,640,360
frame_26_43.jpg,Person,266,169,342,357,640,360
frame_26_43.jpg,Person,248,1,303,113,640,360
frame_26_43.jpg,Person,288,63,364,262,640,360
frame_26_43.jpg,Person,234,78,289,271,640,360
frame_26_43.jpg,Person,168,88,242,273,640,360
frame_26_43.jpg,Person,130,225,189,358,640,360
frame_26_44.jpg,Person,266,169,342,357,640,360
frame_26_44.jpg,Person,248,1,303,113,640,360
frame_26_44.jpg,Person,288,63,363,263,640,360
frame_26_44.jpg,Person,234,78,289,271,640,360
frame_26_44.jpg,Person,168,88,242,273,640,360
frame_26_44.jpg,Person,130,225,189,358,640,360
frame_26_45.jpg,Person,270,168,348,358,640,360
frame_26_45.jpg,Person,287,62,363,263,640,360
frame_26_45.jpg,Person,248,1,303,111,640,360
frame_26_45.jpg,Person,239,76,291,271,640,360
frame_26_45.jpg,Person,168,87,241,272,640,360
frame_26_46.jpg,Person,270,168,348,357,640,360
frame_26_46.jpg,Person,287,63,363,263,640,360
frame_26_46.jpg,Person,248,1,303,111,640,360
frame_26_46.jpg,Person,239,78,291,272,640,360
frame_26_46.jpg,Person,168,87,241,273,640,360
frame_26_47.jpg,Person,270,168,348,357,640,360
frame_26_47.jpg,Person,287,62,363,263,640,360
frame_26_47.jpg,Person,248,0,303,112,640,360
frame_26_47.jpg,Person,168,87,241,272,640,360
frame_26_47.jpg,Person,240,78,292,271,640,360
frame_26_48.jpg,Person,274,167,348,356,640,360
frame_26_48.jpg,Person,291,62,363,257,640,360
frame_26_48.jpg,Person,243,73,295,261,640,360
frame_26_48.jpg,Person,170,84,242,269,640,360
frame_26_48.jpg,Person,248,1,303,107,640,360
frame_26_48.jpg,Person,130,225,189,358,640,360
frame_26_49.jpg,Person,274,167,346,357,640,360
frame_26_49.jpg,Person,290,62,363,257,640,360
frame_26_49.jpg,Person,243,73,295,261,640,360
frame_26_49.jpg,Person,170,84,242,269,640,360
frame_26_49.jpg,Person,248,0,303,107,640,360
frame_26_49.jpg,Person,130,225,189,358,640,360
frame_26_5.jpg,Person,248,0,317,165,640,360
frame_26_5.jpg,Person,319,96,390,312,640,360
frame_26_5.jpg,Person,200,173,289,358,640,360
frame_26_5.jpg,Person,231,102,278,225,640,360
frame_26_5.jpg,Person,163,114,226,303,640,360
frame_26_50.jpg,Person,273,167,348,356,640,360
frame_26_50.jpg,Person,290,62,363,257,640,360
frame_26_50.jpg,Person,243,73,295,261,640,360
frame_26_50.jpg,Person,170,84,242,269,640,360
frame_26_50.jpg,Person,248,1,303,107,640,360
frame_26_50.jpg,Person,130,225,190,358,640,360
frame_26_51.jpg,Person,275,167,353,356,640,360
frame_26_51.jpg,Person,247,70,302,251,640,360
frame_26_51.jpg,Person,299,62,363,252,640,360
frame_26_51.jpg,Person,171,80,243,267,640,360
frame_26_51.jpg,Person,248,0,303,104,640,360
frame_26_52.jpg,Person,274,167,349,356,640,360
frame_26_52.jpg,Person,247,70,302,251,640,360
frame_26_52.jpg,Person,298,62,363,251,640,360
frame_26_52.jpg,Person,248,0,303,104,640,360
frame_26_52.jpg,Person,171,80,243,267,640,360
frame_26_53.jpg,Person,274,167,353,356,640,360
frame_26_53.jpg,Person,247,70,302,251,640,360
frame_26_53.jpg,Person,298,62,363,251,640,360
frame_26_53.jpg,Person,171,80,243,267,640,360
frame_26_53.jpg,Person,248,0,303,104,640,360
frame_26_54.jpg,Person,174,78,246,258,640,360
frame_26_54.jpg,Person,281,168,355,358,640,360
frame_26_54.jpg,Person,248,0,303,99,640,360
frame_26_54.jpg,Person,300,58,364,254,640,360
frame_26_54.jpg,Person,250,65,302,254,640,360
frame_26_55.jpg,Person,174,78,246,258,640,360
frame_26_55.jpg,Person,280,168,353,357,640,360
frame_26_55.jpg,Person,248,1,303,99,640,360
frame_26_55.jpg,Person,300,58,364,254,640,360
frame_26_55.jpg,Person,250,65,302,254,640,360
frame_80_23.jpg,Person,180,29,196,56,320,240
frame_80_23.jpg,Person,303,10,319,38,320,240
frame_80_23.jpg,Person,104,1,127,42,320,240
frame_80_23.jpg,Person,112,44,129,70,320,240
frame_80_23.jpg,Person,220,0,244,24,320,240
frame_80_23.jpg,Person,127,57,142,93,320,240
frame_80_23.jpg,Person,129,57,143,85,320,240
frame_80_24.jpg,Person,303,9,319,39,320,240
frame_80_24.jpg,Person,179,30,197,57,320,240
frame_80_24.jpg,Person,104,1,127,42,320,240
frame_80_24.jpg,Person,127,57,142,93,320,240
frame_80_24.jpg,Person,106,44,128,86,320,240
frame_80_24.jpg,Person,220,0,244,24,320,240
frame_80_24.jpg,Person,55,12,72,59,320,240
frame_80_25.jpg,Person,301,9,318,39,320,240
frame_80_25.jpg,Person,105,1,128,42,320,240
frame_80_25.jpg,Person,178,30,196,57,320,240
frame_80_25.jpg,Person,122,57,142,94,320,240
frame_80_25.jpg,Person,220,0,244,24,320,240
frame_80_26.jpg,Person,301,7,319,39,320,240
frame_80_26.jpg,Person,177,31,196,57,320,240
frame_80_26.jpg,Person,105,0,128,41,320,240
frame_80_26.jpg,Person,122,58,142,95,320,240
frame_80_26.jpg,Person,220,0,244,24,320,240
frame_80_27.jpg,Person,303,7,318,40,320,240
frame_80_27.jpg,Person,105,0,128,42,320,240
frame_80_27.jpg,Person,177,31,195,56,320,240
frame_80_27.jpg,Person,120,59,141,95,320,240
frame_80_27.jpg,Person,220,0,244,24,320,240
frame_80_27.jpg,Person,56,13,72,59,320,240
frame_80_28.jpg,Person,303,7,318,39,320,240
frame_80_28.jpg,Person,105,0,128,42,320,240
frame_80_28.jpg,Person,177,31,195,56,320,240
frame_80_28.jpg,Person,220,0,244,24,320,240
frame_80_28.jpg,Person,108,45,123,68,320,240
frame_80_28.jpg,Person,56,13,72,59,320,240
frame_80_29.jpg,Person,176,32,194,57,320,240
frame_80_29.jpg,Person,105,0,128,42,320,240
frame_80_29.jpg,Person,304,7,319,39,320,240
frame_80_29.jpg,Person,119,60,140,96,320,240
frame_80_29.jpg,Person,220,0,244,24,320,240
frame_80_29.jpg,Person,55,13,72,59,320,240
frame_80_30.jpg,Person,303,6,319,39,320,240
frame_80_30.jpg,Person,105,0,128,42,320,240
frame_80_30.jpg,Person,176,33,193,58,320,240
frame_80_30.jpg,Person,220,0,244,24,320,240
frame_80_30.jpg,Person,119,61,138,97,320,240
frame_80_31.jpg,Person,304,7,319,39,320,240
frame_80_31.jpg,Person,175,32,191,57,320,240
frame_80_31.jpg,Person,105,1,128,43,320,240
frame_80_31.jpg,Person,118,60,135,97,320,240
frame_80_31.jpg,Person,104,45,119,68,320,240
frame_80_31.jpg,Person,220,0,244,24,320,240
frame_80_32.jpg,Person,304,6,319,39,320,240
frame_80_32.jpg,Person,175,34,190,58,320,240
frame_80_32.jpg,Person,105,0,128,42,320,240
frame_80_32.jpg,Person,117,61,137,97,320,240
frame_80_32.jpg,Person,103,46,118,68,320,240
frame_80_32.jpg,Person,220,0,244,24,320,240
frame_80_33.jpg,Person,303,7,319,39,320,240
frame_80_33.jpg,Person,105,1,128,42,320,240
frame_80_33.jpg,Person,120,61,133,90,320,240
frame_80_33.jpg,Person,174,34,187,59,320,240
frame_80_33.jpg,Person,102,46,117,68,320,240
frame_80_33.jpg,Person,220,0,244,24,320,240
frame_80_33.jpg,Person,55,11,72,58,320,240
frame_80_34.jpg,Person,303,8,319,40,320,240
frame_80_34.jpg,Person,119,61,132,90,320,240
frame_80_34.jpg,Person,105,0,128,41,320,240
frame_80_35.jpg,Person,301,8,318,40,320,240
frame_80_35.jpg,Person,105,1,128,42,320,240
frame_80_35.jpg,Person,118,61,131,88,320,240
frame_80_36.jpg,Person,300,8,319,42,320,240
frame_80_36.jpg,Person,105,1,128,43,320,240
frame_80_36.jpg,Person,100,47,115,69,320,240
frame_80_36.jpg,Person,220,0,244,24,320,240
frame_80_36.jpg,Person,117,62,130,86,320,240
frame_80_37.jpg,Person,299,9,318,41,320,240
frame_80_37.jpg,Person,105,0,128,42,320,240
frame_80_37.jpg,Person,111,62,129,99,320,240
frame_80_37.jpg,Person,116,62,129,96,320,240
frame_80_37.jpg,Person,220,0,244,24,320,240
frame_80_38.jpg,Person,300,9,318,39,320,240
frame_80_38.jpg,Person,105,1,128,43,320,240
frame_80_38.jpg,Person,170,37,183,60,320,240
frame_80_38.jpg,Person,115,63,128,93,320,240
frame_80_39.jpg,Person,299,8,317,37,320,240
frame_80_39.jpg,Person,114,63,128,95,320,240
frame_80_39.jpg,Person,167,38,182,60,320,240
frame_80_39.jpg,Person,105,0,128,42,320,240
frame_80_4.jpg,Person,198,28,212,57,320,240
frame_80_4.jpg,Person,145,52,158,86,320,240
frame_80_4.jpg,Person,104,1,127,42,320,240
frame_80_4.jpg,Person,55,14,72,58,320,240
frame_80_40.jpg,Person,298,9,316,38,320,240
frame_80_40.jpg,Person,105,0,128,42,320,240
frame_80_40.jpg,Person,166,38,182,61,320,240
frame_80_40.jpg,Person,111,63,129,98,320,240
frame_80_40.jpg,Person,89,59,111,88,320,240
frame_80_40.jpg,Person,220,0,244,24,320,240
frame_80_40.jpg,Person,56,12,72,59,320,240
frame_80_41.jpg,Person,110,63,128,96,320,240
frame_80_41.jpg,Person,298,9,316,38,320,240
frame_80_41.jpg,Person,164,38,181,61,320,240
frame_80_41.jpg,Person,105,0,128,42,320,240
frame_80_41.jpg,Person,55,13,72,58,320,240
frame_80_42.jpg,Person,107,64,128,100,320,240
frame_80_42.jpg,Person,164,38,182,61,320,240
frame_80_42.jpg,Person,105,0,128,42,320,240
frame_80_42.jpg,Person,297,10,315,40,320,240
frame_80_42.jpg,Person,56,13,72,58,320,240
frame_80_43.jpg,Person,106,64,128,101,320,240
frame_80_43.jpg,Person,105,0,128,42,320,240
frame_80_43.jpg,Person,162,38,181,61,320,240
frame_80_43.jpg,Person,292,10,314,44,320,240
frame_80_43.jpg,Person,56,14,72,58,320,240
frame_80_44.jpg,Person,106,64,128,99,320,240
frame_80_44.jpg,Person,105,0,128,42,320,240
frame_80_44.jpg,Person,162,38,182,61,320,240
frame_80_44.jpg,Person,296,10,313,38,320,240
frame_80_44.jpg,Person,56,13,72,58,320,240
frame_80_44.jpg,Person,91,47,106,70,320,240
frame_80_45.jpg,Person,105,65,128,101,320,240
frame_80_45.jpg,Person,104,1,127,43,320,240
frame_80_45.jpg,Person,55,13,72,59,320,240
frame_80_45.jpg,Person,163,39,181,61,320,240
frame_80_45.jpg,Person,90,47,105,70,320,240
frame_122_57.jpg,Person,311,26,595,569,1280,720
frame_122_57.jpg,Person,162,202,336,653,1280,720
frame_122_57.jpg,Person,0,72,46,287,1280,720
frame_122_58.jpg,Person,314,25,597,575,1280,720
frame_122_58.jpg,Person,179,206,357,651,1280,720
frame_122_58.jpg,Person,0,73,44,287,1280,720
frame_122_59.jpg,Person,319,18,598,569,1280,720
frame_122_59.jpg,Person,0,72,44,285,1280,720
frame_122_59.jpg,Person,184,209,375,650,1280,720
frame_122_6.jpg,Person,294,25,577,623,1280,720
frame_122_7.jpg,Person,301,26,590,624,1280,720
frame_122_7.jpg,Person,3,63,100,344,1280,720
frame_122_8.jpg,Person,310,34,598,623,1280,720
frame_122_8.jpg,Person,0,65,101,345,1280,720
frame_122_9.jpg,Person,312,29,605,624,1280,720
frame_122_9.jpg,Person,0,66,94,346,1280,720
frame_123_0.jpg,Person,539,193,725,463,1280,720
frame_123_0.jpg,Person,334,190,572,714,1280,720
frame_123_1.jpg,Person,539,192,726,460,1280,720
frame_123_1.jpg,Person,333,191,561,714,1280,720
frame_123_10.jpg,Person,330,189,551,714,1280,720
frame_123_10.jpg,Person,546,182,731,451,1280,720
frame_123_11.jpg,Person,329,189,552,715,1280,720
frame_123_11.jpg,Person,547,182,733,451,1280,720
frame_123_12.jpg,Person,329,188,554,715,1280,720
frame_123_12.jpg,Person,547,181,735,451,1280,720
frame_123_13.jpg,Person,329,189,555,715,1280,720
frame_123_13.jpg,Person,545,180,736,449,1280,720
frame_123_14.jpg,Person,329,189,565,715,1280,720
frame_123_14.jpg,Person,544,180,737,450,1280,720
frame_123_15.jpg,Person,328,190,585,716,1280,720
frame_123_15.jpg,Person,548,179,737,449,1280,720
frame_123_16.jpg,Person,330,190,593,715,1280,720
frame_123_16.jpg,Person,546,179,739,447,1280,720
frame_123_17.jpg,Person,331,189,596,714,1280,720
frame_123_17.jpg,Person,546,177,739,450,1280,720
frame_123_18.jpg,Person,332,191,594,713,1280,720
frame_123_18.jpg,Person,554,178,740,450,1280,720
frame_123_19.jpg,Person,333,190,595,714,1280,720
frame_123_19.jpg,Person,548,178,741,450,1280,720
frame_123_2.jpg,Person,538,188,727,459,1280,720
frame_123_2.jpg,Person,333,191,558,714,1280,720
frame_72_10.jpg,Person,247,39,310,192,704,480
frame_72_10.jpg,Person,312,21,364,184,704,480
frame_72_10.jpg,Person,314,0,358,54,704,480
frame_72_11.jpg,Person,248,40,311,194,704,480
frame_72_11.jpg,Person,313,25,365,185,704,480
frame_72_11.jpg,Person,313,0,357,54,704,480
frame_72_12.jpg,Person,248,39,312,193,704,480
frame_72_12.jpg,Person,314,27,367,184,704,480
frame_72_12.jpg,Person,319,0,359,54,704,480
frame_72_13.jpg,Person,248,40,312,192,704,480
frame_72_13.jpg,Person,315,27,367,184,704,480
frame_72_13.jpg,Person,311,0,357,56,704,480
frame_72_14.jpg,Person,248,40,312,193,704,480
frame_72_14.jpg,Person,316,28,368,187,704,480
frame_72_14.jpg,Person,310,0,357,58,704,480
frame_72_15.jpg,Person,247,40,311,193,704,480
frame_72_15.jpg,Person,315,29,368,192,704,480
frame_72_15.jpg,Person,310,0,356,58,704,480
frame_72_16.jpg,Person,247,44,311,206,704,480
frame_72_16.jpg,Person,316,31,370,200,704,480
frame_72_16.jpg,Person,313,0,357,62,704,480
frame_72_17.jpg,Person,247,46,311,214,704,480
frame_72_17.jpg,Person,317,35,372,205,704,480
frame_72_17.jpg,Person,314,0,345,68,704,480
frame_72_18.jpg,Person,247,47,311,210,704,480
frame_72_18.jpg,Person,318,35,374,206,704,480
frame_72_19.jpg,Person,247,49,311,217,704,480
frame_72_19.jpg,Person,319,36,376,208,704,480
frame_72_19.jpg,Person,315,0,347,73,704,480
frame_72_2.jpg,Person,246,31,301,172,704,480
frame_72_2.jpg,Person,306,17,358,162,704,480
frame_72_20.jpg,Person,246,51,309,219,704,480
frame_72_20.jpg,Person,320,36,379,209,704,480
frame_72_20.jpg,Person,315,0,349,82,704,480
frame_72_21.jpg,Person,243,51,308,219,704,480
frame_72_21.jpg,Person,322,37,380,210,704,480
frame_72_21.jpg,Person,314,0,349,81,704,480
frame_72_22.jpg,Person,242,50,307,219,704,480
frame_72_22.jpg,Person,322,37,381,210,704,480
frame_72_22.jpg,Person,312,0,347,78,704,480
frame_72_23.jpg,Person,241,50,307,219,704,480
frame_72_23.jpg,Person,323,37,383,210,704,480
frame_72_23.jpg,Person,312,0,349,78,704,480
frame_72_24.jpg,Person,324,38,385,210,704,480
frame_72_24.jpg,Person,239,50,306,219,704,480
frame_72_24.jpg,Person,312,0,347,78,704,480
frame_72_25.jpg,Person,323,40,386,216,704,480
frame_72_25.jpg,Person,239,52,306,220,704,480
frame_72_25.jpg,Person,311,0,346,78,704,480
frame_72_26.jpg,Person,323,41,388,220,704,480
frame_72_26.jpg,Person,239,54,306,228,704,480
frame_72_26.jpg,Person,313,0,347,77,704,480
frame_72_27.jpg,Person,324,42,389,225,704,480
frame_72_27.jpg,Person,240,55,307,234,704,480
frame_72_27.jpg,Person,311,0,345,77,704,480
frame_72_28.jpg,Person,239,59,308,242,704,480
frame_72_28.jpg,Person,324,45,389,230,704,480
frame_72_28.jpg,Person,313,0,349,76,704,480
frame_72_29.jpg,Person,240,62,310,247,704,480
frame_72_29.jpg,Person,325,48,389,237,704,480
frame_72_29.jpg,Person,311,0,343,76,704,480
frame_72_3.jpg,Person,247,31,302,172,704,480
frame_72_3.jpg,Person,306,16,359,162,704,480
frame_72_30.jpg,Person,325,49,390,239,704,480
frame_72_30.jpg,Person,239,63,310,249,704,480
frame_72_30.jpg,Person,310,0,341,76,704,480
frame_72_31.jpg,Person,325,49,390,239,704,480
frame_72_31.jpg,Person,240,64,311,250,704,480
frame_72_31.jpg,Person,311,0,340,76,704,480
frame_72_32.jpg,Person,239,64,313,250,704,480
frame_72_32.jpg,Person,325,50,390,239,704,480
frame_72_32.jpg,Person,311,0,339,74,704,480
frame_72_33.jpg,Person,236,64,313,250,704,480
frame_72_33.jpg,Person,327,50,393,240,704,480
frame_72_33.jpg,Person,312,0,339,72,704,480
frame_72_34.jpg,Person,236,65,314,251,704,480
frame_72_34.jpg,Person,327,50,393,240,704,480
frame_72_34.jpg,Person,312,0,339,70,704,480
frame_116_47.jpg,Person,240,138,462,540,1280,720
frame_116_48.jpg,Person,237,147,458,552,1280,720
frame_116_49.jpg,Person,215,162,431,552,1280,720
frame_116_5.jpg,Person,113,236,382,713,1280,720
frame_116_50.jpg,Person,207,166,421,551,1280,720
frame_116_51.jpg,Person,207,166,421,551,1280,720
frame_116_52.jpg,Person,202,177,409,604,1280,720
frame_116_53.jpg,Person,196,199,407,659,1280,720
frame_116_54.jpg,Person,144,224,402,684,1280,720
frame_116_55.jpg,Person,136,288,386,714,1280,720
frame_116_56.jpg,Person,143,336,443,714,1280,720
frame_116_57.jpg,Person,175,403,516,715,1280,720
frame_116_58.jpg,Person,175,403,517,715,1280,720
frame_116_59.jpg,Person,220,462,634,716,1280,720
frame_116_6.jpg,Person,128,231,382,714,1280,720
frame_116_7.jpg,Person,134,224,381,711,1280,720
frame_116_8.jpg,Person,135,218,382,706,1280,720
frame_116_9.jpg,Person,135,218,382,707,1280,720
frame_117_0.jpg,Person,4,192,215,570,1280,720
frame_117_0.jpg,Person,466,167,651,315,1280,720
frame_117_0.jpg,Person,313,264,573,570,1280,720
frame_117_0.jpg,Person,719,191,913,297,1280,720
frame_117_1.jpg,Person,4,192,217,570,1280,720
frame_117_1.jpg,Person,465,167,651,316,1280,720
frame_117_1.jpg,Person,312,264,565,570,1280,720
frame_117_1.jpg,Person,719,190,913,297,1280,720
frame_117_10.jpg,Person,5,194,229,569,1280,720
frame_117_10.jpg,Person,465,168,653,312,1280,720
frame_117_10.jpg,Person,740,188,906,298,1280,720
frame_117_10.jpg,Person,312,267,558,568,1280,720
frame_117_11.jpg,Person,6,194,228,570,1280,720
frame_117_11.jpg,Person,465,168,653,312,1280,720
frame_117_11.jpg,Person,740,188,906,298,1280,720
frame_117_11.jpg,Person,312,267,555,568,1280,720
frame_117_11.jpg,Person,326,269,556,466,1280,720
frame_117_12.jpg,Person,5,194,227,569,1280,720
frame_117_12.jpg,Person,465,168,653,311,1280,720
frame_117_12.jpg,Person,744,187,905,298,1280,720
frame_117_12.jpg,Person,313,268,557,568,1280,720
frame_117_12.jpg,Person,328,268,558,465,1280,720
frame_117_13.jpg,Person,5,194,226,569,1280,720
frame_117_13.jpg,Person,464,167,653,312,1280,720
frame_117_13.jpg,Person,746,188,906,298,1280,720
frame_117_13.jpg,Person,313,268,557,568,1280,720
frame_117_13.jpg,Person,328,269,558,466,1280,720
frame_96_10.jpg,Person,0,33,14,68,450,360
frame_96_11.jpg,Person,195,134,247,209,450,360
frame_96_11.jpg,Person,0,33,14,68,450,360
frame_96_12.jpg,Person,194,134,245,209,450,360
frame_96_12.jpg,Person,0,33,14,68,450,360
frame_96_13.jpg,Person,196,132,246,209,450,360
frame_96_13.jpg,Person,0,33,14,68,450,360
frame_96_14.jpg,Person,0,33,14,68,450,360
frame_96_15.jpg,Person,198,134,240,208,450,360
frame_96_15.jpg,Person,0,33,14,68,450,360
frame_96_16.jpg,Person,0,33,14,68,450,360
frame_96_16.jpg,Person,189,132,237,207,450,360
frame_96_16.jpg,Person,200,138,235,206,450,360
frame_96_17.jpg,Person,189,132,237,207,450,360
frame_96_17.jpg,Person,200,138,235,206,450,360
frame_96_17.jpg,Person,0,33,14,68,450,360
frame_96_18.jpg,Person,188,132,237,208,450,360
frame_96_18.jpg,Person,0,33,14,68,450,360
frame_96_19.jpg,Person,0,33,14,68,450,360
frame_96_19.jpg,Person,185,138,237,207,450,360
frame_96_2.jpg,Person,214,127,250,224,450,360
frame_96_2.jpg,Person,0,33,14,69,450,360
frame_96_20.jpg,Person,0,33,14,69,450,360
frame_96_20.jpg,Person,186,138,238,207,450,360
frame_96_21.jpg,Person,0,33,14,68,450,360
frame_96_24.jpg,Person,0,33,14,68,450,360
frame_96_24.jpg,Person,185,144,235,207,450,360
frame_96_25.jpg,Person,0,33,14,68,450,360
frame_96_25.jpg,Person,196,145,235,203,450,360
frame_96_26.jpg,Person,186,145,234,207,450,360
frame_96_26.jpg,Person,0,33,14,68,450,360
frame_96_27.jpg,Person,185,145,234,206,450,360
frame_96_27.jpg,Person,0,33,14,68,450,360
frame_96_28.jpg,Person,187,145,233,206,450,360
frame_96_28.jpg,Person,0,33,14,68,450,360
frame_96_29.jpg,Person,186,146,236,207,450,360
frame_96_29.jpg,Person,0,33,14,68,450,360
frame_106_44.jpg,Person,450,412,675,714,1280,720
frame_106_44.jpg,Person,1177,338,1278,714,1280,720
frame_106_44.jpg,Person,799,20,916,236,1280,720
frame_106_44.jpg,Person,521,151,642,273,1280,720
frame_106_44.jpg,Person,543,213,651,334,1280,720
frame_106_44.jpg,Person,484,152,678,464,1280,720
frame_106_44.jpg,Person,483,150,531,271,1280,720
frame_106_45.jpg,Person,451,412,683,714,1280,720
frame_106_45.jpg,Person,483,150,678,464,1280,720
frame_106_45.jpg,Person,800,19,919,234,1280,720
frame_106_45.jpg,Person,523,150,643,277,1280,720
frame_106_45.jpg,Person,542,213,652,332,1280,720
frame_106_46.jpg,Person,451,412,675,714,1280,720
frame_106_46.jpg,Person,799,20,918,234,1280,720
frame_106_46.jpg,Person,483,149,679,464,1280,720
frame_106_46.jpg,Person,523,150,643,273,1280,720
frame_106_46.jpg,Person,541,213,652,334,1280,720
frame_106_47.jpg,Person,451,412,676,714,1280,720
frame_106_47.jpg,Person,1195,386,1278,713,1280,720
frame_106_47.jpg,Person,799,20,920,234,1280,720
frame_106_47.jpg,Person,484,149,680,465,1280,720
frame_106_47.jpg,Person,524,150,642,279,1280,720
frame_106_47.jpg,Person,541,212,652,334,1280,720
frame_106_48.jpg,Person,453,411,675,714,1280,720
frame_106_48.jpg,Person,799,19,925,234,1280,720
frame_106_48.jpg,Person,524,149,643,274,1280,720
frame_106_48.jpg,Person,542,212,653,333,1280,720
frame_106_48.jpg,Person,500,217,680,462,1280,720
frame_106_48.jpg,Person,485,150,534,271,1280,720
frame_106_49.jpg,Person,454,410,678,714,1280,720
frame_106_49.jpg,Person,500,210,681,461,1280,720
frame_106_49.jpg,Person,798,20,927,232,1280,720
frame_106_49.jpg,Person,1211,445,1279,714,1280,720
frame_106_49.jpg,Person,486,149,536,268,1280,720
frame_106_49.jpg,Person,526,148,642,278,1280,720
frame_106_49.jpg,Person,546,211,656,336,1280,720
frame_106_5.jpg,Person,466,374,729,714,1280,720
frame_106_5.jpg,Person,999,144,1143,593,1280,720
frame_106_5.jpg,Person,1108,106,1240,535,1280,720
frame_106_5.jpg,Person,763,19,869,194,1280,720
frame_106_5.jpg,Person,479,166,536,276,1280,720
frame_106_5.jpg,Person,492,213,640,448,1280,720
frame_106_5.jpg,Person,517,155,560,238,1280,720
frame_106_5.jpg,Person,564,227,647,336,1280,720
frame_106_50.jpg,Person,455,409,676,714,1280,720
frame_106_50.jpg,Person,501,209,681,460,1280,720
frame_106_50.jpg,Person,798,19,931,230,1280,720
frame_106_50.jpg,Person,487,147,537,268,1280,720
frame_106_50.jpg,Person,526,147,646,271,1280,720
frame_106_50.jpg,Person,1211,445,1278,712,1280,720
frame_106_50.jpg,Person,548,210,656,334,1280,720
frame_106_51.jpg,Person,455,409,676,714,1280,720
frame_106_51.jpg,Person,502,209,682,460,1280,720
frame_106_51.jpg,Person,795,19,934,219,1280,720
frame_106_51.jpg,Person,488,147,538,268,1280,720
frame_106_51.jpg,Person,526,146,645,273,1280,720
frame_106_51.jpg,Person,1219,479,1278,714,1280,720
frame_106_52.jpg,Person,455,409,676,714,1280,720
frame_106_52.jpg,Person,502,209,682,460,1280,720
frame_106_52.jpg,Person,795,19,934,218,1280,720
frame_106_52.jpg,Person,488,147,538,268,1280,720
frame_106_52.jpg,Person,526,147,646,273,1280,720
frame_106_52.jpg,Person,1219,478,1278,716,1280,720
frame_106_52.jpg,Person,264,269,321,383,1280,720
frame_106_53.jpg,Person,455,411,676,715,1280,720
frame_106_53.jpg,Person,501,210,681,461,1280,720
frame_106_53.jpg,Person,795,19,937,216,1280,720
frame_106_53.jpg,Person,488,150,538,270,1280,720
frame_106_53.jpg,Person,527,147,641,279,1280,720
frame_106_53.jpg,Person,546,210,656,339,1280,720
frame_106_53.jpg,Person,1235,538,1279,718,1280,720
frame_106_54.jpg,Person,454,411,676,714,1280,720
frame_106_54.jpg,Person,790,19,937,218,1280,720
frame_106_54.jpg,Person,1231,520,1278,715,1280,720
frame_106_54.jpg,Person,527,148,639,275,1280,720
frame_106_54.jpg,Person,498,212,680,462,1280,720
frame_106_54.jpg,Person,542,210,653,333,1280,720
frame_106_54.jpg,Person,486,150,537,269,1280,720
frame_106_55.jpg,Person,454,411,676,714,1280,720
frame_106_55.jpg,Person,526,149,637,279,1280,720
frame_106_55.jpg,Person,542,211,652,332,1280,720
frame_106_55.jpg,Person,498,215,679,462,1280,720
frame_106_55.jpg,Person,826,21,941,230,1280,720
frame_106_55.jpg,Person,486,150,541,269,1280,720
frame_106_56.jpg,Person,454,411,675,714,1280,720
frame_106_56.jpg,Person,527,147,636,272,1280,720
frame_106_56.jpg,Person,498,212,678,462,1280,720
frame_106_56.jpg,Person,542,210,650,332,1280,720
frame_106_56.jpg,Person,789,20,942,218,1280,720
frame_106_56.jpg,Person,486,149,541,268,1280,720
frame_106_56.jpg,Person,835,20,942,221,1280,720
frame_106_57.jpg,Person,454,411,675,714,1280,720
frame_106_57.jpg,Person,827,20,946,212,1280,720
frame_106_57.jpg,Person,526,147,635,274,1280,720
frame_106_57.jpg,Person,541,209,649,332,1280,720
frame_106_57.jpg,Person,496,214,677,462,1280,720
frame_106_57.jpg,Person,487,149,539,267,1280,720
frame_106_58.jpg,Person,453,411,674,714,1280,720
frame_106_58.jpg,Person,827,20,946,212,1280,720
frame_106_58.jpg,Person,498,210,678,461,1280,720
frame_106_58.jpg,Person,527,147,635,274,1280,720
frame_106_58.jpg,Person,541,209,648,332,1280,720
frame_106_58.jpg,Person,486,149,539,267,1280,720
frame_106_59.jpg,Person,454,412,676,714,1280,720
frame_106_59.jpg,Person,498,213,677,463,1280,720
frame_106_59.jpg,Person,527,149,634,277,1280,720
frame_106_59.jpg,Person,487,150,539,268,1280,720
frame_106_59.jpg,Person,541,210,646,333,1280,720
frame_106_59.jpg,Person,794,19,947,208,1280,720
frame_106_6.jpg,Person,467,374,730,714,1280,720
frame_106_6.jpg,Person,1000,146,1147,592,1280,720
frame_106_6.jpg,Person,480,163,536,274,1280,720
frame_106_6.jpg,Person,1110,106,1246,534,1280,720
frame_106_6.jpg,Person,764,19,871,164,1280,720
frame_106_6.jpg,Person,518,153,562,238,1280,720
frame_106_6.jpg,Person,493,213,646,449,1280,720
frame_106_7.jpg,Person,466,377,724,715,1280,720
frame_106_7.jpg,Person,1012,148,1148,592,1280,720
frame_106_7.jpg,Person,1130,111,1256,539,1280,720
frame_106_7.jpg,Person,772,19,875,202,1280,720
frame_106_7.jpg,Person,479,162,534,272,1280,720
frame_106_7.jpg,Person,519,152,563,237,1280,720
frame_106_7.jpg,Person,493,212,646,451,1280,720
frame_106_8.jpg,Person,468,378,724,714,1280,720
frame_106_8.jpg,Person,1136,113,1262,538,1280,720
frame_106_8.jpg,Person,1012,148,1152,591,1280,720
frame_106_8.jpg,Person,494,212,675,459,1280,720
frame_106_8.jpg,Person,480,161,536,272,1280,720
frame_106_8.jpg,Person,520,152,564,237,1280,720
frame_106_8.jpg,Person,774,19,879,152,1280,720
frame_106_8.jpg,Person,565,220,658,343,1280,720
frame_106_9.jpg,Person,467,378,714,713,1280,720
frame_106_9.jpg,Person,1021,147,1154,591,1280,720
frame_106_9.jpg,Person,1146,114,1273,537,1280,720
frame_106_9.jpg,Person,496,211,677,459,1280,720
frame_106_9.jpg,Person,779,19,881,204,1280,720
frame_106_9.jpg,Person,477,160,538,272,1280,720
frame_106_9.jpg,Person,520,151,565,238,1280,720
frame_106_9.jpg,Person,520,151,630,282,1280,720
frame_107_0.jpg,Person,477,279,780,713,1280,720
frame_107_0.jpg,Person,560,166,680,322,1280,720
frame_107_0.jpg,Person,1125,19,1180,132,1280,720
frame_107_0.jpg,Person,464,177,547,299,1280,720
frame_107_0.jpg,Person,1064,19,1128,143,1280,720
frame_107_0.jpg,Person,515,20,579,146,1280,720
frame_107_0.jpg,Person,472,227,614,401,1280,720
frame_107_1.jpg,Person,476,279,781,711,1280,720
frame_107_1.jpg,Person,562,165,680,322,1280,720
frame_107_1.jpg,Person,465,176,546,295,1280,720
frame_107_1.jpg,Person,1064,19,1117,135,1280,720
frame_107_1.jpg,Person,1121,20,1179,131,1280,720
frame_107_1.jpg,Person,471,227,615,413,1280,720
frame_107_1.jpg,Person,519,20,585,148,1280,720
frame_107_10.jpg,Person,452,266,796,709,1280,720
frame_107_10.jpg,Person,1033,19,1105,122,1280,720
frame_107_10.jpg,Person,567,153,687,314,1280,720
frame_107_10.jpg,Person,468,166,549,271,1280,720
frame_107_10.jpg,Person,1107,19,1159,114,1280,720
frame_107_10.jpg,Person,529,19,621,150,1280,720
frame_107_10.jpg,Person,500,216,623,304,1280,720
frame_107_11.jpg,Person,452,266,796,709,1280,720
frame_107_11.jpg,Person,1033,19,1105,122,1280,720
frame_107_11.jpg,Person,567,153,687,314,1280,720
frame_107_11.jpg,Person,1107,19,1159,114,1280,720
frame_107_11.jpg,Person,468,166,549,271,1280,720
frame_107_11.jpg,Person,529,19,620,150,1280,720
frame_107_11.jpg,Person,501,216,623,304,1280,720
frame_107_12.jpg,Person,456,263,796,708,1280,720
frame_107_12.jpg,Person,565,153,686,313,1280,720
frame_107_12.jpg,Person,469,166,550,270,1280,720
frame_107_12.jpg,Person,1033,18,1105,122,1280,720
frame_107_12.jpg,Person,1106,20,1157,115,1280,720
frame_107_12.jpg,Person,547,20,619,151,1280,720
frame_107_12.jpg,Person,501,215,638,328,1280,720
frame_107_13.jpg,Person,458,248,791,706,1280,720
frame_107_13.jpg,Person,565,153,685,315,1280,720
frame_107_13.jpg,Person,1030,19,1103,118,1280,720
frame_107_13.jpg,Person,465,165,548,266,1280,720
frame_107_13.jpg,Person,548,19,622,150,1280,720
frame_107_13.jpg,Person,1099,20,1150,103,1280,720
frame_12_32.jpg,Person,23,105,159,284,512,288
frame_12_32.jpg,Person,239,85,310,175,512,288
frame_12_32.jpg,Person,114,57,217,196,512,288
frame_12_32.jpg,Person,115,57,182,198,512,288
frame_12_33.jpg,Person,24,104,160,283,512,288
frame_12_33.jpg,Person,239,85,311,174,512,288
frame_12_33.jpg,Person,114,58,181,204,512,288
frame_12_33.jpg,Person,115,57,219,199,512,288
frame_12_34.jpg,Person,26,103,160,284,512,288
frame_12_34.jpg,Person,115,58,181,206,512,288
frame_12_34.jpg,Person,241,84,311,174,512,288
frame_12_35.jpg,Person,27,102,160,284,512,288
frame_12_35.jpg,Person,240,85,311,174,512,288
frame_12_35.jpg,Person,115,57,180,204,512,288
frame_12_36.jpg,Person,29,103,159,284,512,288
frame_12_36.jpg,Person,115,57,180,206,512,288
frame_12_36.jpg,Person,241,82,311,174,512,288
frame_12_37.jpg,Person,31,101,159,284,512,288
frame_12_37.jpg,Person,115,57,180,206,512,288
frame_12_37.jpg,Person,239,71,310,175,512,288
frame_12_38.jpg,Person,33,99,160,284,512,288
frame_12_38.jpg,Person,115,58,180,206,512,288
frame_12_38.jpg,Person,239,74,310,174,512,288
frame_12_39.jpg,Person,35,97,160,284,512,288
frame_12_39.jpg,Person,116,58,181,206,512,288
frame_12_39.jpg,Person,241,79,310,174,512,288
frame_12_4.jpg,Person,72,123,223,284,512,288
frame_12_4.jpg,Person,239,77,305,175,512,288
frame_12_4.jpg,Person,124,58,182,165,512,288
frame_12_40.jpg,Person,36,97,161,285,512,288
frame_12_40.jpg,Person,241,65,310,174,512,288
frame_12_40.jpg,Person,116,57,180,205,512,288
frame_12_41.jpg,Person,37,96,164,285,512,288
frame_12_41.jpg,Person,116,57,181,205,512,288
frame_12_41.jpg,Person,246,80,310,174,512,288
frame_12_42.jpg,Person,39,95,163,284,512,288
frame_12_42.jpg,Person,117,58,183,206,512,288
frame_12_42.jpg,Person,251,80,311,174,512,288
frame_12_43.jpg,Person,40,95,163,285,512,288
frame_12_43.jpg,Person,117,57,182,205,512,288
frame_12_43.jpg,Person,250,79,310,174,512,288
frame_12_44.jpg,Person,41,93,165,284,512,288
frame_12_44.jpg,Person,117,57,182,205,512,288
frame_12_44.jpg,Person,250,80,310,174,512,288
frame_12_45.jpg,Person,41,93,164,284,512,288
frame_12_45.jpg,Person,117,57,182,205,512,288
frame_12_45.jpg,Person,251,79,310,174,512,288
frame_12_46.jpg,Person,41,93,164,284,512,288
frame_12_46.jpg,Person,117,57,180,205,512,288
frame_12_46.jpg,Person,243,78,311,173,512,288
frame_12_47.jpg,Person,41,93,165,284,512,288
frame_12_47.jpg,Person,117,57,181,204,512,288
frame_12_47.jpg,Person,240,77,312,174,512,288
frame_12_48.jpg,Person,40,94,164,284,512,288
frame_12_48.jpg,Person,118,57,181,204,512,288
frame_12_48.jpg,Person,232,77,312,174,512,288
frame_12_49.jpg,Person,40,94,164,284,512,288
frame_12_49.jpg,Person,118,57,181,204,512,288
frame_12_49.jpg,Person,229,67,312,175,512,288
frame_12_5.jpg,Person,71,123,222,285,512,288
frame_12_5.jpg,Person,123,58,182,165,512,288
frame_12_5.jpg,Person,238,77,305,175,512,288
frame_12_6.jpg,Person,70,121,221,284,512,288
frame_12_6.jpg,Person,123,58,183,166,512,288
frame_12_6.jpg,Person,238,77,305,174,512,288
frame_12_7.jpg,Person,69,121,220,284,512,288
frame_12_7.jpg,Person,123,58,183,166,512,288
frame_12_7.jpg,Person,238,77,306,175,512,288
frame_12_8.jpg,Person,68,120,219,284,512,288
frame_12_8.jpg,Person,122,58,183,168,512,288
frame_12_8.jpg,Person,237,77,305,175,512,288
frame_12_9.jpg,Person,66,119,217,284,512,288
frame_12_9.jpg,Person,121,57,182,168,512,288
frame_12_9.jpg,Person,236,76,305,174,512,288
frame_90_27.jpg,Person,249,124,266,160,320,240
frame_90_30.jpg,Person,249,125,262,161,320,240
frame_90_31.jpg,Person,248,125,261,161,320,240
frame_90_32.jpg,Person,297,110,316,173,320,240
frame_90_32.jpg,Person,248,126,262,163,320,240
frame_90_33.jpg,Person,297,112,316,174,320,240
frame_90_34.jpg,Person,297,109,316,173,320,240
frame_90_34.jpg,Person,243,128,261,168,320,240
frame_90_35.jpg,Person,297,112,316,173,320,240
frame_90_35.jpg,Person,242,128,259,168,320,240
frame_90_35.jpg,Person,248,128,260,161,320,240
frame_26_56.jpg,Person,174,78,246,258,640,360
frame_26_56.jpg,Person,281,168,354,357,640,360
frame_26_56.jpg,Person,248,0,303,97,640,360
frame_26_56.jpg,Person,250,65,302,254,640,360
frame_26_56.jpg,Person,298,58,364,255,640,360
frame_27_21.jpg,Person,365,103,388,144,640,360
frame_27_21.jpg,Person,263,85,289,147,640,360
frame_27_21.jpg,Person,243,184,276,224,640,360
frame_27_21.jpg,Person,179,196,247,315,640,360
frame_27_21.jpg,Person,199,197,246,315,640,360
frame_27_38.jpg,Person,279,76,302,144,640,360
frame_27_38.jpg,Person,371,108,394,143,640,360
frame_27_38.jpg,Person,228,184,272,224,640,360
frame_27_59.jpg,Person,298,72,318,139,640,360
frame_27_59.jpg,Person,239,219,299,342,640,360
frame_27_59.jpg,Person,227,185,269,233,640,360
frame_27_59.jpg,Person,378,116,398,143,640,360
frame_27_59.jpg,Person,282,207,314,319,640,360
frame_28_32.jpg,Person,45,48,149,224,640,352
frame_28_32.jpg,Person,112,87,238,337,640,352
frame_28_32.jpg,Person,195,69,292,255,640,352
frame_28_32.jpg,Person,238,68,292,253,640,352
frame_2_18.jpg,Person,386,81,433,207,480,360
frame_2_18.jpg,Person,67,154,182,330,480,360
frame_2_18.jpg,Person,86,120,164,201,480,360
frame_2_40.jpg,Person,66,159,182,326,480,360
frame_2_40.jpg,Person,88,116,155,183,480,360
frame_2_40.jpg,Person,0,264,32,337,480,360
frame_2_40.jpg,Person,17,246,123,353,480,360
frame_2_40.jpg,Person,385,36,442,208,480,360
frame_2_58.jpg,Person,67,148,183,329,480,360
frame_2_58.jpg,Person,88,119,157,185,480,360
frame_2_58.jpg,Person,385,41,447,208,480,360
frame_2_58.jpg,Person,93,64,132,139,480,360
frame_2_58.jpg,Person,18,251,82,342,480,360
frame_2_58.jpg,Person,386,72,425,208,480,360
frame_2_78.jpg,Person,67,160,182,329,480,360
frame_2_78.jpg,Person,90,119,156,184,480,360
frame_2_78.jpg,Person,19,251,109,353,480,360
frame_2_78.jpg,Person,385,38,446,208,480,360
frame_2_78.jpg,Person,0,264,34,336,480,360
frame_2_78.jpg,Person,362,36,395,137,480,360
frame_30_31.jpg,Person,329,71,402,205,640,360
frame_30_31.jpg,Person,249,180,355,306,640,360
frame_31_10.jpg,Person,52,158,117,272,640,360
frame_31_30.jpg,Person,320,143,394,304,640,360
frame_32_0.jpg,Person,291,49,345,174,640,360
frame_32_41.jpg,Person,232,38,268,134,640,360
frame_33_14.jpg,Person,79,132,189,344,640,360
frame_33_32.jpg,Person,77,132,187,346,640,360
frame_33_6.jpg,Person,78,132,187,346,640,360
frame_32_42.jpg,Person,233,36,269,133,640,360
frame_32_43.jpg,Person,231,30,270,136,640,360
frame_32_44.jpg,Person,232,29,271,134,640,360
frame_32_45.jpg,Person,234,22,272,125,640,360
frame_32_46.jpg,Person,234,20,273,123,640,360
frame_32_46.jpg,Person,240,20,273,96,640,360
frame_32_47.jpg,Person,232,20,275,115,640,360
frame_32_5.jpg,Person,294,50,348,178,640,360
frame_32_6.jpg,Person,293,50,347,178,640,360
frame_32_7.jpg,Person,293,49,347,178,640,360
frame_32_8.jpg,Person,291,49,346,178,640,360
frame_32_9.jpg,Person,289,51,347,178,640,360
frame_33_0.jpg,Person,77,132,186,345,640,360
frame_33_1.jpg,Person,77,132,186,346,640,360
frame_33_10.jpg,Person,79,131,189,344,640,360
frame_33_11.jpg,Person,79,132,189,345,640,360
frame_33_12.jpg,Person,79,132,189,344,640,360
frame_33_13.jpg,Person,78,132,189,344,640,360
frame_149_34.jpg,Person,204,109,236,229,480,360
frame_149_34.jpg,Person,330,111,389,251,480,360
frame_149_34.jpg,Person,261,103,312,218,480,360
frame_149_34.jpg,Person,225,254,336,318,480,360
frame_149_34.jpg,Person,3,187,106,335,480,360
frame_149_34.jpg,Person,307,105,343,195,480,360
frame_149_35.jpg,Person,204,109,236,229,480,360
frame_149_35.jpg,Person,332,112,390,252,480,360
frame_149_35.jpg,Person,261,103,312,218,480,360
frame_149_35.jpg,Person,225,255,336,319,480,360
frame_149_35.jpg,Person,3,187,106,335,480,360
frame_149_35.jpg,Person,308,105,343,197,480,360
frame_149_36.jpg,Person,204,109,236,229,480,360
frame_149_36.jpg,Person,331,111,391,252,480,360
frame_149_36.jpg,Person,261,103,312,218,480,360
frame_149_36.jpg,Person,308,105,344,197,480,360
frame_149_36.jpg,Person,226,255,337,319,480,360
frame_149_36.jpg,Person,3,187,104,335,480,360
frame_149_36.jpg,Person,226,254,433,333,480,360
frame_149_37.jpg,Person,204,110,236,230,480,360
frame_149_37.jpg,Person,331,111,391,252,480,360
frame_149_37.jpg,Person,262,103,313,219,480,360
frame_149_37.jpg,Person,226,255,337,319,480,360
frame_149_37.jpg,Person,2,187,105,335,480,360
frame_149_38.jpg,Person,204,110,236,230,480,360
frame_149_38.jpg,Person,331,111,390,252,480,360
frame_149_38.jpg,Person,262,103,313,218,480,360
frame_149_38.jpg,Person,4,186,108,335,480,360
frame_149_38.jpg,Person,226,255,337,318,480,360
frame_149_39.jpg,Person,204,110,236,230,480,360
frame_149_39.jpg,Person,329,111,391,252,480,360
frame_149_39.jpg,Person,265,102,311,219,480,360
frame_149_39.jpg,Person,307,103,344,192,480,360
frame_149_39.jpg,Person,5,187,104,335,480,360
frame_149_39.jpg,Person,226,255,337,319,480,360
frame_149_4.jpg,Person,201,108,235,230,480,360
frame_149_4.jpg,Person,329,114,402,251,480,360
frame_149_4.jpg,Person,271,105,311,225,480,360
frame_149_4.jpg,Person,2,176,115,335,480,360
frame_149_4.jpg,Person,226,254,356,318,480,360
frame_149_40.jpg,Person,204,110,236,230,480,360
frame_149_40.jpg,Person,329,111,393,252,480,360
frame_149_40.jpg,Person,265,102,310,219,480,360
frame_149_40.jpg,Person,307,103,344,192,480,360
frame_149_40.jpg,Person,4,187,105,335,480,360
frame_149_40.jpg,Person,226,255,337,319,480,360
frame_149_41.jpg,Person,204,109,236,229,480,360
frame_149_41.jpg,Person,330,111,393,251,480,360
frame_149_41.jpg,Person,268,102,311,221,480,360
frame_149_41.jpg,Person,309,104,345,194,480,360
frame_149_41.jpg,Person,226,255,336,319,480,360
frame_149_41.jpg,Person,4,187,104,335,480,360
frame_149_42.jpg,Person,203,110,236,230,480,360
frame_149_42.jpg,Person,329,112,391,252,480,360
frame_149_42.jpg,Person,269,102,311,221,480,360
frame_149_42.jpg,Person,308,104,346,194,480,360
frame_149_42.jpg,Person,5,187,107,335,480,360
frame_149_42.jpg,Person,225,255,336,319,480,360
frame_149_43.jpg,Person,204,110,236,230,480,360
frame_149_43.jpg,Person,329,111,390,252,480,360
frame_149_43.jpg,Person,269,102,311,221,480,360
frame_149_43.jpg,Person,308,104,346,194,480,360
frame_149_43.jpg,Person,5,187,108,334,480,360
frame_149_43.jpg,Person,225,255,336,319,480,360
frame_149_44.jpg,Person,203,110,236,230,480,360
frame_149_44.jpg,Person,269,102,311,221,480,360
frame_149_44.jpg,Person,329,111,391,251,480,360
frame_149_44.jpg,Person,309,102,346,195,480,360
frame_149_44.jpg,Person,4,187,107,334,480,360
frame_149_44.jpg,Person,225,255,336,319,480,360
frame_149_45.jpg,Person,328,111,391,251,480,360
frame_149_45.jpg,Person,203,109,236,229,480,360
frame_149_45.jpg,Person,269,102,311,221,480,360
frame_149_45.jpg,Person,309,102,346,195,480,360
frame_149_45.jpg,Person,5,187,105,334,480,360
frame_149_45.jpg,Person,225,255,336,318,480,360
frame_149_46.jpg,Person,205,109,236,229,480,360
frame_149_46.jpg,Person,327,111,386,248,480,360
frame_149_46.jpg,Person,270,102,309,223,480,360
frame_149_46.jpg,Person,308,104,347,196,480,360
frame_149_46.jpg,Person,6,188,109,334,480,360
frame_149_46.jpg,Person,226,254,336,318,480,360
frame_149_47.jpg,Person,204,109,235,229,480,360
frame_149_47.jpg,Person,328,111,386,248,480,360
frame_149_47.jpg,Person,270,102,309,223,480,360
frame_149_47.jpg,Person,308,103,348,194,480,360
frame_149_47.jpg,Person,6,187,109,334,480,360
frame_149_47.jpg,Person,225,254,336,318,480,360
frame_149_48.jpg,Person,205,109,236,229,480,360
frame_149_48.jpg,Person,328,111,386,248,480,360
frame_149_48.jpg,Person,271,102,309,223,480,360
frame_149_48.jpg,Person,307,104,348,192,480,360
frame_149_48.jpg,Person,225,254,336,318,480,360
frame_149_48.jpg,Person,5,188,108,334,480,360
frame_149_49.jpg,Person,205,109,236,229,480,360
frame_149_49.jpg,Person,327,111,386,248,480,360
frame_149_49.jpg,Person,270,102,309,223,480,360
frame_149_49.jpg,Person,308,103,349,192,480,360
frame_149_49.jpg,Person,225,254,336,318,480,360
frame_149_49.jpg,Person,6,189,109,335,480,360
frame_149_5.jpg,Person,201,108,235,230,480,360
frame_149_5.jpg,Person,329,114,403,251,480,360
frame_149_5.jpg,Person,271,105,311,224,480,360
frame_149_5.jpg,Person,2,175,116,335,480,360
frame_149_5.jpg,Person,226,254,357,318,480,360
frame_149_50.jpg,Person,328,111,388,249,480,360
frame_149_50.jpg,Person,204,109,235,229,480,360
frame_149_50.jpg,Person,270,103,312,223,480,360
frame_149_50.jpg,Person,309,104,349,193,480,360
frame_149_50.jpg,Person,8,188,110,334,480,360
frame_149_50.jpg,Person,226,255,335,319,480,360
frame_149_51.jpg,Person,328,111,388,249,480,360
frame_149_51.jpg,Person,204,109,235,229,480,360
frame_149_51.jpg,Person,270,103,311,223,480,360
frame_149_51.jpg,Person,8,187,109,332,480,360
frame_149_51.jpg,Person,309,103,347,192,480,360
frame_149_51.jpg,Person,226,255,335,319,480,360
frame_149_52.jpg,Person,328,111,386,249,480,360
frame_149_52.jpg,Person,204,109,235,229,480,360
frame_149_52.jpg,Person,271,102,311,223,480,360
frame_149_52.jpg,Person,8,188,110,334,480,360
frame_149_52.jpg,Person,309,104,348,194,480,360
frame_149_52.jpg,Person,226,255,336,319,480,360
frame_149_53.jpg,Person,328,111,386,248,480,360
frame_149_53.jpg,Person,204,109,235,229,480,360
frame_149_53.jpg,Person,270,102,311,223,480,360
frame_149_53.jpg,Person,8,188,110,334,480,360
frame_149_53.jpg,Person,309,104,349,195,480,360
frame_149_53.jpg,Person,226,255,336,319,480,360
frame_149_54.jpg,Person,328,111,386,249,480,360
frame_149_54.jpg,Person,204,109,235,229,480,360
frame_149_54.jpg,Person,270,103,309,223,480,360
frame_149_54.jpg,Person,8,188,109,333,480,360
frame_149_54.jpg,Person,309,103,349,196,480,360
frame_149_54.jpg,Person,226,255,336,319,480,360
frame_149_55.jpg,Person,328,111,386,249,480,360
frame_149_55.jpg,Person,204,109,236,229,480,360
frame_149_55.jpg,Person,270,104,309,224,480,360
frame_149_55.jpg,Person,8,188,109,333,480,360
frame_149_55.jpg,Person,308,104,350,195,480,360
frame_149_55.jpg,Person,226,255,335,319,480,360
frame_149_56.jpg,Person,328,111,384,249,480,360
frame_149_56.jpg,Person,204,109,236,229,480,360
frame_149_56.jpg,Person,271,104,311,224,480,360
frame_149_56.jpg,Person,8,188,109,332,480,360
frame_149_56.jpg,Person,308,104,348,207,480,360
frame_149_56.jpg,Person,226,254,433,333,480,360
frame_149_56.jpg,Person,226,255,336,319,480,360
frame_149_57.jpg,Person,328,111,384,249,480,360
frame_149_57.jpg,Person,204,109,236,229,480,360
frame_149_57.jpg,Person,271,104,311,224,480,360
frame_149_57.jpg,Person,8,188,109,332,480,360
frame_149_57.jpg,Person,308,104,348,207,480,360
frame_149_57.jpg,Person,226,255,336,319,480,360
frame_149_57.jpg,Person,226,254,433,333,480,360
frame_149_58.jpg,Person,328,111,381,248,480,360
frame_149_58.jpg,Person,204,109,236,229,480,360
frame_149_58.jpg,Person,271,104,311,225,480,360
frame_149_58.jpg,Person,7,188,109,334,480,360
frame_149_58.jpg,Person,306,105,345,212,480,360
frame_149_58.jpg,Person,226,254,335,319,480,360
frame_149_59.jpg,Person,328,111,381,248,480,360
frame_149_59.jpg,Person,204,110,236,230,480,360
frame_149_59.jpg,Person,270,104,309,225,480,360
frame_149_59.jpg,Person,7,187,110,334,480,360
frame_149_59.jpg,Person,305,105,345,212,480,360
frame_149_59.jpg,Person,226,254,336,319,480,360
frame_149_6.jpg,Person,201,107,235,229,480,360
frame_149_6.jpg,Person,329,114,402,251,480,360
frame_149_6.jpg,Person,271,105,311,225,480,360
frame_149_6.jpg,Person,2,180,113,335,480,360
frame_149_6.jpg,Person,226,254,357,318,480,360
frame_110_28.jpg,Person,918,205,1161,640,1280,720
frame_59_31.jpg,Person,129,133,193,287,480,360
frame_59_31.jpg,Person,61,165,132,295,480,360
frame_59_31.jpg,Person,30,97,89,221,480,360
frame_59_31.jpg,Person,349,204,412,279,480,360
frame_59_31.jpg,Person,356,127,429,209,480,360
frame_59_31.jpg,Person,0,180,26,283,480,360
frame_59_32.jpg,Person,128,134,191,286,480,360
frame_59_32.jpg,Person,61,166,134,298,480,360
frame_59_32.jpg,Person,348,203,409,279,480,360
frame_59_32.jpg,Person,30,96,88,219,480,360
frame_59_32.jpg,Person,351,126,425,206,480,360
frame_59_32.jpg,Person,0,180,26,283,480,360
frame_59_33.jpg,Person,127,135,191,286,480,360
frame_59_33.jpg,Person,62,167,135,297,480,360
frame_59_33.jpg,Person,348,147,438,278,480,360
frame_59_33.jpg,Person,31,96,88,220,480,360
frame_59_33.jpg,Person,347,125,422,199,480,360
frame_59_33.jpg,Person,0,180,26,283,480,360
frame_59_33.jpg,Person,32,96,88,184,480,360
frame_59_34.jpg,Person,128,136,190,288,480,360
frame_59_34.jpg,Person,347,146,438,278,480,360
frame_59_34.jpg,Person,60,166,125,293,480,360
frame_59_34.jpg,Person,33,95,87,219,480,360
frame_59_34.jpg,Person,0,181,26,283,480,360
frame_59_35.jpg,Person,127,138,190,294,480,360
frame_59_35.jpg,Person,348,144,438,281,480,360
frame_59_35.jpg,Person,60,167,126,293,480,360
frame_59_35.jpg,Person,33,96,89,220,480,360
frame_59_35.jpg,Person,33,95,88,182,480,360
frame_59_35.jpg,Person,0,180,26,283,480,360
frame_59_36.jpg,Person,126,138,189,298,480,360
frame_59_36.jpg,Person,348,142,437,279,480,360
frame_59_36.jpg,Person,62,168,126,294,480,360
frame_59_36.jpg,Person,34,94,87,219,480,360
frame_59_36.jpg,Person,0,180,26,283,480,360
frame_59_37.jpg,Person,126,137,189,302,480,360
frame_59_37.jpg,Person,346,140,436,280,480,360
frame_59_37.jpg,Person,60,169,126,291,480,360
frame_59_37.jpg,Person,36,94,88,182,480,360
frame_59_37.jpg,Person,35,94,88,218,480,360
frame_59_38.jpg,Person,125,139,189,302,480,360
frame_59_38.jpg,Person,341,141,434,287,480,360
frame_59_38.jpg,Person,59,170,124,292,480,360
frame_59_38.jpg,Person,38,94,89,184,480,360
frame_59_38.jpg,Person,38,93,89,220,480,360
frame_59_38.jpg,Person,359,115,409,171,480,360
frame_59_39.jpg,Person,125,140,189,305,480,360
frame_59_39.jpg,Person,334,139,431,286,480,360
frame_59_39.jpg,Person,57,170,125,294,480,360
frame_59_39.jpg,Person,38,93,89,183,480,360
frame_59_4.jpg,Person,39,96,93,234,480,360
frame_59_4.jpg,Person,77,167,165,338,480,360
frame_59_4.jpg,Person,119,112,181,281,480,360
frame_59_4.jpg,Person,0,182,26,283,480,360
frame_59_40.jpg,Person,125,142,189,316,480,360
frame_59_40.jpg,Person,329,136,428,285,480,360
frame_59_40.jpg,Person,58,173,124,292,480,360
frame_59_40.jpg,Person,40,92,91,183,480,360
frame_59_41.jpg,Person,123,142,188,320,480,360
frame_59_41.jpg,Person,320,137,423,284,480,360
frame_59_41.jpg,Person,56,174,125,292,480,360
frame_59_41.jpg,Person,43,91,94,184,480,360
frame_59_42.jpg,Person,122,142,187,321,480,360
frame_59_42.jpg,Person,320,111,420,281,480,360
frame_59_42.jpg,Person,44,91,96,185,480,360
frame_59_42.jpg,Person,55,174,125,291,480,360
frame_59_43.jpg,Person,120,143,187,322,480,360
frame_59_43.jpg,Person,325,135,416,279,480,360
frame_59_43.jpg,Person,47,89,98,186,480,360
frame_59_43.jpg,Person,56,175,125,292,480,360
frame_59_44.jpg,Person,120,145,187,325,480,360
frame_59_44.jpg,Person,318,134,414,277,480,360
frame_59_44.jpg,Person,50,90,99,188,480,360
frame_59_44.jpg,Person,57,175,125,292,480,360
frame_59_44.jpg,Person,345,111,391,175,480,360
frame_59_45.jpg,Person,312,111,408,277,480,360
frame_59_45.jpg,Person,119,146,187,327,480,360
frame_59_45.jpg,Person,57,175,125,292,480,360
frame_59_45.jpg,Person,52,88,102,189,480,360
frame_59_46.jpg,Person,304,111,403,276,480,360
frame_59_46.jpg,Person,117,148,186,330,480,360
frame_59_46.jpg,Person,57,175,124,293,480,360
frame_59_46.jpg,Person,55,88,105,187,480,360
frame_59_47.jpg,Person,298,111,397,277,480,360
frame_59_47.jpg,Person,116,151,185,329,480,360
frame_59_47.jpg,Person,58,175,124,292,480,360
frame_59_47.jpg,Person,61,88,107,188,480,360
frame_59_48.jpg,Person,294,111,393,277,480,360
frame_59_48.jpg,Person,115,154,184,330,480,360
frame_59_48.jpg,Person,64,87,110,186,480,360
frame_59_48.jpg,Person,59,175,123,292,480,360
frame_59_49.jpg,Person,293,110,388,275,480,360
frame_59_49.jpg,Person,113,155,184,330,480,360
frame_59_49.jpg,Person,66,87,112,183,480,360
frame_59_49.jpg,Person,60,167,122,292,480,360
frame_118_42.jpg,Person,445,128,610,376,1280,720
frame_118_43.jpg,Person,448,130,609,377,1280,720
frame_118_44.jpg,Person,453,127,609,382,1280,720
frame_118_45.jpg,Person,455,127,608,383,1280,720
frame_118_46.jpg,Person,457,129,608,385,1280,720
frame_118_47.jpg,Person,458,129,608,385,1280,720
frame_118_48.jpg,Person,457,127,607,384,1280,720
frame_118_49.jpg,Person,455,130,606,383,1280,720
frame_118_5.jpg,Person,460,138,638,370,1280,720
frame_118_50.jpg,Person,454,132,605,384,1280,720
frame_118_51.jpg,Person,453,133,604,383,1280,720
frame_118_52.jpg,Person,453,133,605,384,1280,720
frame_118_53.jpg,Person,452,133,604,384,1280,720
frame_118_54.jpg,Person,451,135,604,384,1280,720
frame_118_55.jpg,Person,451,135,606,384,1280,720
frame_118_56.jpg,Person,451,136,605,385,1280,720
frame_118_57.jpg,Person,451,137,607,385,1280,720
frame_118_58.jpg,Person,451,137,605,385,1280,720
frame_118_59.jpg,Person,450,138,608,386,1280,720
frame_118_6.jpg,Person,462,140,640,370,1280,720
frame_118_7.jpg,Person,463,142,641,370,1280,720
frame_118_8.jpg,Person,464,142,642,369,1280,720
frame_118_9.jpg,Person,465,140,643,369,1280,720
frame_119_0.jpg,Person,0,85,165,424,1280,720
frame_119_1.jpg,Person,0,93,166,424,1280,720
frame_82_34.jpg,Person,42,100,56,127,320,240
frame_82_34.jpg,Person,68,58,83,89,320,240
frame_82_34.jpg,Person,78,66,98,95,320,240
frame_82_34.jpg,Person,55,17,72,59,320,240
frame_82_34.jpg,Person,104,2,128,42,320,240
frame_82_35.jpg,Person,43,100,57,127,320,240
frame_82_35.jpg,Person,67,58,82,90,320,240
frame_82_35.jpg,Person,55,17,72,59,320,240
frame_82_35.jpg,Person,104,2,128,42,320,240
frame_82_36.jpg,Person,45,99,58,127,320,240
frame_82_36.jpg,Person,67,59,81,91,320,240
frame_82_36.jpg,Person,77,67,91,95,320,240
frame_82_36.jpg,Person,55,17,72,59,320,240
frame_82_36.jpg,Person,104,2,128,42,320,240
frame_82_37.jpg,Person,66,59,80,91,320,240
frame_82_37.jpg,Person,46,99,60,126,320,240
frame_82_37.jpg,Person,55,17,72,59,320,240
frame_82_37.jpg,Person,76,66,90,93,320,240
frame_82_37.jpg,Person,104,2,128,42,320,240
frame_82_38.jpg,Person,47,99,62,127,320,240
frame_82_38.jpg,Person,55,17,72,58,320,240
frame_82_38.jpg,Person,104,2,128,42,320,240
frame_82_38.jpg,Person,73,67,88,94,320,240
frame_82_38.jpg,Person,67,59,79,90,320,240
frame_82_39.jpg,Person,48,98,63,127,320,240
frame_82_39.jpg,Person,73,68,87,96,320,240
frame_82_39.jpg,Person,55,17,72,59,320,240
frame_82_39.jpg,Person,104,2,128,42,320,240
frame_82_39.jpg,Person,68,59,77,90,320,240
frame_82_39.jpg,Person,226,40,252,81,320,240
frame_82_4.jpg,Person,104,2,128,42,320,240
frame_82_4.jpg,Person,102,50,116,81,320,240
frame_82_4.jpg,Person,55,17,72,59,320,240
frame_82_4.jpg,Person,2,108,20,134,320,240
frame_82_40.jpg,Person,50,99,65,127,320,240
frame_82_40.jpg,Person,55,17,72,59,320,240
frame_82_40.jpg,Person,67,59,76,90,320,240
frame_82_40.jpg,Person,73,68,86,96,320,240
frame_82_40.jpg,Person,104,2,128,42,320,240
frame_82_41.jpg,Person,47,98,66,127,320,240
frame_82_41.jpg,Person,66,59,75,91,320,240
frame_82_41.jpg,Person,55,17,72,58,320,240
frame_82_41.jpg,Person,71,68,86,99,320,240
frame_82_41.jpg,Person,104,2,128,42,320,240
frame_82_42.jpg,Person,49,98,69,127,320,240
frame_82_42.jpg,Person,72,69,86,100,320,240
frame_82_42.jpg,Person,65,60,76,92,320,240
frame_82_42.jpg,Person,104,2,128,42,320,240
frame_82_42.jpg,Person,55,17,72,59,320,240
frame_82_43.jpg,Person,55,17,72,59,320,240
frame_82_43.jpg,Person,104,2,128,42,320,240
frame_82_43.jpg,Person,54,98,70,127,320,240
frame_82_43.jpg,Person,71,69,86,95,320,240
frame_82_44.jpg,Person,55,76,87,126,320,240
frame_82_44.jpg,Person,55,17,72,59,320,240
frame_82_44.jpg,Person,104,2,128,42,320,240
frame_82_45.jpg,Person,55,17,72,59,320,240
frame_82_45.jpg,Person,104,2,128,42,320,240
frame_82_45.jpg,Person,53,98,73,127,320,240
frame_82_46.jpg,Person,104,2,128,42,320,240
frame_82_46.jpg,Person,55,17,72,59,320,240
frame_82_47.jpg,Person,104,2,128,42,320,240
frame_82_47.jpg,Person,55,17,72,59,320,240
frame_82_48.jpg,Person,104,2,128,42,320,240
frame_82_49.jpg,Person,104,2,128,42,320,240
frame_82_49.jpg,Person,55,17,72,59,320,240
frame_82_5.jpg,Person,101,50,114,80,320,240
frame_82_5.jpg,Person,104,2,128,42,320,240
frame_82_5.jpg,Person,55,17,73,59,320,240
frame_82_5.jpg,Person,108,57,125,85,320,240
frame_82_50.jpg,Person,55,16,72,58,320,240
frame_82_50.jpg,Person,104,2,128,42,320,240
frame_82_51.jpg,Person,104,2,128,42,320,240
frame_82_52.jpg,Person,104,2,128,42,320,240
frame_82_52.jpg,Person,55,16,72,58,320,240
frame_82_53.jpg,Person,104,2,128,42,320,240
frame_82_53.jpg,Person,55,16,72,58,320,240
frame_82_54.jpg,Person,104,2,128,42,320,240
frame_82_54.jpg,Person,55,16,72,58,320,240
frame_82_55.jpg,Person,104,2,128,42,320,240
frame_82_55.jpg,Person,51,66,72,102,320,240
frame_82_55.jpg,Person,55,15,73,58,320,240
frame_16_58.jpg,Person,502,93,554,199,640,360
frame_16_58.jpg,Person,156,57,186,116,640,360
frame_16_58.jpg,Person,30,91,86,193,640,360
frame_16_58.jpg,Person,411,77,444,183,640,360
frame_16_58.jpg,Person,220,123,268,189,640,360
frame_16_58.jpg,Person,61,81,93,147,640,360
frame_16_58.jpg,Person,394,78,416,169,640,360
frame_16_58.jpg,Person,44,87,83,149,640,360
frame_16_59.jpg,Person,156,57,186,116,640,360
frame_16_59.jpg,Person,501,90,553,199,640,360
frame_16_59.jpg,Person,411,77,445,183,640,360
frame_16_59.jpg,Person,31,95,85,192,640,360
frame_16_59.jpg,Person,220,122,267,189,640,360
frame_16_59.jpg,Person,355,196,411,327,640,360
frame_16_59.jpg,Person,394,77,416,168,640,360
frame_16_59.jpg,Person,61,81,91,146,640,360
frame_16_59.jpg,Person,327,195,411,326,640,360
frame_16_6.jpg,Person,150,56,185,117,640,360
frame_16_6.jpg,Person,407,76,463,183,640,360
frame_16_6.jpg,Person,498,91,557,205,640,360
frame_16_6.jpg,Person,220,122,265,187,640,360
frame_16_6.jpg,Person,398,85,420,169,640,360
frame_16_6.jpg,Person,219,121,284,188,640,360
frame_16_60.jpg,Person,501,90,553,199,640,360
frame_16_60.jpg,Person,156,57,186,116,640,360
frame_16_60.jpg,Person,411,76,444,183,640,360
frame_16_60.jpg,Person,32,101,86,191,640,360
frame_16_60.jpg,Person,219,122,267,189,640,360
frame_16_60.jpg,Person,394,78,416,169,640,360
frame_16_61.jpg,Person,156,56,186,116,640,360
frame_16_61.jpg,Person,501,89,552,200,640,360
frame_16_61.jpg,Person,321,198,408,327,640,360
frame_16_61.jpg,Person,394,79,416,169,640,360
frame_16_61.jpg,Person,219,123,267,189,640,360
frame_16_61.jpg,Person,410,76,460,183,640,360
frame_16_61.jpg,Person,410,76,445,183,640,360
frame_16_61.jpg,Person,33,102,85,186,640,360
frame_16_62.jpg,Person,501,90,552,200,640,360
frame_16_62.jpg,Person,157,56,186,116,640,360
frame_16_62.jpg,Person,218,123,267,189,640,360
frame_16_62.jpg,Person,33,102,83,185,640,360
frame_16_62.jpg,Person,394,79,416,168,640,360
frame_16_62.jpg,Person,409,78,461,184,640,360
frame_16_62.jpg,Person,411,78,446,184,640,360
frame_16_62.jpg,Person,44,86,89,148,640,360
frame_16_63.jpg,Person,316,194,409,327,640,360
frame_16_63.jpg,Person,501,90,551,199,640,360
frame_16_63.jpg,Person,157,56,186,116,640,360
frame_16_63.jpg,Person,218,123,267,189,640,360
frame_16_63.jpg,Person,411,78,447,183,640,360
frame_16_63.jpg,Person,394,82,417,169,640,360
frame_16_63.jpg,Person,35,99,80,185,640,360
frame_16_64.jpg,Person,501,90,550,200,640,360
frame_16_64.jpg,Person,157,56,186,116,640,360
frame_16_64.jpg,Person,217,123,266,189,640,360
frame_16_64.jpg,Person,411,77,445,183,640,360
frame_16_64.jpg,Person,31,94,82,184,640,360
frame_16_64.jpg,Person,394,83,417,168,640,360
frame_16_64.jpg,Person,316,195,403,327,640,360
frame_16_64.jpg,Person,43,88,85,149,640,360
frame_16_65.jpg,Person,315,192,404,327,640,360
frame_16_65.jpg,Person,157,56,186,116,640,360
frame_16_65.jpg,Person,500,89,549,199,640,360
frame_16_65.jpg,Person,216,123,267,189,640,360
frame_16_65.jpg,Person,31,93,82,182,640,360
frame_16_65.jpg,Person,411,78,444,184,640,360
frame_16_65.jpg,Person,395,83,419,169,640,360
frame_16_7.jpg,Person,150,56,185,117,640,360
frame_16_7.jpg,Person,405,76,462,183,640,360
frame_16_7.jpg,Person,499,92,557,203,640,360
frame_16_7.jpg,Person,220,122,282,188,640,360
frame_16_7.jpg,Person,397,84,420,169,640,360
frame_16_8.jpg,Person,150,56,185,117,640,360
frame_16_8.jpg,Person,405,74,462,183,640,360
frame_16_8.jpg,Person,498,93,557,202,640,360
frame_16_8.jpg,Person,220,122,284,188,640,360
frame_16_8.jpg,Person,220,122,266,187,640,360
frame_16_8.jpg,Person,59,125,110,202,640,360
frame_16_8.jpg,Person,397,83,420,169,640,360
frame_16_9.jpg,Person,151,56,185,117,640,360
frame_16_9.jpg,Person,405,75,462,184,640,360
frame_16_9.jpg,Person,499,100,557,202,640,360
frame_16_9.jpg,Person,220,123,266,187,640,360
frame_16_9.jpg,Person,56,88,101,147,640,360
frame_16_9.jpg,Person,36,96,109,203,640,360
frame_16_9.jpg,Person,46,127,110,202,640,360
frame_16_9.jpg,Person,395,83,420,168,640,360
frame_17_0.jpg,Person,562,127,615,235,640,360
frame_17_0.jpg,Person,510,102,559,227,640,360
frame_17_0.jpg,Person,116,169,249,321,640,360
frame_17_1.jpg,Person,562,127,615,235,640,360
frame_17_1.jpg,Person,510,102,559,228,640,360
frame_17_1.jpg,Person,116,169,249,321,640,360
frame_17_10.jpg,Person,511,105,572,229,640,360
frame_17_10.jpg,Person,563,124,617,235,640,360
frame_17_10.jpg,Person,159,193,250,317,640,360
frame_17_10.jpg,Person,412,68,471,172,640,360
frame_17_10.jpg,Person,106,170,180,293,640,360
frame_17_10.jpg,Person,170,141,244,228,640,360
frame_17_10.jpg,Person,255,95,279,153,640,360
frame_17_11.jpg,Person,511,104,572,228,640,360
frame_17_11.jpg,Person,562,123,617,234,640,360
frame_17_11.jpg,Person,158,193,250,317,640,360
frame_17_11.jpg,Person,413,68,471,171,640,360
frame_17_11.jpg,Person,106,170,188,294,640,360
frame_17_11.jpg,Person,170,142,243,226,640,360
frame_17_11.jpg,Person,164,82,216,128,640,360
frame_17_11.jpg,Person,254,95,279,153,640,360
frame_17_12.jpg,Person,511,104,572,228,640,360
frame_17_12.jpg,Person,562,123,617,234,640,360
frame_17_12.jpg,Person,156,193,250,317,640,360
frame_17_12.jpg,Person,413,69,471,171,640,360
frame_17_12.jpg,Person,185,142,243,224,640,360
frame_17_12.jpg,Person,104,170,190,293,640,360
frame_17_12.jpg,Person,212,120,262,181,640,360
frame_17_15.jpg,Person,563,123,618,234,640,360
frame_17_15.jpg,Person,161,186,250,321,640,360
frame_17_15.jpg,Person,103,170,189,293,640,360
frame_17_15.jpg,Person,511,103,571,229,640,360
frame_17_15.jpg,Person,415,71,471,171,640,360
frame_17_15.jpg,Person,167,141,240,225,640,360
frame_17_15.jpg,Person,161,83,222,161,640,360
frame_125_5.jpg,Person,66,116,431,552,1280,720
frame_125_50.jpg,Person,239,144,627,508,1280,720
frame_125_51.jpg,Person,235,143,631,505,1280,720
frame_125_52.jpg,Person,238,142,638,499,1280,720
frame_125_53.jpg,Person,221,141,648,507,1280,720
frame_125_54.jpg,Person,217,141,663,508,1280,720
frame_125_55.jpg,Person,212,140,683,510,1280,720
frame_125_56.jpg,Person,212,140,697,510,1280,720
frame_125_57.jpg,Person,212,135,715,503,1280,720
frame_125_58.jpg,Person,212,132,731,502,1280,720
frame_125_59.jpg,Person,211,130,742,498,1280,720
frame_125_6.jpg,Person,52,111,433,550,1280,720
frame_125_7.jpg,Person,48,117,435,553,1280,720
frame_125_8.jpg,Person,44,111,434,550,1280,720
frame_125_9.jpg,Person,184,114,437,553,1280,720
frame_125_9.jpg,Person,58,113,436,548,1280,720
frame_126_0.jpg,Person,647,104,730,260,1280,720
frame_126_0.jpg,Person,826,276,1011,448,1280,720
frame_126_0.jpg,Person,785,168,849,234,1280,720
frame_126_0.jpg,Person,1002,117,1040,227,1280,720
frame_126_0.jpg,Person,692,180,769,265,1280,720
frame_126_0.jpg,Person,310,405,444,542,1280,720
frame_126_0.jpg,Person,276,476,431,641,1280,720
frame_126_1.jpg,Person,826,277,1012,447,1280,720
frame_126_1.jpg,Person,648,104,730,260,1280,720
frame_126_1.jpg,Person,785,168,849,234,1280,720
frame_126_1.jpg,Person,1002,117,1040,227,1280,720
frame_126_1.jpg,Person,310,405,441,542,1280,720
frame_126_1.jpg,Person,692,180,769,265,1280,720
frame_126_10.jpg,Person,831,271,1023,448,1280,720
frame_126_10.jpg,Person,785,169,849,235,1280,720
frame_126_10.jpg,Person,550,330,654,530,1280,720
frame_126_10.jpg,Person,650,103,733,260,1280,720
frame_126_10.jpg,Person,692,182,767,266,1280,720
frame_126_10.jpg,Person,292,483,440,649,1280,720
frame_126_10.jpg,Person,309,405,438,540,1280,720
frame_126_10.jpg,Person,314,141,356,205,1280,720
frame_126_11.jpg,Person,831,271,1023,449,1280,720
frame_126_11.jpg,Person,785,169,849,235,1280,720
frame_126_11.jpg,Person,650,104,736,260,1280,720
frame_126_11.jpg,Person,550,331,651,528,1280,720
frame_126_11.jpg,Person,692,182,767,266,1280,720
frame_126_11.jpg,Person,309,405,437,540,1280,720
frame_126_11.jpg,Person,315,141,357,204,1280,720
frame_126_11.jpg,Person,949,112,1016,200,1280,720
frame_126_11.jpg,Person,201,242,284,354,1280,720
frame_126_12.jpg,Person,831,271,1024,449,1280,720
frame_126_12.jpg,Person,785,169,849,235,1280,720
frame_126_12.jpg,Person,549,332,653,530,1280,720
frame_126_12.jpg,Person,650,104,735,260,1280,720
frame_126_12.jpg,Person,692,182,767,266,1280,720
frame_126_12.jpg,Person,296,487,423,645,1280,720
frame_126_12.jpg,Person,314,141,355,204,1280,720
frame_126_12.jpg,Person,203,241,285,354,1280,720
frame_126_12.jpg,Person,308,406,441,540,1280,720
frame_1_3.jpg,Person,100,59,150,193,480,360
frame_1_3.jpg,Person,8,70,65,181,480,360
frame_1_3.jpg,Person,0,227,42,335,480,360
frame_1_3.jpg,Person,43,7,101,179,480,360
frame_1_30.jpg,Person,105,74,165,227,480,360
frame_1_30.jpg,Person,28,64,74,176,480,360
frame_1_31.jpg,Person,105,74,165,227,480,360
frame_1_31.jpg,Person,28,64,74,176,480,360
frame_1_32.jpg,Person,106,77,165,233,480,360
frame_1_32.jpg,Person,32,64,74,175,480,360
frame_1_33.jpg,Person,106,77,165,233,480,360
frame_1_33.jpg,Person,32,64,74,175,480,360
frame_1_34.jpg,Person,108,77,167,234,480,360
frame_1_34.jpg,Person,25,63,73,175,480,360
frame_1_35.jpg,Person,108,77,167,234,480,360
frame_1_35.jpg,Person,25,63,73,175,480,360
frame_1_36.jpg,Person,109,81,168,235,480,360
frame_1_36.jpg,Person,30,63,72,174,480,360
frame_1_36.jpg,Person,95,240,180,358,480,360
frame_1_37.jpg,Person,109,80,168,235,480,360
frame_1_37.jpg,Person,29,63,71,174,480,360
frame_1_37.jpg,Person,95,240,180,358,480,360
frame_1_38.jpg,Person,111,81,170,235,480,360
frame_1_38.jpg,Person,27,65,68,175,480,360
frame_1_38.jpg,Person,94,229,172,356,480,360
frame_1_39.jpg,Person,112,80,170,235,480,360
frame_1_39.jpg,Person,28,66,68,175,480,360
frame_1_39.jpg,Person,94,229,172,356,480,360
frame_1_4.jpg,Person,98,59,150,192,480,360
frame_1_4.jpg,Person,8,68,53,181,480,360
frame_1_40.jpg,Person,113,80,172,236,480,360
frame_1_40.jpg,Person,28,62,64,175,480,360
frame_1_40.jpg,Person,2,283,165,356,480,360
frame_1_41.jpg,Person,113,79,173,235,480,360
frame_1_41.jpg,Person,28,62,64,175,480,360
frame_1_41.jpg,Person,2,283,165,356,480,360
frame_1_42.jpg,Person,115,80,175,236,480,360
frame_1_42.jpg,Person,83,207,159,354,480,360
frame_1_42.jpg,Person,27,64,60,176,480,360
frame_1_43.jpg,Person,115,80,175,236,480,360
frame_1_43.jpg,Person,83,208,159,356,480,360
frame_1_43.jpg,Person,27,64,61,176,480,360
frame_1_44.jpg,Person,117,80,176,236,480,360
frame_1_44.jpg,Person,76,198,152,356,480,360
frame_1_44.jpg,Person,24,63,59,174,480,360
frame_1_45.jpg,Person,116,80,176,235,480,360
frame_1_45.jpg,Person,76,198,152,356,480,360
frame_1_46.jpg,Person,119,85,179,235,480,360
frame_1_46.jpg,Person,70,192,148,358,480,360
frame_1_46.jpg,Person,24,63,60,174,480,360
frame_1_46.jpg,Person,5,63,59,175,480,360
frame_1_47.jpg,Person,119,84,179,235,480,360
frame_1_47.jpg,Person,69,191,147,356,480,360
frame_1_47.jpg,Person,24,63,59,175,480,360
frame_1_48.jpg,Person,121,87,191,235,480,360
frame_1_48.jpg,Person,63,184,144,356,480,360
frame_1_48.jpg,Person,4,63,58,175,480,360
frame_1_49.jpg,Person,120,87,191,235,480,360
frame_1_49.jpg,Person,63,184,144,356,480,360
frame_1_49.jpg,Person,4,63,58,175,480,360
frame_1_49.jpg,Person,23,64,58,173,480,360
frame_1_5.jpg,Person,98,59,150,192,480,360
frame_1_5.jpg,Person,8,69,53,181,480,360
frame_1_5.jpg,Person,38,73,86,181,480,360
frame_1_5.jpg,Person,0,229,40,335,480,360
frame_1_50.jpg,Person,122,87,201,240,480,360
frame_1_50.jpg,Person,57,174,144,355,480,360
frame_1_50.jpg,Person,22,64,58,174,480,360
frame_1_51.jpg,Person,122,87,201,240,480,360
frame_1_51.jpg,Person,57,174,144,355,480,360
frame_1_51.jpg,Person,22,64,58,173,480,360
frame_1_52.jpg,Person,126,90,207,246,480,360
frame_1_52.jpg,Person,53,167,144,356,480,360
frame_1_52.jpg,Person,21,64,58,173,480,360
frame_1_52.jpg,Person,5,64,59,174,480,360
frame_1_53.jpg,Person,126,90,207,246,480,360
frame_1_53.jpg,Person,53,167,144,356,480,360
frame_1_53.jpg,Person,21,64,59,174,480,360
frame_1_53.jpg,Person,4,64,58,175,480,360
frame_1_54.jpg,Person,130,94,207,247,480,360
frame_1_54.jpg,Person,50,162,141,351,480,360
frame_1_54.jpg,Person,18,65,60,173,480,360
frame_1_55.jpg,Person,130,94,207,248,480,360
frame_1_55.jpg,Person,50,162,141,351,480,360
frame_1_55.jpg,Person,18,64,59,173,480,360
frame_1_56.jpg,Person,135,92,208,247,480,360
frame_1_56.jpg,Person,49,158,127,332,480,360
frame_1_56.jpg,Person,4,61,58,174,480,360
frame_1_56.jpg,Person,19,64,58,174,480,360
frame_1_57.jpg,Person,135,92,208,247,480,360
frame_1_57.jpg,Person,49,158,127,332,480,360
frame_1_57.jpg,Person,4,60,58,174,480,360
frame_140_4.jpg,Person,1036,394,1199,716,1280,720
frame_140_4.jpg,Person,252,93,290,183,1280,720
frame_140_4.jpg,Person,1201,198,1278,707,1280,720
frame_140_5.jpg,Person,1039,386,1199,717,1280,720
frame_140_5.jpg,Person,1200,200,1278,709,1280,720
frame_140_5.jpg,Person,252,93,290,183,1280,720
frame_24_25.jpg,Person,128,169,298,280,640,360
frame_24_25.jpg,Person,261,65,293,128,640,360
frame_24_25.jpg,Person,365,83,390,154,640,360
frame_24_25.jpg,Person,188,103,231,172,640,360
frame_24_25.jpg,Person,231,80,263,158,640,360
frame_24_26.jpg,Person,127,169,298,275,640,360
frame_24_26.jpg,Person,260,65,293,128,640,360
frame_24_26.jpg,Person,366,83,390,155,640,360
frame_24_26.jpg,Person,230,80,263,158,640,360
frame_24_26.jpg,Person,189,103,231,171,640,360
frame_24_26.jpg,Person,232,80,263,138,640,360
frame_24_27.jpg,Person,128,169,298,274,640,360
frame_24_27.jpg,Person,260,65,293,129,640,360
frame_24_27.jpg,Person,365,84,390,155,640,360
frame_24_27.jpg,Person,89,132,132,180,640,360
frame_24_27.jpg,Person,189,104,231,172,640,360
frame_24_27.jpg,Person,229,79,262,158,640,360
frame_24_27.jpg,Person,232,80,263,138,640,360
frame_24_28.jpg,Person,128,169,298,274,640,360
frame_24_28.jpg,Person,261,66,301,130,640,360
frame_24_28.jpg,Person,91,130,133,179,640,360
frame_24_28.jpg,Person,230,79,263,158,640,360
frame_24_28.jpg,Person,365,83,388,152,640,360
frame_24_28.jpg,Person,189,103,231,172,640,360
frame_24_28.jpg,Person,232,79,264,136,640,360
frame_24_29.jpg,Person,128,169,298,273,640,360
frame_24_29.jpg,Person,261,65,299,129,640,360
frame_24_29.jpg,Person,231,79,263,158,640,360
frame_24_29.jpg,Person,91,130,132,179,640,360
frame_24_29.jpg,Person,189,103,231,171,640,360
frame_24_29.jpg,Person,365,83,389,155,640,360
frame_24_3.jpg,Person,125,168,298,283,640,360
frame_24_3.jpg,Person,411,92,428,115,640,360
frame_24_3.jpg,Person,264,67,296,129,640,360
frame_24_3.jpg,Person,255,78,266,124,640,360
frame_24_3.jpg,Person,369,83,388,104,640,360
frame_24_3.jpg,Person,222,91,262,160,640,360
frame_24_3.jpg,Person,188,102,223,172,640,360
frame_24_3.jpg,Person,280,104,327,208,640,360
frame_24_30.jpg,Person,91,130,133,179,640,360
frame_24_30.jpg,Person,128,169,298,272,640,360
frame_24_30.jpg,Person,230,79,263,158,640,360
frame_24_30.jpg,Person,261,65,297,129,640,360
frame_24_30.jpg,Person,189,104,229,172,640,360
frame_24_30.jpg,Person,365,82,389,155,640,360
frame_24_30.jpg,Person,185,202,298,272,640,360
frame_24_31.jpg,Person,261,64,301,129,640,360
frame_24_31.jpg,Person,230,78,263,158,640,360
frame_24_31.jpg,Person,91,130,133,180,640,360
frame_24_31.jpg,Person,128,169,298,271,640,360
frame_24_31.jpg,Person,190,103,230,173,640,360
frame_24_31.jpg,Person,185,202,298,272,640,360
frame_24_31.jpg,Person,365,83,388,143,640,360
frame_24_32.jpg,Person,261,65,302,129,640,360
frame_24_32.jpg,Person,230,78,263,159,640,360
frame_24_32.jpg,Person,91,130,133,180,640,360
frame_24_32.jpg,Person,129,169,298,275,640,360
frame_24_32.jpg,Person,189,102,231,172,640,360
frame_24_32.jpg,Person,364,82,387,155,640,360
frame_24_32.jpg,Person,110,188,281,334,640,360
frame_24_32.jpg,Person,365,83,387,135,640,360
frame_24_33.jpg,Person,230,79,263,159,640,360
frame_24_33.jpg,Person,262,65,302,129,640,360
frame_24_33.jpg,Person,130,169,298,274,640,360
frame_24_33.jpg,Person,91,130,133,179,640,360
frame_24_33.jpg,Person,189,102,231,172,640,360
frame_24_33.jpg,Person,365,83,387,139,640,360
frame_24_34.jpg,Person,230,79,263,159,640,360
frame_24_34.jpg,Person,128,169,298,274,640,360
frame_24_34.jpg,Person,262,65,302,129,640,360
frame_24_34.jpg,Person,91,130,133,179,640,360
frame_24_34.jpg,Person,189,102,230,172,640,360
frame_24_34.jpg,Person,365,82,388,155,640,360
frame_24_34.jpg,Person,365,83,387,133,640,360
frame_24_35.jpg,Person,128,169,298,275,640,360
frame_24_35.jpg,Person,230,77,263,158,640,360
frame_24_35.jpg,Person,261,65,300,129,640,360
frame_24_35.jpg,Person,365,82,387,137,640,360
frame_24_35.jpg,Person,189,102,230,171,640,360
frame_24_35.jpg,Person,110,185,281,332,640,360
frame_24_36.jpg,Person,128,168,298,277,640,360
frame_24_36.jpg,Person,230,77,263,158,640,360
frame_24_36.jpg,Person,261,64,299,129,640,360
frame_24_36.jpg,Person,364,82,386,139,640,360
frame_24_36.jpg,Person,188,102,231,172,640,360
frame_24_37.jpg,Person,128,168,298,275,640,360
frame_24_37.jpg,Person,230,77,263,158,640,360
frame_24_37.jpg,Person,364,82,387,137,640,360
frame_24_37.jpg,Person,262,65,299,129,640,360
frame_24_37.jpg,Person,189,101,231,172,640,360
frame_24_38.jpg,Person,128,169,298,275,640,360
frame_24_38.jpg,Person,230,77,263,159,640,360
frame_24_38.jpg,Person,365,83,387,137,640,360
frame_24_38.jpg,Person,262,64,300,129,640,360
frame_24_38.jpg,Person,189,101,228,173,640,360
frame_24_38.jpg,Person,279,104,334,208,640,360
frame_24_38.jpg,Person,110,185,282,332,640,360
frame_24_39.jpg,Person,128,169,298,275,640,360
frame_24_39.jpg,Person,230,77,263,159,640,360
frame_24_39.jpg,Person,261,64,294,129,640,360
frame_24_39.jpg,Person,365,83,389,137,640,360
frame_24_39.jpg,Person,189,101,228,172,640,360
frame_24_4.jpg,Person,125,168,298,283,640,360
frame_24_4.jpg,Person,264,67,298,129,640,360
frame_24_4.jpg,Person,410,92,428,115,640,360
frame_24_4.jpg,Person,254,78,265,127,640,360
frame_24_4.jpg,Person,369,84,388,104,640,360
frame_24_4.jpg,Person,221,93,261,161,640,360
frame_24_4.jpg,Person,189,102,224,171,640,360
frame_24_4.jpg,Person,281,104,327,208,640,360
frame_24_40.jpg,Person,128,169,298,275,640,360
frame_24_40.jpg,Person,280,78,346,208,640,360
frame_24_40.jpg,Person,230,76,263,159,640,360
frame_24_40.jpg,Person,261,64,293,129,640,360
frame_24_40.jpg,Person,364,82,389,137,640,360
frame_24_40.jpg,Person,189,101,228,173,640,360
frame_24_41.jpg,Person,128,168,298,275,640,360
frame_24_41.jpg,Person,280,78,344,207,640,360
frame_24_41.jpg,Person,230,76,263,159,640,360
frame_24_41.jpg,Person,261,64,294,129,640,360
frame_24_41.jpg,Person,365,82,391,137,640,360
frame_24_41.jpg,Person,190,101,232,173,640,360
frame_24_41.jpg,Person,293,78,344,141,640,360
frame_24_42.jpg,Person,128,168,298,275,640,360
frame_24_42.jpg,Person,280,78,344,208,640,360
frame_24_42.jpg,Person,230,76,263,160,640,360
frame_24_42.jpg,Person,261,65,294,129,640,360
frame_24_42.jpg,Person,365,82,391,137,640,360
frame_24_42.jpg,Person,190,101,232,173,640,360
frame_24_42.jpg,Person,293,78,344,141,640,360
frame_24_43.jpg,Person,127,169,298,273,640,360
frame_24_43.jpg,Person,229,76,262,160,640,360
frame_24_43.jpg,Person,260,64,293,130,640,360
frame_24_43.jpg,Person,279,78,344,208,640,360
frame_24_43.jpg,Person,190,100,234,171,640,360
frame_24_43.jpg,Person,364,83,391,137,640,360
frame_24_43.jpg,Person,300,78,344,140,640,360
frame_24_44.jpg,Person,127,168,298,273,640,360
frame_24_44.jpg,Person,230,76,262,159,640,360
frame_24_44.jpg,Person,260,64,292,130,640,360
frame_24_44.jpg,Person,280,69,346,208,640,360
frame_24_44.jpg,Person,190,100,232,171,640,360
frame_24_44.jpg,Person,365,82,391,137,640,360
frame_24_44.jpg,Person,291,69,344,135,640,360
frame_24_45.jpg,Person,127,168,298,273,640,360
frame_24_45.jpg,Person,230,76,262,159,640,360
frame_24_45.jpg,Person,260,64,289,130,640,360
frame_24_45.jpg,Person,281,68,345,208,640,360
frame_24_45.jpg,Person,190,100,232,172,640,360
frame_24_45.jpg,Person,290,68,345,140,640,360
frame_24_45.jpg,Person,364,83,390,135,640,360
frame_24_46.jpg,Person,127,168,298,273,640,360
frame_24_46.jpg,Person,230,76,262,160,640,360
frame_24_46.jpg,Person,260,64,288,130,640,360
frame_24_46.jpg,Person,281,68,345,208,640,360
frame_24_46.jpg,Person,190,100,231,172,640,360
frame_24_46.jpg,Person,365,82,391,133,640,360
frame_24_46.jpg,Person,291,67,345,138,640,360
frame_24_46.jpg,Person,383,88,426,176,640,360
frame_24_47.jpg,Person,127,168,299,273,640,360
frame_24_47.jpg,Person,230,76,262,159,640,360
frame_24_47.jpg,Person,281,67,345,207,640,360
frame_24_47.jpg,Person,260,64,288,129,640,360
frame_24_47.jpg,Person,364,82,389,135,640,360
frame_24_47.jpg,Person,191,100,231,172,640,360
frame_24_48.jpg,Person,127,168,299,273,640,360
frame_24_48.jpg,Person,279,60,344,208,640,360
frame_24_48.jpg,Person,231,76,261,159,640,360
frame_24_48.jpg,Person,364,83,390,136,640,360
frame_24_48.jpg,Person,258,64,287,130,640,360
frame_24_48.jpg,Person,192,100,228,172,640,360
frame_24_49.jpg,Person,127,168,299,273,640,360
frame_24_49.jpg,Person,280,60,344,208,640,360
frame_24_49.jpg,Person,364,82,390,135,640,360
frame_24_49.jpg,Person,231,76,261,159,640,360
frame_24_49.jpg,Person,258,64,288,130,640,360
frame_24_49.jpg,Person,192,98,230,171,640,360
frame_24_5.jpg,Person,124,168,297,282,640,360
frame_24_5.jpg,Person,264,67,294,128,640,360
frame_24_5.jpg,Person,410,92,428,115,640,360
frame_24_5.jpg,Person,189,103,225,173,640,360
frame_24_5.jpg,Person,369,84,388,104,640,360
frame_24_5.jpg,Person,231,90,262,159,640,360
frame_24_50.jpg,Person,127,168,299,273,640,360
frame_24_50.jpg,Person,279,60,344,208,640,360
frame_24_50.jpg,Person,363,82,390,135,640,360
frame_24_50.jpg,Person,231,76,261,159,640,360
frame_24_50.jpg,Person,259,64,287,130,640,360
frame_24_50.jpg,Person,192,99,227,173,640,360
frame_24_50.jpg,Person,408,87,442,167,640,360
frame_145_3.jpg,Person,630,66,686,254,1280,720
frame_145_4.jpg,Person,627,67,686,255,1280,720
frame_54_20.jpg,Person,131,15,255,422,1280,720
frame_54_20.jpg,Person,0,79,79,554,1280,720
frame_54_20.jpg,Person,103,2,176,331,1280,720
frame_54_21.jpg,Person,122,12,256,423,1280,720
frame_54_21.jpg,Person,0,80,80,554,1280,720
frame_54_21.jpg,Person,111,19,172,333,1280,720
frame_54_22.jpg,Person,0,81,80,555,1280,720
frame_54_22.jpg,Person,133,12,256,423,1280,720
frame_54_22.jpg,Person,113,16,173,331,1280,720
frame_54_23.jpg,Person,132,13,257,424,1280,720
frame_54_23.jpg,Person,0,81,82,554,1280,720
frame_54_23.jpg,Person,114,18,172,332,1280,720
frame_54_24.jpg,Person,136,14,258,423,1280,720
frame_54_24.jpg,Person,0,87,84,555,1280,720
frame_54_24.jpg,Person,113,4,181,331,1280,720
frame_54_25.jpg,Person,137,16,259,423,1280,720
frame_54_25.jpg,Person,0,89,85,557,1280,720
frame_54_25.jpg,Person,113,41,163,330,1280,720
frame_54_26.jpg,Person,131,16,258,424,1280,720
frame_54_26.jpg,Person,0,90,82,559,1280,720
frame_54_26.jpg,Person,112,38,163,331,1280,720
frame_54_27.jpg,Person,131,16,259,424,1280,720
frame_54_27.jpg,Person,0,96,82,560,1280,720
frame_54_28.jpg,Person,134,15,259,423,1280,720
frame_54_28.jpg,Person,0,96,78,559,1280,720
frame_54_28.jpg,Person,113,36,163,331,1280,720
frame_54_29.jpg,Person,135,16,258,423,1280,720
frame_54_29.jpg,Person,0,92,76,557,1280,720
frame_54_29.jpg,Person,113,38,163,331,1280,720
frame_54_3.jpg,Person,0,149,66,567,1280,720
frame_54_3.jpg,Person,113,17,251,378,1280,720
frame_54_3.jpg,Person,0,6,89,310,1280,720
frame_54_30.jpg,Person,0,100,71,559,1280,720
frame_54_30.jpg,Person,147,18,258,426,1280,720
frame_54_30.jpg,Person,112,21,172,332,1280,720
frame_54_31.jpg,Person,0,108,70,560,1280,720
frame_54_31.jpg,Person,149,15,261,428,1280,720
frame_54_31.jpg,Person,111,7,177,332,1280,720
frame_54_32.jpg,Person,0,121,70,560,1280,720
frame_54_32.jpg,Person,147,14,259,432,1280,720
frame_54_32.jpg,Person,108,21,166,332,1280,720
frame_54_33.jpg,Person,0,123,68,560,1280,720
frame_54_33.jpg,Person,145,14,258,431,1280,720
frame_54_33.jpg,Person,105,30,165,332,1280,720
frame_54_34.jpg,Person,145,16,259,432,1280,720
frame_54_34.jpg,Person,0,124,64,561,1280,720
frame_54_34.jpg,Person,104,34,168,331,1280,720
frame_54_35.jpg,Person,0,126,62,562,1280,720
frame_54_35.jpg,Person,139,12,259,432,1280,720
frame_54_35.jpg,Person,106,33,168,333,1280,720
frame_54_36.jpg,Person,143,11,259,433,1280,720
frame_54_36.jpg,Person,0,134,60,566,1280,720
frame_54_36.jpg,Person,108,22,174,334,1280,720
frame_54_37.jpg,Person,142,8,259,433,1280,720
frame_54_37.jpg,Person,0,133,62,566,1280,720
frame_54_37.jpg,Person,108,18,176,336,1280,720
frame_54_38.jpg,Person,0,136,60,565,1280,720
frame_54_38.jpg,Person,148,30,260,433,1280,720
frame_54_38.jpg,Person,110,19,180,334,1280,720
frame_54_39.jpg,Person,0,138,60,565,1280,720
frame_54_39.jpg,Person,151,67,259,434,1280,720
frame_54_39.jpg,Person,111,22,179,334,1280,720
frame_37_1.jpg,Person,511,143,788,652,1280,720
frame_37_1.jpg,Person,650,1,990,661,1280,720
frame_37_10.jpg,Person,519,79,789,657,1280,720
frame_37_10.jpg,Person,668,1,991,659,1280,720
frame_37_11.jpg,Person,519,72,788,655,1280,720
frame_37_11.jpg,Person,669,1,991,660,1280,720
frame_37_12.jpg,Person,519,65,791,656,1280,720
frame_37_12.jpg,Person,671,1,991,660,1280,720
frame_37_13.jpg,Person,519,59,794,657,1280,720
frame_37_13.jpg,Person,673,1,990,659,1280,720
frame_37_14.jpg,Person,520,54,794,657,1280,720
frame_37_14.jpg,Person,644,1,990,648,1280,720
frame_37_15.jpg,Person,519,48,790,657,1280,720
frame_37_15.jpg,Person,628,1,989,644,1280,720
frame_37_16.jpg,Person,520,43,788,658,1280,720
frame_37_16.jpg,Person,626,0,991,646,1280,720
frame_37_17.jpg,Person,520,39,773,656,1280,720
frame_37_17.jpg,Person,624,0,991,648,1280,720
frame_37_18.jpg,Person,519,37,786,656,1280,720
frame_37_18.jpg,Person,625,0,991,654,1280,720
frame_37_19.jpg,Person,520,34,786,656,1280,720
frame_37_19.jpg,Person,623,0,990,655,1280,720
frame_37_2.jpg,Person,511,140,789,653,1280,720
frame_37_2.jpg,Person,657,1,988,663,1280,720
frame_37_20.jpg,Person,520,34,780,654,1280,720
frame_37_20.jpg,Person,622,1,991,649,1280,720
frame_37_21.jpg,Person,520,32,777,653,1280,720
frame_37_21.jpg,Person,625,1,989,653,1280,720
frame_37_22.jpg,Person,521,33,769,653,1280,720
frame_37_22.jpg,Person,617,0,991,650,1280,720
frame_37_23.jpg,Person,522,35,768,653,1280,720
frame_37_23.jpg,Person,617,0,990,637,1280,720
frame_37_24.jpg,Person,530,34,767,653,1280,720
frame_37_24.jpg,Person,631,1,989,634,1280,720
frame_37_25.jpg,Person,518,35,767,654,1280,720
frame_37_25.jpg,Person,691,2,991,638,1280,720
frame_37_26.jpg,Person,518,36,767,655,1280,720
frame_37_26.jpg,Person,691,0,988,637,1280,720
frame_37_27.jpg,Person,518,38,769,654,1280,720
frame_37_27.jpg,Person,695,0,989,637,1280,720
frame_37_28.jpg,Person,518,38,770,654,1280,720
frame_37_28.jpg,Person,696,1,990,637,1280,720
frame_37_29.jpg,Person,517,39,769,655,1280,720
frame_37_29.jpg,Person,696,0,994,633,1280,720
frame_37_3.jpg,Person,513,133,790,655,1280,720
frame_37_3.jpg,Person,657,1,988,669,1280,720
frame_114_58.jpg,Person,308,114,387,329,1280,720
frame_114_58.jpg,Person,325,373,463,612,1280,720
frame_114_58.jpg,Person,434,124,506,277,1280,720
frame_114_58.jpg,Person,853,83,918,262,1280,720
frame_114_58.jpg,Person,934,107,983,239,1280,720
frame_114_58.jpg,Person,695,86,750,150,1280,720
frame_114_58.jpg,Person,1118,204,1175,273,1280,720
frame_114_58.jpg,Person,558,88,605,156,1280,720
frame_114_58.jpg,Person,1097,98,1128,156,1280,720
frame_114_58.jpg,Person,1211,119,1251,187,1280,720
frame_114_58.jpg,Person,1061,97,1102,157,1280,720
frame_114_58.jpg,Person,743,9,779,78,1280,720
frame_114_58.jpg,Person,1112,205,1177,347,1280,720
frame_114_58.jpg,Person,630,10,664,53,1280,720
frame_114_59.jpg,Person,308,114,387,329,1280,720
frame_114_59.jpg,Person,325,373,462,611,1280,720
frame_114_59.jpg,Person,434,124,505,277,1280,720
frame_114_59.jpg,Person,853,83,917,262,1280,720
frame_114_59.jpg,Person,934,107,983,239,1280,720
frame_114_59.jpg,Person,695,86,750,150,1280,720
frame_114_59.jpg,Person,1118,206,1175,274,1280,720
frame_114_59.jpg,Person,558,88,605,156,1280,720
frame_114_59.jpg,Person,1097,98,1129,156,1280,720
frame_114_59.jpg,Person,1212,119,1252,187,1280,720
frame_114_59.jpg,Person,1061,97,1102,157,1280,720
frame_114_59.jpg,Person,743,9,779,78,1280,720
frame_114_59.jpg,Person,1112,205,1177,347,1280,720
frame_114_59.jpg,Person,630,11,664,53,1280,720
frame_114_6.jpg,Person,308,114,388,329,1280,720
frame_114_6.jpg,Person,326,373,463,612,1280,720
frame_114_6.jpg,Person,435,124,506,277,1280,720
frame_114_6.jpg,Person,853,85,919,261,1280,720
frame_114_6.jpg,Person,1173,101,1209,165,1280,720
frame_114_6.jpg,Person,934,106,983,238,1280,720
frame_114_6.jpg,Person,1122,205,1176,273,1280,720
frame_114_6.jpg,Person,698,85,750,154,1280,720
frame_114_6.jpg,Person,1097,99,1128,157,1280,720
frame_114_6.jpg,Person,1062,96,1101,156,1280,720
frame_114_6.jpg,Person,1116,204,1176,297,1280,720
frame_114_6.jpg,Person,560,88,604,151,1280,720
frame_114_6.jpg,Person,744,9,780,80,1280,720
frame_114_6.jpg,Person,629,10,662,53,1280,720
frame_114_7.jpg,Person,308,114,388,329,1280,720
frame_114_7.jpg,Person,326,373,463,612,1280,720
frame_114_7.jpg,Person,435,124,506,277,1280,720
frame_114_7.jpg,Person,853,85,919,260,1280,720
frame_114_7.jpg,Person,1120,205,1175,273,1280,720
frame_114_7.jpg,Person,934,107,983,237,1280,720
frame_114_7.jpg,Person,698,85,750,168,1280,720
frame_114_7.jpg,Person,1174,101,1210,167,1280,720
frame_114_7.jpg,Person,1097,98,1128,157,1280,720
frame_114_7.jpg,Person,560,88,605,154,1280,720
frame_114_7.jpg,Person,1062,96,1101,156,1280,720
frame_114_7.jpg,Person,744,9,780,80,1280,720
frame_114_7.jpg,Person,629,10,662,53,1280,720
frame_114_7.jpg,Person,548,37,595,105,1280,720
frame_114_8.jpg,Person,308,114,388,329,1280,720
frame_114_8.jpg,Person,326,373,463,612,1280,720
frame_114_8.jpg,Person,435,124,506,277,1280,720
frame_114_8.jpg,Person,853,85,919,260,1280,720
frame_114_8.jpg,Person,1120,205,1175,273,1280,720
frame_114_8.jpg,Person,934,107,983,237,1280,720
frame_114_8.jpg,Person,698,85,750,172,1280,720
frame_114_8.jpg,Person,1097,98,1128,157,1280,720
frame_114_8.jpg,Person,1176,101,1212,172,1280,720
frame_114_8.jpg,Person,560,88,606,154,1280,720
frame_114_8.jpg,Person,1062,96,1101,156,1280,720
frame_114_8.jpg,Person,744,9,780,77,1280,720
frame_114_8.jpg,Person,630,10,663,53,1280,720
frame_114_8.jpg,Person,549,37,595,104,1280,720
frame_114_9.jpg,Person,308,114,388,329,1280,720
frame_114_9.jpg,Person,326,373,463,612,1280,720
frame_114_9.jpg,Person,436,124,506,276,1280,720
frame_114_9.jpg,Person,853,85,919,260,1280,720
frame_114_9.jpg,Person,1120,205,1175,273,1280,720
frame_114_9.jpg,Person,934,107,983,237,1280,720
frame_114_9.jpg,Person,698,85,750,153,1280,720
frame_114_9.jpg,Person,1177,102,1213,181,1280,720
frame_114_9.jpg,Person,560,88,606,156,1280,720
frame_114_9.jpg,Person,1097,98,1128,156,1280,720
frame_114_9.jpg,Person,1062,96,1102,156,1280,720
frame_114_9.jpg,Person,743,10,779,78,1280,720
frame_114_9.jpg,Person,630,11,664,54,1280,720
frame_114_9.jpg,Person,1113,205,1176,345,1280,720
frame_40_39.jpg,Person,616,178,850,624,1280,720
frame_40_4.jpg,Person,578,182,789,629,1280,720
frame_40_40.jpg,Person,616,179,850,624,1280,720
frame_40_41.jpg,Person,626,188,849,627,1280,720
frame_40_42.jpg,Person,628,192,850,625,1280,720
frame_40_43.jpg,Person,626,192,849,625,1280,720
frame_40_44.jpg,Person,625,198,847,627,1280,720
frame_40_45.jpg,Person,584,210,841,679,1280,720
frame_40_46.jpg,Person,584,210,841,679,1280,720
frame_40_47.jpg,Person,584,210,841,679,1280,720
frame_40_48.jpg,Person,584,210,841,679,1280,720
frame_40_49.jpg,Person,584,211,839,680,1280,720
frame_40_5.jpg,Person,578,183,789,629,1280,720
frame_40_50.jpg,Person,593,232,829,709,1280,720
frame_40_51.jpg,Person,593,232,829,710,1280,720
frame_40_52.jpg,Person,593,232,829,709,1280,720
frame_40_53.jpg,Person,593,232,829,709,1280,720
frame_40_54.jpg,Person,573,243,820,712,1280,720
frame_40_55.jpg,Person,571,243,820,713,1280,720
frame_40_56.jpg,Person,571,243,820,712,1280,720
frame_40_57.jpg,Person,579,282,821,712,1280,720
frame_40_58.jpg,Person,577,282,821,712,1280,720
frame_40_59.jpg,Person,490,281,823,716,1280,720
frame_131_0.jpg,Person,519,57,995,706,1280,720
frame_131_1.jpg,Person,576,74,994,704,1280,720
frame_131_10.jpg,Person,633,76,1057,705,1280,720
frame_131_11.jpg,Person,644,76,1055,706,1280,720
frame_131_13.jpg,Person,708,80,1118,699,1280,720
frame_131_13.jpg,Person,535,82,1119,706,1280,720
frame_131_14.jpg,Person,528,76,1115,708,1280,720
frame_131_14.jpg,Person,706,80,1117,699,1280,720
frame_131_15.jpg,Person,532,81,1118,706,1280,720
frame_131_15.jpg,Person,706,79,1116,702,1280,720
frame_131_16.jpg,Person,698,80,1115,703,1280,720
frame_131_16.jpg,Person,521,82,1117,706,1280,720
frame_131_17.jpg,Person,702,78,1113,702,1280,720
frame_131_17.jpg,Person,528,79,1113,706,1280,720
frame_4_19.jpg,Person,29,39,46,66,426,240
frame_4_2.jpg,Person,0,96,20,143,426,240
frame_4_2.jpg,Person,0,30,14,64,426,240
frame_4_2.jpg,Person,78,57,106,107,426,240
frame_4_2.jpg,Person,131,31,150,60,426,240
frame_4_23.jpg,Person,25,32,45,67,426,240
frame_4_24.jpg,Person,25,32,44,65,426,240
frame_4_3.jpg,Person,0,30,14,64,426,240
frame_4_3.jpg,Person,0,97,18,140,426,240
frame_4_32.jpg,Person,0,36,6,67,426,240
frame_4_37.jpg,Person,0,34,8,63,426,240
frame_4_38.jpg,Person,0,34,8,63,426,240
frame_4_39.jpg,Person,189,29,201,62,426,240
frame_4_39.jpg,Person,0,36,6,64,426,240
frame_4_39.jpg,Person,15,40,40,78,426,240
frame_4_4.jpg,Person,18,62,62,115,426,240
frame_4_4.jpg,Person,75,57,99,107,426,240
frame_4_4.jpg,Person,0,33,16,66,426,240
frame_94_43.jpg,Person,247,58,303,226,480,360
frame_94_43.jpg,Person,320,76,386,281,480,360
frame_94_43.jpg,Person,154,57,230,219,480,360
frame_94_43.jpg,Person,128,146,205,345,480,360
frame_94_43.jpg,Person,366,42,436,224,480,360
frame_94_43.jpg,Person,179,187,290,359,480,360
frame_94_43.jpg,Person,239,12,282,102,480,360
frame_94_44.jpg,Person,177,183,286,358,480,360
frame_94_44.jpg,Person,246,60,303,225,480,360
frame_94_44.jpg,Person,151,60,231,218,480,360
frame_94_44.jpg,Person,128,140,208,343,480,360
frame_94_44.jpg,Person,318,77,385,281,480,360
frame_94_44.jpg,Person,239,13,281,81,480,360
frame_94_44.jpg,Person,365,42,431,224,480,360
frame_94_45.jpg,Person,177,185,286,359,480,360
frame_94_45.jpg,Person,246,60,303,225,480,360
frame_94_45.jpg,Person,319,77,387,281,480,360
frame_94_45.jpg,Person,151,59,231,216,480,360
frame_94_45.jpg,Person,127,142,205,344,480,360
frame_94_45.jpg,Person,239,12,281,81,480,360
frame_94_45.jpg,Person,365,43,431,225,480,360
frame_94_45.jpg,Person,439,78,479,245,480,360
frame_94_46.jpg,Person,177,184,286,359,480,360
frame_94_46.jpg,Person,246,60,303,225,480,360
frame_94_46.jpg,Person,319,77,386,281,480,360
frame_94_46.jpg,Person,151,59,231,216,480,360
frame_94_46.jpg,Person,127,141,207,342,480,360
frame_94_46.jpg,Person,239,13,281,81,480,360
frame_94_46.jpg,Person,365,42,431,224,480,360
frame_94_47.jpg,Person,248,59,304,226,480,360
frame_94_47.jpg,Person,150,63,233,228,480,360
frame_94_47.jpg,Person,319,74,388,282,480,360
frame_94_47.jpg,Person,176,179,277,358,480,360
frame_94_47.jpg,Person,126,136,204,323,480,360
frame_94_47.jpg,Person,239,15,279,83,480,360
frame_94_47.jpg,Person,354,44,412,218,480,360
frame_94_47.jpg,Person,354,43,411,148,480,360
frame_94_48.jpg,Person,248,59,304,226,480,360
frame_94_48.jpg,Person,150,63,234,229,480,360
frame_94_48.jpg,Person,318,74,389,282,480,360
frame_94_48.jpg,Person,176,179,277,358,480,360
frame_94_48.jpg,Person,125,138,204,324,480,360
frame_94_48.jpg,Person,238,15,279,83,480,360
frame_94_48.jpg,Person,353,44,410,218,480,360
frame_94_48.jpg,Person,355,43,411,142,480,360
frame_94_49.jpg,Person,248,59,304,226,480,360
frame_94_49.jpg,Person,149,63,234,229,480,360
frame_94_49.jpg,Person,318,74,389,282,480,360
frame_94_49.jpg,Person,175,179,276,358,480,360
frame_94_49.jpg,Person,125,138,204,324,480,360
frame_94_49.jpg,Person,238,15,279,83,480,360
frame_94_49.jpg,Person,353,43,410,146,480,360
frame_94_5.jpg,Person,154,194,313,359,480,360
frame_94_5.jpg,Person,245,57,301,218,480,360
frame_94_5.jpg,Person,193,33,249,172,480,360
frame_94_5.jpg,Person,355,47,413,214,480,360
frame_94_5.jpg,Person,319,75,380,281,480,360
frame_94_5.jpg,Person,266,2,301,93,480,360
frame_94_50.jpg,Person,248,59,304,226,480,360
frame_94_50.jpg,Person,148,63,233,229,480,360
frame_94_50.jpg,Person,319,74,389,282,480,360
frame_94_50.jpg,Person,175,179,277,359,480,360
frame_94_50.jpg,Person,126,137,204,324,480,360
frame_94_50.jpg,Person,238,15,279,83,480,360
frame_94_50.jpg,Person,354,44,410,144,480,360
frame_94_51.jpg,Person,248,60,304,226,480,360
frame_94_51.jpg,Person,150,63,234,229,480,360
frame_94_51.jpg,Person,176,179,277,359,480,360
frame_94_51.jpg,Person,319,71,389,282,480,360
frame_94_51.jpg,Person,125,136,205,324,480,360
frame_94_51.jpg,Person,238,15,279,83,480,360
frame_94_51.jpg,Person,354,44,410,142,480,360
frame_94_52.jpg,Person,248,59,303,226,480,360
frame_94_52.jpg,Person,150,62,234,229,480,360
frame_94_52.jpg,Person,319,72,388,282,480,360
frame_94_52.jpg,Person,176,179,277,359,480,360
frame_94_52.jpg,Person,125,135,206,325,480,360
frame_94_52.jpg,Person,238,15,279,83,480,360
frame_94_52.jpg,Person,354,43,410,142,480,360
frame_94_52.jpg,Person,353,43,410,221,480,360
frame_94_53.jpg,Person,248,60,303,226,480,360
frame_94_53.jpg,Person,172,173,272,359,480,360
frame_94_53.jpg,Person,153,65,237,224,480,360
frame_94_53.jpg,Person,320,78,383,281,480,360
frame_94_53.jpg,Person,122,131,199,320,480,360
frame_94_53.jpg,Person,335,43,404,224,480,360
frame_94_53.jpg,Person,237,16,280,84,480,360
frame_94_54.jpg,Person,248,60,303,226,480,360
frame_94_54.jpg,Person,153,65,237,225,480,360
frame_94_54.jpg,Person,171,173,272,359,480,360
frame_94_54.jpg,Person,321,78,385,281,480,360
frame_94_54.jpg,Person,122,130,199,319,480,360
frame_94_54.jpg,Person,335,43,405,224,480,360
frame_94_54.jpg,Person,237,16,280,85,480,360
frame_94_55.jpg,Person,248,60,304,226,480,360
frame_94_55.jpg,Person,154,65,238,224,480,360
frame_94_55.jpg,Person,320,78,384,282,480,360
frame_94_55.jpg,Person,168,175,272,359,480,360
frame_94_55.jpg,Person,123,131,199,318,480,360
frame_94_55.jpg,Person,335,43,404,224,480,360
frame_94_55.jpg,Person,237,16,280,85,480,360
frame_94_56.jpg,Person,248,60,304,226,480,360
frame_94_56.jpg,Person,153,65,237,225,480,360
frame_94_56.jpg,Person,320,78,384,281,480,360
frame_94_56.jpg,Person,169,173,272,358,480,360
frame_94_56.jpg,Person,123,131,199,319,480,360
frame_94_56.jpg,Person,335,43,404,224,480,360
frame_94_56.jpg,Person,237,16,280,86,480,360
frame_94_57.jpg,Person,171,164,269,358,480,360
frame_94_57.jpg,Person,248,59,304,226,480,360
frame_94_57.jpg,Person,155,69,241,221,480,360
frame_94_57.jpg,Person,237,16,282,100,480,360
frame_94_57.jpg,Person,121,127,197,320,480,360
frame_94_57.jpg,Person,322,82,380,282,480,360
frame_94_57.jpg,Person,332,45,401,222,480,360
frame_94_58.jpg,Person,248,59,304,226,480,360
frame_94_58.jpg,Person,171,164,269,358,480,360
frame_94_58.jpg,Person,155,69,241,221,480,360
frame_94_58.jpg,Person,323,44,401,281,480,360
frame_94_58.jpg,Person,120,128,197,318,480,360
frame_94_58.jpg,Person,236,16,283,100,480,360
frame_94_59.jpg,Person,173,160,267,358,480,360
frame_94_59.jpg,Person,246,57,303,227,480,360
frame_94_59.jpg,Person,239,18,283,106,480,360
frame_94_59.jpg,Person,168,73,252,188,480,360
frame_94_59.jpg,Person,333,43,399,161,480,360
frame_94_59.jpg,Person,118,124,193,317,480,360
frame_94_59.jpg,Person,323,80,379,282,480,360
frame_94_6.jpg,Person,154,193,313,359,480,360
frame_94_6.jpg,Person,245,58,300,220,480,360
frame_94_6.jpg,Person,319,76,383,281,480,360
frame_94_6.jpg,Person,191,30,245,173,480,360
frame_94_6.jpg,Person,262,5,301,98,480,360
frame_94_6.jpg,Person,356,48,415,138,480,360
frame_94_6.jpg,Person,356,47,415,214,480,360
frame_94_6.jpg,Person,133,170,240,358,480,360
frame_94_7.jpg,Person,154,193,313,359,480,360
frame_94_7.jpg,Person,246,58,300,219,480,360
frame_94_7.jpg,Person,319,75,383,280,480,360
frame_94_7.jpg,Person,191,30,245,172,480,360
frame_94_7.jpg,Person,357,47,416,214,480,360
frame_94_7.jpg,Person,262,5,302,97,480,360
frame_94_7.jpg,Person,358,48,416,140,480,360
frame_94_8.jpg,Person,154,192,314,359,480,360
frame_94_8.jpg,Person,246,57,301,218,480,360
frame_94_8.jpg,Person,319,76,383,281,480,360
frame_94_8.jpg,Person,190,30,245,171,480,360
frame_94_8.jpg,Person,356,48,415,216,480,360
frame_94_8.jpg,Person,262,6,302,98,480,360
frame_94_8.jpg,Person,356,48,415,140,480,360
frame_94_9.jpg,Person,158,187,315,358,480,360
frame_94_9.jpg,Person,247,59,301,213,480,360
frame_94_9.jpg,Person,360,49,421,215,480,360
frame_94_9.jpg,Person,184,33,239,188,480,360
frame_94_9.jpg,Person,318,74,387,281,480,360
frame_94_9.jpg,Person,261,5,300,93,480,360
frame_95_0.jpg,Person,278,87,347,306,480,360
frame_95_0.jpg,Person,203,34,254,177,480,360
frame_95_0.jpg,Person,134,105,248,358,480,360
frame_95_0.jpg,Person,112,55,157,210,480,360
frame_95_0.jpg,Person,257,0,293,87,480,360
frame_102_19.jpg,Person,284,0,376,198,640,360
frame_102_19.jpg,Person,28,164,127,351,640,360
frame_102_19.jpg,Person,490,0,562,158,640,360
frame_102_19.jpg,Person,533,131,639,275,640,360
frame_102_19.jpg,Person,0,279,102,358,640,360
frame_102_2.jpg,Person,415,0,486,127,640,360
frame_102_2.jpg,Person,181,29,322,197,640,360
frame_102_2.jpg,Person,25,165,126,330,640,360
frame_102_2.jpg,Person,0,283,113,359,640,360
frame_102_3.jpg,Person,415,0,488,128,640,360
frame_102_3.jpg,Person,183,27,324,200,640,360
frame_102_3.jpg,Person,25,165,126,324,640,360
frame_102_3.jpg,Person,1,281,118,359,640,360
frame_102_4.jpg,Person,415,0,492,131,640,360
frame_102_4.jpg,Person,187,25,328,206,640,360
frame_102_4.jpg,Person,25,166,126,324,640,360
frame_102_4.jpg,Person,0,279,118,358,640,360
frame_102_5.jpg,Person,416,0,511,140,640,360
frame_102_5.jpg,Person,197,23,330,208,640,360
frame_102_5.jpg,Person,26,165,128,335,640,360
frame_102_5.jpg,Person,442,206,586,348,640,360
frame_102_5.jpg,Person,0,279,48,359,640,360
frame_102_6.jpg,Person,416,0,518,145,640,360
frame_102_6.jpg,Person,201,23,331,208,640,360
frame_102_6.jpg,Person,24,165,127,335,640,360
frame_102_6.jpg,Person,447,191,590,340,640,360
frame_102_7.jpg,Person,418,0,527,149,640,360
frame_102_7.jpg,Person,205,24,330,210,640,360
frame_102_7.jpg,Person,25,165,127,350,640,360
frame_102_7.jpg,Person,468,169,593,328,640,360
frame_102_8.jpg,Person,427,0,535,150,640,360
frame_102_8.jpg,Person,207,22,330,209,640,360
frame_102_8.jpg,Person,25,164,127,351,640,360
frame_102_8.jpg,Person,462,159,594,322,640,360
frame_102_9.jpg,Person,457,0,544,150,640,360
frame_102_9.jpg,Person,210,20,332,210,640,360
frame_102_9.jpg,Person,24,165,127,325,640,360
frame_102_9.jpg,Person,446,142,594,354,640,360
frame_102_9.jpg,Person,468,142,593,299,640,360
frame_103_0.jpg,Person,480,26,552,192,640,360
frame_103_0.jpg,Person,362,32,435,201,640,360
frame_103_0.jpg,Person,242,199,362,352,640,360
frame_103_0.jpg,Person,401,0,441,74,640,360
frame_103_0.jpg,Person,303,304,389,358,640,360
frame_103_1.jpg,Person,480,23,552,191,640,360
frame_103_1.jpg,Person,372,29,442,200,640,360
frame_103_1.jpg,Person,241,199,376,351,640,360
frame_103_1.jpg,Person,401,0,441,63,640,360
frame_103_1.jpg,Person,299,304,379,358,640,360
frame_103_10.jpg,Person,479,24,536,198,640,360
frame_103_10.jpg,Person,397,19,454,189,640,360
frame_103_10.jpg,Person,241,202,386,353,640,360
frame_103_10.jpg,Person,291,319,399,358,640,360
frame_103_10.jpg,Person,400,0,441,45,640,360
frame_103_11.jpg,Person,479,24,536,201,640,360
frame_103_11.jpg,Person,399,15,454,181,640,360
frame_103_11.jpg,Person,241,203,386,352,640,360
frame_103_11.jpg,Person,294,321,389,358,640,360
frame_103_12.jpg,Person,479,24,536,201,640,360
frame_103_12.jpg,Person,399,15,454,181,640,360
frame_103_12.jpg,Person,242,204,386,354,640,360
frame_103_12.jpg,Person,295,321,390,359,640,360
frame_103_13.jpg,Person,403,15,456,171,640,360
frame_103_13.jpg,Person,480,26,535,179,640,360
frame_103_13.jpg,Person,241,204,386,353,640,360
frame_103_13.jpg,Person,400,0,441,42,640,360
frame_103_14.jpg,Person,403,15,456,167,640,360
frame_103_14.jpg,Person,243,205,387,352,640,360
frame_103_14.jpg,Person,480,29,543,181,640,360
frame_103_14.jpg,Person,400,0,441,42,640,360
frame_103_15.jpg,Person,403,15,456,167,640,360
frame_103_15.jpg,Person,241,206,386,354,640,360
frame_103_15.jpg,Person,480,29,543,181,640,360
frame_103_15.jpg,Person,400,0,441,42,640,360
frame_103_16.jpg,Person,407,15,461,166,640,360
frame_103_16.jpg,Person,483,33,546,195,640,360
frame_103_16.jpg,Person,242,205,390,354,640,360
frame_103_16.jpg,Person,400,0,441,55,640,360
frame_103_17.jpg,Person,409,14,463,165,640,360
frame_103_17.jpg,Person,484,35,541,192,640,360
frame_103_17.jpg,Person,242,206,387,354,640,360
frame_103_17.jpg,Person,401,0,441,60,640,360
frame_103_18.jpg,Person,483,36,540,202,640,360
frame_103_18.jpg,Person,409,14,465,164,640,360
frame_103_18.jpg,Person,242,206,387,353,640,360
frame_103_18.jpg,Person,401,0,441,59,640,360
frame_103_19.jpg,Person,413,11,473,158,640,360
frame_103_19.jpg,Person,484,38,541,216,640,360
frame_103_19.jpg,Person,242,206,387,352,640,360
frame_103_19.jpg,Person,401,0,441,64,640,360
frame_103_2.jpg,Person,480,24,552,192,640,360
frame_103_2.jpg,Person,372,29,441,200,640,360
frame_103_2.jpg,Person,241,199,378,351,640,360
frame_103_2.jpg,Person,401,0,441,62,640,360
frame_103_2.jpg,Person,299,304,379,357,640,360
frame_103_3.jpg,Person,377,26,447,188,640,360
frame_103_3.jpg,Person,479,23,538,191,640,360
frame_103_3.jpg,Person,242,198,388,353,640,360
frame_103_4.jpg,Person,378,25,448,188,640,360
frame_103_4.jpg,Person,480,23,544,191,640,360
frame_103_4.jpg,Person,242,199,387,351,640,360
frame_103_5.jpg,Person,378,25,448,188,640,360
frame_103_5.jpg,Person,479,23,544,191,640,360
frame_103_5.jpg,Person,242,199,387,352,640,360
frame_103_5.jpg,Person,283,307,371,358,640,360
frame_103_6.jpg,Person,386,25,451,190,640,360
frame_103_6.jpg,Person,480,23,536,191,640,360
frame_103_6.jpg,Person,240,199,392,346,640,360
frame_103_6.jpg,Person,283,311,370,359,640,360
frame_103_6.jpg,Person,399,0,441,48,640,360
frame_103_7.jpg,Person,480,23,534,190,640,360
frame_103_7.jpg,Person,386,23,452,190,640,360
frame_103_7.jpg,Person,240,199,386,351,640,360
frame_103_7.jpg,Person,295,313,372,358,640,360
frame_103_8.jpg,Person,480,23,536,192,640,360
frame_103_8.jpg,Person,386,24,453,188,640,360
frame_103_8.jpg,Person,240,200,385,350,640,360
frame_103_8.jpg,Person,296,314,372,358,640,360
frame_103_8.jpg,Person,400,0,441,48,640,360
frame_103_9.jpg,Person,480,23,536,192,640,360
frame_103_9.jpg,Person,240,200,385,350,640,360
frame_103_9.jpg,Person,386,24,453,188,640,360
frame_103_9.jpg,Person,293,314,372,358,640,360
frame_103_9.jpg,Person,400,0,441,48,640,360
frame_104_0.jpg,Person,429,115,530,224,640,360
frame_104_0.jpg,Person,398,12,489,152,640,360
frame_104_0.jpg,Person,402,0,442,83,640,360
frame_104_0.jpg,Person,601,308,639,358,640,360
frame_104_0.jpg,Person,366,317,438,358,640,360
frame_104_0.jpg,Person,585,116,639,232,640,360
frame_104_1.jpg,Person,384,103,491,216,640,360
frame_104_1.jpg,Person,579,93,639,229,640,360
frame_104_1.jpg,Person,398,13,488,122,640,360
frame_104_1.jpg,Person,402,0,442,83,640,360
frame_104_1.jpg,Person,341,311,437,358,640,360
frame_104_1.jpg,Person,601,309,638,358,640,360
frame_104_1.jpg,Person,110,319,217,359,640,360
frame_45_23.jpg,Person,239,81,338,281,626,360
frame_45_23.jpg,Person,85,73,180,299,626,360
frame_45_23.jpg,Person,170,73,247,177,626,360
frame_45_24.jpg,Person,240,79,338,279,626,360
frame_45_24.jpg,Person,169,72,249,176,626,360
frame_45_24.jpg,Person,71,73,180,299,626,360
frame_45_25.jpg,Person,239,78,338,279,626,360
frame_45_25.jpg,Person,168,71,250,176,626,360
frame_45_25.jpg,Person,88,73,181,301,626,360
frame_45_26.jpg,Person,239,78,338,279,626,360
frame_45_26.jpg,Person,169,71,250,176,626,360
frame_45_26.jpg,Person,74,72,180,300,626,360
frame_45_26.jpg,Person,172,111,227,176,626,360
frame_45_27.jpg,Person,240,79,338,279,626,360
frame_45_27.jpg,Person,169,70,250,176,626,360
frame_45_27.jpg,Person,77,72,180,298,626,360
frame_45_27.jpg,Person,172,111,227,176,626,360
frame_45_28.jpg,Person,239,77,338,278,626,360
frame_45_28.jpg,Person,170,70,250,175,626,360
frame_45_28.jpg,Person,79,72,180,299,626,360
frame_45_29.jpg,Person,239,78,338,277,626,360
frame_45_29.jpg,Person,170,69,250,175,626,360
frame_45_29.jpg,Person,79,71,175,298,626,360
frame_45_3.jpg,Person,85,75,182,304,626,360
frame_45_3.jpg,Person,238,83,337,284,626,360
frame_45_3.jpg,Person,170,74,231,179,626,360
frame_45_30.jpg,Person,239,80,340,278,626,360
frame_45_30.jpg,Person,169,69,251,174,626,360
frame_45_30.jpg,Person,79,70,177,297,626,360
frame_45_30.jpg,Person,171,111,227,175,626,360
frame_45_31.jpg,Person,240,79,340,277,626,360
frame_45_31.jpg,Person,171,69,251,174,626,360
frame_45_31.jpg,Person,78,70,175,297,626,360
frame_45_32.jpg,Person,239,78,340,277,626,360
frame_45_32.jpg,Person,171,69,252,174,626,360
frame_45_32.jpg,Person,79,71,181,299,626,360
frame_45_33.jpg,Person,171,69,251,174,626,360
frame_45_33.jpg,Person,239,80,341,277,626,360
frame_45_33.jpg,Person,79,70,180,297,626,360
frame_45_34.jpg,Person,239,79,341,277,626,360
frame_45_34.jpg,Person,172,71,238,174,626,360
frame_45_34.jpg,Person,89,70,180,295,626,360
frame_45_35.jpg,Person,240,79,341,277,626,360
frame_45_35.jpg,Person,172,71,232,175,626,360
frame_45_35.jpg,Person,240,78,420,277,626,360
frame_45_35.jpg,Person,132,71,185,185,626,360
frame_45_36.jpg,Person,240,78,342,277,626,360
frame_45_36.jpg,Person,175,71,238,175,626,360
frame_45_37.jpg,Person,239,78,342,277,626,360
frame_45_37.jpg,Person,178,71,240,174,626,360
frame_45_37.jpg,Person,97,70,188,295,626,360
frame_45_38.jpg,Person,239,78,341,277,626,360
frame_45_38.jpg,Person,179,71,238,175,626,360
frame_45_38.jpg,Person,99,70,189,293,626,360
frame_45_38.jpg,Person,125,70,190,293,626,360
frame_45_39.jpg,Person,240,77,342,276,626,360
frame_45_39.jpg,Person,93,71,167,291,626,360
frame_45_39.jpg,Person,134,70,194,216,626,360
frame_45_39.jpg,Person,190,72,240,170,626,360
frame_121_11.jpg,Person,448,222,602,639,1280,720
frame_121_12.jpg,Person,448,221,601,638,1280,720
frame_121_13.jpg,Person,451,220,598,639,1280,720
frame_121_14.jpg,Person,453,222,597,639,1280,720
frame_121_15.jpg,Person,454,224,595,639,1280,720
frame_121_16.jpg,Person,454,224,593,640,1280,720
frame_121_17.jpg,Person,455,227,592,639,1280,720
frame_121_18.jpg,Person,455,228,595,640,1280,720
frame_121_19.jpg,Person,455,230,593,639,1280,720
frame_121_19.jpg,Person,560,310,624,549,1280,720
frame_121_2.jpg,Person,452,220,595,638,1280,720
frame_121_2.jpg,Person,877,346,992,595,1280,720
frame_121_20.jpg,Person,456,224,591,637,1280,720
frame_121_21.jpg,Person,456,225,590,638,1280,720
frame_121_22.jpg,Person,457,226,591,638,1280,720
frame_121_23.jpg,Person,454,225,591,637,1280,720
frame_121_24.jpg,Person,460,225,592,639,1280,720
frame_121_25.jpg,Person,460,225,591,638,1280,720
frame_121_26.jpg,Person,460,225,591,638,1280,720
frame_121_27.jpg,Person,460,226,591,638,1280,720
frame_121_28.jpg,Person,462,226,591,637,1280,720
frame_121_29.jpg,Person,460,226,591,638,1280,720
frame_121_3.jpg,Person,452,220,597,638,1280,720
frame_28_33.jpg,Person,110,87,241,337,640,352
frame_28_33.jpg,Person,44,46,144,223,640,352
frame_28_33.jpg,Person,236,69,291,254,640,352
frame_28_34.jpg,Person,110,86,241,337,640,352
frame_28_34.jpg,Person,43,49,144,224,640,352
frame_28_34.jpg,Person,237,69,291,254,640,352
frame_28_35.jpg,Person,109,86,242,337,640,352
frame_28_35.jpg,Person,43,49,138,224,640,352
frame_28_35.jpg,Person,236,69,291,254,640,352
frame_28_36.jpg,Person,108,88,241,338,640,352
frame_28_36.jpg,Person,43,55,139,224,640,352
frame_28_36.jpg,Person,235,71,290,255,640,352
frame_28_37.jpg,Person,108,87,241,339,640,352
frame_28_37.jpg,Person,43,54,141,223,640,352
frame_28_37.jpg,Person,235,70,290,255,640,352
frame_28_37.jpg,Person,195,69,291,254,640,352
frame_28_38.jpg,Person,109,87,241,338,640,352
frame_28_38.jpg,Person,42,54,139,224,640,352
frame_28_38.jpg,Person,235,70,290,255,640,352
frame_28_38.jpg,Person,195,70,291,255,640,352
frame_28_39.jpg,Person,110,87,242,338,640,352
frame_28_39.jpg,Person,42,54,139,224,640,352
frame_28_39.jpg,Person,235,70,290,255,640,352
frame_28_4.jpg,Person,110,92,230,342,640,352
frame_28_4.jpg,Person,44,60,149,228,640,352
frame_28_4.jpg,Person,231,71,307,258,640,352
frame_28_40.jpg,Person,108,88,242,338,640,352
frame_28_40.jpg,Person,42,48,139,224,640,352
frame_28_40.jpg,Person,236,70,290,256,640,352
frame_28_41.jpg,Person,107,87,242,338,640,352
frame_28_41.jpg,Person,43,50,137,224,640,352
frame_28_41.jpg,Person,236,69,290,255,640,352
frame_28_42.jpg,Person,107,87,242,338,640,352
frame_28_42.jpg,Person,42,52,138,224,640,352
frame_28_42.jpg,Person,236,70,290,256,640,352
frame_28_43.jpg,Person,108,88,242,338,640,352
frame_28_43.jpg,Person,41,52,136,224,640,352
frame_28_43.jpg,Person,235,69,290,255,640,352
frame_28_44.jpg,Person,108,88,241,338,640,352
frame_28_44.jpg,Person,41,50,134,224,640,352
frame_28_44.jpg,Person,234,69,289,255,640,352
frame_28_45.jpg,Person,42,52,136,224,640,352
frame_28_45.jpg,Person,108,89,239,338,640,352
frame_28_45.jpg,Person,234,72,290,256,640,352
frame_28_46.jpg,Person,41,51,134,224,640,352
frame_28_46.jpg,Person,109,89,240,338,640,352
frame_28_46.jpg,Person,235,72,290,255,640,352
frame_28_47.jpg,Person,111,89,243,339,640,352
frame_28_47.jpg,Person,41,54,134,224,640,352
frame_28_47.jpg,Person,234,72,290,255,640,352
frame_28_48.jpg,Person,42,57,134,223,640,352
frame_28_48.jpg,Person,111,90,241,340,640,352
frame_28_48.jpg,Person,235,72,290,256,640,352
frame_28_49.jpg,Person,112,91,244,340,640,352
frame_28_49.jpg,Person,42,55,134,221,640,352
frame_28_49.jpg,Person,237,72,291,255,640,352
frame_28_5.jpg,Person,45,59,150,228,640,352
frame_28_5.jpg,Person,109,92,235,341,640,352
frame_28_5.jpg,Person,241,71,306,258,640,352
frame_28_50.jpg,Person,111,90,243,340,640,352
frame_28_50.jpg,Person,42,51,134,220,640,352
frame_28_50.jpg,Person,236,72,290,255,640,352
frame_28_51.jpg,Person,111,90,243,340,640,352
frame_28_51.jpg,Person,40,50,133,219,640,352
frame_28_51.jpg,Person,234,74,289,255,640,352
frame_28_52.jpg,Person,110,90,243,339,640,352
frame_28_52.jpg,Person,38,50,132,218,640,352
frame_28_52.jpg,Person,235,72,290,256,640,352
frame_28_53.jpg,Person,111,89,243,338,640,352
frame_28_53.jpg,Person,36,53,131,217,640,352
frame_28_53.jpg,Person,234,72,290,256,640,352
frame_28_6.jpg,Person,46,60,150,228,640,352
frame_28_6.jpg,Person,109,92,233,342,640,352
frame_28_6.jpg,Person,241,70,306,257,640,352
frame_28_7.jpg,Person,110,92,234,341,640,352
frame_28_7.jpg,Person,46,58,149,228,640,352
frame_28_7.jpg,Person,239,70,307,257,640,352
frame_28_7.jpg,Person,202,70,307,258,640,352
frame_28_8.jpg,Person,109,92,232,341,640,352
frame_28_8.jpg,Person,47,54,151,228,640,352
frame_28_8.jpg,Person,194,69,307,258,640,352
frame_28_8.jpg,Person,239,70,306,257,640,352
frame_28_9.jpg,Person,109,92,233,341,640,352
frame_28_9.jpg,Person,46,48,149,227,640,352
frame_28_9.jpg,Person,242,70,306,257,640,352
frame_74_14.jpg,Person,299,53,393,287,704,480
frame_74_15.jpg,Person,298,54,391,288,704,480
frame_74_16.jpg,Person,298,54,390,288,704,480
frame_74_17.jpg,Person,298,51,388,282,704,480
frame_74_18.jpg,Person,298,49,387,280,704,480
frame_74_19.jpg,Person,299,44,385,267,704,480
frame_74_2.jpg,Person,299,75,405,342,704,480
frame_74_20.jpg,Person,299,42,384,257,704,480
frame_74_21.jpg,Person,301,40,385,244,704,480
frame_74_22.jpg,Person,302,38,384,244,704,480
frame_74_23.jpg,Person,303,37,384,244,704,480
frame_74_24.jpg,Person,305,37,384,244,704,480
frame_74_25.jpg,Person,308,37,385,244,704,480
frame_74_26.jpg,Person,309,37,385,243,704,480
frame_74_27.jpg,Person,310,37,385,243,704,480
frame_74_28.jpg,Person,311,35,385,240,704,480
frame_74_29.jpg,Person,310,33,383,234,704,480
frame_74_3.jpg,Person,301,75,404,342,704,480
frame_74_30.jpg,Person,310,32,383,228,704,480
frame_74_31.jpg,Person,309,28,382,215,704,480
frame_74_32.jpg,Person,309,27,382,211,704,480
frame_74_33.jpg,Person,309,24,382,209,704,480
frame_74_34.jpg,Person,310,24,382,209,704,480
frame_74_35.jpg,Person,309,24,380,209,704,480
frame_74_36.jpg,Person,309,25,380,209,704,480
frame_74_37.jpg,Person,308,25,379,209,704,480
frame_97_4.jpg,Person,68,177,128,281,450,360
frame_97_4.jpg,Person,0,201,55,230,450,360
frame_97_4.jpg,Person,3,112,27,151,450,360
frame_97_40.jpg,Person,0,201,55,230,450,360
frame_97_40.jpg,Person,2,112,26,152,450,360
frame_97_40.jpg,Person,69,145,110,230,450,360
frame_97_41.jpg,Person,0,201,54,230,450,360
frame_97_41.jpg,Person,2,112,26,152,450,360
frame_97_41.jpg,Person,69,142,107,226,450,360
frame_97_42.jpg,Person,0,201,54,230,450,360
frame_97_42.jpg,Person,3,112,27,152,450,360
frame_97_42.jpg,Person,69,142,108,228,450,360
frame_97_42.jpg,Person,71,142,107,207,450,360
frame_97_43.jpg,Person,0,201,54,230,450,360
frame_97_43.jpg,Person,3,112,27,152,450,360
frame_97_43.jpg,Person,71,141,108,226,450,360
frame_97_44.jpg,Person,0,201,55,230,450,360
frame_97_44.jpg,Person,3,111,26,151,450,360
frame_97_44.jpg,Person,72,139,106,220,450,360
frame_97_45.jpg,Person,3,112,26,152,450,360
frame_97_45.jpg,Person,0,201,54,230,450,360
frame_97_45.jpg,Person,71,139,105,222,450,360
frame_97_45.jpg,Person,32,94,55,130,450,360
frame_97_46.jpg,Person,3,112,26,152,450,360
frame_97_46.jpg,Person,0,201,54,230,450,360
frame_97_46.jpg,Person,70,138,104,212,450,360
frame_97_46.jpg,Person,32,94,55,130,450,360
frame_97_47.jpg,Person,3,112,26,152,450,360
frame_97_47.jpg,Person,0,201,54,230,450,360
frame_97_47.jpg,Person,70,138,104,212,450,360
frame_97_47.jpg,Person,31,94,54,130,450,360
frame_97_48.jpg,Person,3,112,26,152,450,360
frame_97_48.jpg,Person,0,201,54,230,450,360
frame_97_48.jpg,Person,70,138,104,212,450,360
frame_97_48.jpg,Person,32,94,55,130,450,360
frame_97_49.jpg,Person,68,137,102,212,450,360
frame_97_49.jpg,Person,3,112,26,152,450,360
frame_97_49.jpg,Person,0,201,54,230,450,360
frame_97_49.jpg,Person,31,94,54,130,450,360
frame_97_5.jpg,Person,67,177,128,282,450,360
frame_97_5.jpg,Person,0,201,54,230,450,360
frame_97_5.jpg,Person,3,112,26,151,450,360
frame_97_6.jpg,Person,66,173,117,284,450,360
frame_97_6.jpg,Person,1,112,26,151,450,360
frame_97_6.jpg,Person,0,201,55,230,450,360
frame_97_6.jpg,Person,68,173,117,253,450,360
frame_97_6.jpg,Person,93,208,131,283,450,360
frame_97_7.jpg,Person,3,112,26,151,450,360
frame_97_7.jpg,Person,61,172,117,283,450,360
frame_97_7.jpg,Person,0,201,54,230,450,360
frame_97_7.jpg,Person,69,172,117,253,450,360
frame_97_7.jpg,Person,93,208,131,283,450,360
frame_97_8.jpg,Person,63,172,117,283,450,360
frame_97_8.jpg,Person,4,112,26,151,450,360
frame_97_8.jpg,Person,0,201,54,230,450,360
frame_97_8.jpg,Person,93,208,131,283,450,360
frame_97_8.jpg,Person,69,172,117,253,450,360
frame_97_8.jpg,Person,31,94,47,129,450,360
frame_97_9.jpg,Person,68,169,120,249,450,360
frame_97_9.jpg,Person,0,201,54,230,450,360
frame_97_9.jpg,Person,4,112,26,151,450,360
frame_98_0.jpg,Person,285,175,338,263,450,360
frame_98_0.jpg,Person,217,165,267,226,450,360
frame_98_0.jpg,Person,90,70,103,111,450,360
frame_98_0.jpg,Person,72,74,82,103,450,360
frame_98_0.jpg,Person,185,90,204,137,450,360
frame_98_0.jpg,Person,406,139,437,195,450,360
frame_98_1.jpg,Person,285,175,338,263,450,360
frame_98_1.jpg,Person,217,165,267,227,450,360
frame_98_1.jpg,Person,90,70,103,111,450,360
frame_98_1.jpg,Person,185,90,204,137,450,360
frame_98_1.jpg,Person,72,74,82,103,450,360
frame_98_1.jpg,Person,405,148,436,195,450,360
frame_98_10.jpg,Person,291,175,337,262,450,360
frame_98_10.jpg,Person,219,176,251,227,450,360
frame_98_10.jpg,Person,89,71,102,111,450,360
frame_98_10.jpg,Person,70,75,82,103,450,360
frame_98_10.jpg,Person,184,90,203,137,450,360
frame_98_10.jpg,Person,409,146,432,190,450,360
frame_98_11.jpg,Person,291,177,337,263,450,360
frame_98_11.jpg,Person,219,177,251,228,450,360
frame_98_11.jpg,Person,88,69,101,110,450,360
frame_98_11.jpg,Person,70,75,82,103,450,360
frame_98_11.jpg,Person,184,90,203,137,450,360
frame_98_11.jpg,Person,409,146,433,190,450,360
frame_98_11.jpg,Person,435,164,449,194,450,360
frame_98_12.jpg,Person,290,178,335,263,450,360
frame_98_12.jpg,Person,218,177,250,229,450,360
frame_98_12.jpg,Person,89,69,103,110,450,360
frame_98_12.jpg,Person,186,90,204,137,450,360
frame_98_12.jpg,Person,70,75,82,103,450,360
frame_98_13.jpg,Person,290,181,335,263,450,360
frame_98_13.jpg,Person,217,178,251,230,450,360
frame_98_13.jpg,Person,89,69,103,111,450,360
frame_98_13.jpg,Person,186,90,204,137,450,360
frame_98_13.jpg,Person,69,74,82,103,450,360
frame_98_14.jpg,Person,290,180,335,263,450,360
frame_98_14.jpg,Person,217,178,251,231,450,360
frame_98_14.jpg,Person,88,69,102,111,450,360
frame_98_14.jpg,Person,186,90,204,137,450,360
frame_98_14.jpg,Person,69,73,82,102,450,360
frame_108_41.jpg,Person,414,65,439,187,640,360
frame_108_41.jpg,Person,326,84,390,276,640,360
frame_108_41.jpg,Person,41,186,84,275,640,360
frame_108_42.jpg,Person,414,64,439,187,640,360
frame_108_42.jpg,Person,329,84,390,277,640,360
frame_108_42.jpg,Person,40,182,86,275,640,360
frame_108_43.jpg,Person,414,62,439,187,640,360
frame_108_43.jpg,Person,328,85,389,276,640,360
frame_108_43.jpg,Person,40,178,86,276,640,360
frame_108_44.jpg,Person,415,63,440,189,640,360
frame_108_44.jpg,Person,331,88,390,280,640,360
frame_108_44.jpg,Person,40,182,85,277,640,360
frame_108_45.jpg,Person,415,63,440,189,640,360
frame_108_45.jpg,Person,331,88,390,280,640,360
frame_108_45.jpg,Person,40,182,85,277,640,360
frame_108_46.jpg,Person,415,65,440,188,640,360
frame_108_46.jpg,Person,330,89,390,277,640,360
frame_108_46.jpg,Person,41,184,86,278,640,360
frame_108_46.jpg,Person,381,59,417,197,640,360
frame_108_47.jpg,Person,415,65,440,188,640,360
frame_108_47.jpg,Person,330,89,390,277,640,360
frame_108_47.jpg,Person,41,184,87,277,640,360
frame_108_47.jpg,Person,4,4,272,355,640,360
frame_108_47.jpg,Person,381,59,417,197,640,360
frame_108_48.jpg,Person,415,66,440,189,640,360
frame_108_48.jpg,Person,328,89,389,277,640,360
frame_108_48.jpg,Person,41,185,87,278,640,360
frame_108_48.jpg,Person,6,5,273,355,640,360
frame_108_48.jpg,Person,381,59,417,198,640,360
frame_108_49.jpg,Person,415,67,440,190,640,360
frame_108_49.jpg,Person,329,89,388,280,640,360
frame_108_49.jpg,Person,41,183,86,278,640,360
frame_108_5.jpg,Person,417,56,443,183,640,360
frame_108_5.jpg,Person,311,79,388,262,640,360
frame_108_5.jpg,Person,42,131,89,271,640,360
frame_108_5.jpg,Person,43,171,88,271,640,360
frame_108_50.jpg,Person,415,67,440,190,640,360
frame_108_50.jpg,Person,328,89,389,280,640,360
frame_108_50.jpg,Person,43,186,87,279,640,360
frame_108_51.jpg,Person,327,90,388,278,640,360
frame_108_51.jpg,Person,415,67,440,190,640,360
frame_108_51.jpg,Person,42,182,87,279,640,360
frame_108_52.jpg,Person,415,67,440,190,640,360
frame_108_52.jpg,Person,327,89,388,278,640,360
frame_108_52.jpg,Person,42,184,87,279,640,360
frame_108_53.jpg,Person,415,66,441,192,640,360
frame_108_53.jpg,Person,327,89,388,279,640,360
frame_108_53.jpg,Person,42,186,87,280,640,360
frame_108_54.jpg,Person,327,90,388,277,640,360
frame_108_54.jpg,Person,415,67,440,190,640,360
frame_108_54.jpg,Person,43,185,89,280,640,360
frame_108_55.jpg,Person,325,91,388,276,640,360
frame_108_55.jpg,Person,415,67,440,190,640,360
frame_108_55.jpg,Person,42,182,89,280,640,360
frame_108_55.jpg,Person,4,5,271,355,640,360
frame_108_56.jpg,Person,325,91,387,276,640,360
frame_108_56.jpg,Person,414,68,439,192,640,360
frame_108_56.jpg,Person,43,183,89,281,640,360
frame_108_57.jpg,Person,325,90,386,279,640,360
frame_108_57.jpg,Person,414,67,440,192,640,360
frame_108_57.jpg,Person,43,190,88,281,640,360
frame_108_57.jpg,Person,42,150,90,281,640,360
frame_108_58.jpg,Person,326,92,387,280,640,360
frame_108_58.jpg,Person,414,68,440,194,640,360
frame_108_58.jpg,Person,43,184,89,282,640,360
frame_108_59.jpg,Person,331,93,387,275,640,360
frame_108_59.jpg,Person,414,72,439,194,640,360
frame_108_59.jpg,Person,43,189,88,282,640,360
frame_108_6.jpg,Person,417,57,442,183,640,360
frame_108_6.jpg,Person,311,80,387,263,640,360
frame_108_6.jpg,Person,42,136,88,271,640,360
frame_108_7.jpg,Person,311,79,386,262,640,360
frame_108_7.jpg,Person,418,55,443,182,640,360
frame_108_7.jpg,Person,41,172,86,270,640,360
frame_108_7.jpg,Person,40,130,87,270,640,360
frame_108_8.jpg,Person,311,79,386,262,640,360
frame_108_8.jpg,Person,418,55,443,182,640,360
frame_108_8.jpg,Person,41,171,86,270,640,360
frame_108_8.jpg,Person,40,131,87,270,640,360
frame_108_9.jpg,Person,417,54,443,181,640,360
frame_108_9.jpg,Person,311,78,385,267,640,360
frame_108_9.jpg,Person,41,140,85,270,640,360
frame_109_0.jpg,Person,734,0,937,380,1280,720
frame_109_1.jpg,Person,732,0,935,387,1280,720
frame_109_10.jpg,Person,691,0,925,410,1280,720
frame_109_11.jpg,Person,686,0,923,428,1280,720
frame_109_12.jpg,Person,686,0,923,428,1280,720
frame_12_0.jpg,Person,69,127,224,285,512,288
frame_12_0.jpg,Person,239,77,305,174,512,288
frame_12_0.jpg,Person,125,58,180,165,512,288
frame_12_0.jpg,Person,171,79,225,164,512,288
frame_12_1.jpg,Person,66,125,223,284,512,288
frame_12_1.jpg,Person,238,77,305,175,512,288
frame_12_1.jpg,Person,124,58,181,165,512,288
frame_131_19.jpg,Person,773,99,1196,700,1280,720
frame_131_39.jpg,Person,789,88,1258,703,1280,720
frame_132_47.jpg,Person,543,193,681,404,1280,720
frame_132_47.jpg,Person,874,140,953,310,1280,720
frame_135_2.jpg,Person,673,365,810,646,1280,720
frame_135_2.jpg,Person,1075,269,1203,459,1280,720
frame_135_2.jpg,Person,834,235,975,419,1280,720
frame_135_35.jpg,Person,806,537,1048,719,1280,720
frame_135_35.jpg,Person,1109,279,1226,450,1280,720
frame_135_35.jpg,Person,681,203,792,414,1280,720
frame_135_58.jpg,Person,521,162,607,339,1280,720
frame_135_58.jpg,Person,9,368,134,598,1280,720
frame_137_3.jpg,Person,439,81,664,562,1280,720
frame_137_6.jpg,Person,411,23,659,559,1280,720
frame_138_32.jpg,Person,718,223,845,438,1280,720
frame_138_32.jpg,Person,509,296,655,566,1280,720
frame_139_10.jpg,Person,499,72,739,509,1280,720
frame_139_27.jpg,Person,531,68,754,489,1280,720
frame_139_42.jpg,Person,525,65,743,480,1280,720
frame_33_7.jpg,Person,78,132,187,345,640,360
frame_33_8.jpg,Person,79,131,189,344,640,360
frame_33_9.jpg,Person,79,131,189,344,640,360
frame_34_0.jpg,Person,426,66,515,243,640,360
frame_34_1.jpg,Person,425,66,515,243,640,360
frame_34_10.jpg,Person,425,68,513,246,640,360
frame_34_11.jpg,Person,424,68,512,246,640,360
frame_34_12.jpg,Person,424,68,512,246,640,360
frame_34_13.jpg,Person,423,67,512,246,640,360
frame_34_14.jpg,Person,423,68,512,246,640,360
frame_34_15.jpg,Person,423,69,512,247,640,360
frame_34_16.jpg,Person,422,69,511,247,640,360
frame_34_17.jpg,Person,422,69,511,246,640,360
frame_34_18.jpg,Person,422,69,511,247,640,360
frame_34_19.jpg,Person,421,69,510,247,640,360
frame_34_2.jpg,Person,425,68,514,244,640,360
frame_34_20.jpg,Person,421,69,510,247,640,360
frame_34_21.jpg,Person,421,68,510,247,640,360
frame_34_22.jpg,Person,421,70,510,248,640,360
frame_34_23.jpg,Person,422,70,510,248,640,360
frame_34_24.jpg,Person,420,69,509,248,640,360
frame_34_25.jpg,Person,421,70,509,248,640,360
frame_34_26.jpg,Person,419,70,508,248,640,360
frame_34_27.jpg,Person,419,70,508,248,640,360
frame_34_28.jpg,Person,419,70,509,248,640,360
frame_34_29.jpg,Person,418,70,509,248,640,360
frame_34_3.jpg,Person,425,67,515,244,640,360
frame_34_30.jpg,Person,418,70,508,248,640,360
frame_34_31.jpg,Person,418,70,508,248,640,360
frame_8_19.jpg,Person,316,252,349,342,640,360
frame_8_19.jpg,Person,301,229,320,295,640,360
frame_8_19.jpg,Person,386,227,406,292,640,360
frame_8_19.jpg,Person,361,240,385,311,640,360
frame_8_19.jpg,Person,318,233,335,266,640,360
frame_8_19.jpg,Person,344,251,368,317,640,360
frame_8_19.jpg,Person,348,231,360,250,640,360
frame_8_19.jpg,Person,331,227,349,251,640,360
frame_8_19.jpg,Person,331,227,351,263,640,360
frame_8_2.jpg,Person,292,227,316,289,640,360
frame_8_2.jpg,Person,314,251,347,339,640,360
frame_8_2.jpg,Person,342,250,378,316,640,360
frame_8_2.jpg,Person,386,228,406,294,640,360
frame_8_2.jpg,Person,343,232,359,262,640,360
frame_8_2.jpg,Person,315,228,332,259,640,360
frame_8_2.jpg,Person,401,234,423,296,640,360
frame_8_2.jpg,Person,329,236,345,262,640,360
frame_8_20.jpg,Person,316,251,350,343,640,360
frame_8_20.jpg,Person,302,229,321,295,640,360
frame_8_20.jpg,Person,385,227,406,292,640,360
frame_8_20.jpg,Person,363,241,385,311,640,360
frame_8_20.jpg,Person,319,233,335,268,640,360
frame_8_20.jpg,Person,344,251,369,317,640,360
frame_8_20.jpg,Person,348,231,359,251,640,360
frame_8_20.jpg,Person,331,227,350,265,640,360
frame_8_20.jpg,Person,331,227,349,251,640,360
frame_8_20.jpg,Person,404,236,422,296,640,360
frame_8_21.jpg,Person,317,251,351,345,640,360
frame_8_21.jpg,Person,302,230,321,296,640,360
frame_8_21.jpg,Person,386,228,407,293,640,360
frame_8_21.jpg,Person,363,241,386,311,640,360
frame_8_21.jpg,Person,319,233,334,268,640,360
frame_8_21.jpg,Person,344,249,371,320,640,360
frame_8_21.jpg,Person,404,237,422,296,640,360
frame_8_21.jpg,Person,331,227,350,264,640,360
frame_8_21.jpg,Person,331,227,349,251,640,360
frame_8_21.jpg,Person,346,231,360,258,640,360
frame_8_22.jpg,Person,323,251,353,343,640,360
frame_8_22.jpg,Person,304,230,322,296,640,360
frame_8_22.jpg,Person,386,228,408,294,640,360
frame_8_22.jpg,Person,366,240,390,311,640,360
frame_8_22.jpg,Person,348,249,372,320,640,360
frame_8_22.jpg,Person,319,233,334,271,640,360
frame_8_22.jpg,Person,330,227,349,252,640,360
frame_8_22.jpg,Person,348,232,360,260,640,360
frame_8_22.jpg,Person,348,231,359,251,640,360
frame_8_22.jpg,Person,402,234,421,295,640,360
frame_8_22.jpg,Person,331,227,353,265,640,360
frame_8_23.jpg,Person,324,250,352,341,640,360
frame_8_23.jpg,Person,304,230,322,296,640,360
frame_8_23.jpg,Person,367,239,393,310,640,360
frame_8_23.jpg,Person,385,227,408,292,640,360
frame_8_23.jpg,Person,350,250,376,315,640,360
frame_8_23.jpg,Person,319,232,334,304,640,360
frame_8_23.jpg,Person,347,231,359,262,640,360
frame_8_23.jpg,Person,331,227,351,255,640,360
frame_8_23.jpg,Person,319,233,334,277,640,360
frame_8_23.jpg,Person,331,226,353,265,640,360
frame_8_24.jpg,Person,325,250,353,342,640,360
frame_8_24.jpg,Person,304,230,323,296,640,360
frame_8_24.jpg,Person,350,250,377,315,640,360
frame_8_24.jpg,Person,368,239,391,309,640,360
frame_8_24.jpg,Person,384,228,408,292,640,360
frame_8_24.jpg,Person,319,233,335,305,640,360
frame_8_24.jpg,Person,347,231,359,263,640,360
frame_8_24.jpg,Person,330,227,353,264,640,360
frame_8_24.jpg,Person,319,233,335,277,640,360
frame_8_24.jpg,Person,330,227,351,253,640,360
frame_8_25.jpg,Person,304,229,323,296,640,360
frame_8_25.jpg,Person,327,249,353,338,640,360
frame_8_25.jpg,Person,351,250,378,312,640,360
frame_8_25.jpg,Person,319,232,335,305,640,360
frame_8_25.jpg,Person,369,240,392,308,640,360
frame_8_25.jpg,Person,384,228,407,292,640,360
frame_8_25.jpg,Person,348,231,360,263,640,360
frame_8_25.jpg,Person,331,227,353,265,640,360
frame_8_25.jpg,Person,330,227,351,253,640,360
frame_8_26.jpg,Person,305,229,323,296,640,360
frame_8_26.jpg,Person,319,232,335,305,640,360
frame_8_26.jpg,Person,327,250,354,340,640,360
frame_8_26.jpg,Person,369,240,395,306,640,360
frame_8_26.jpg,Person,330,227,355,265,640,360
frame_8_26.jpg,Person,386,227,407,292,640,360
frame_8_26.jpg,Person,351,251,374,313,640,360
frame_8_26.jpg,Person,349,231,359,250,640,360
frame_8_27.jpg,Person,306,229,323,296,640,360
frame_8_27.jpg,Person,326,250,355,338,640,360
frame_8_27.jpg,Person,369,240,400,308,640,360
frame_8_27.jpg,Person,318,233,335,305,640,360
frame_8_27.jpg,Person,352,250,372,301,640,360
frame_8_27.jpg,Person,387,228,406,292,640,360
frame_8_27.jpg,Person,388,227,405,267,640,360
frame_8_27.jpg,Person,330,227,356,266,640,360
frame_8_27.jpg,Person,349,231,359,250,640,360
frame_8_28.jpg,Person,307,230,324,296,640,360
frame_8_28.jpg,Person,327,249,356,339,640,360
frame_8_28.jpg,Person,372,240,402,308,640,360
frame_8_28.jpg,Person,388,227,406,290,640,360
frame_8_28.jpg,Person,318,233,335,305,640,360
frame_8_28.jpg,Person,352,250,375,303,640,360
frame_8_28.jpg,Person,349,231,359,250,640,360
frame_8_29.jpg,Person,308,230,325,296,640,360
frame_8_29.jpg,Person,374,241,404,309,640,360
frame_8_29.jpg,Person,327,249,356,341,640,360
frame_8_29.jpg,Person,352,250,378,312,640,360
frame_8_29.jpg,Person,318,233,335,305,640,360
frame_8_29.jpg,Person,386,227,407,292,640,360
frame_8_29.jpg,Person,402,232,424,295,640,360
frame_8_29.jpg,Person,349,231,359,250,640,360
frame_8_3.jpg,Person,292,228,316,291,640,360
frame_8_3.jpg,Person,313,252,345,340,640,360
frame_8_3.jpg,Person,340,250,377,315,640,360
frame_8_3.jpg,Person,385,228,406,294,640,360
frame_8_3.jpg,Person,316,228,332,257,640,360
frame_8_3.jpg,Person,401,234,423,296,640,360
frame_8_3.jpg,Person,344,232,360,262,640,360
frame_8_30.jpg,Person,375,240,405,306,640,360
frame_8_30.jpg,Person,310,229,328,296,640,360
frame_8_30.jpg,Person,327,248,356,339,640,360
frame_8_30.jpg,Person,352,249,380,310,640,360
frame_8_30.jpg,Person,402,233,424,295,640,360
frame_8_30.jpg,Person,318,233,335,305,640,360
frame_8_30.jpg,Person,389,227,405,258,640,360
frame_8_30.jpg,Person,349,232,359,250,640,360
frame_8_31.jpg,Person,311,229,330,296,640,360
frame_8_31.jpg,Person,328,249,356,339,640,360
frame_8_31.jpg,Person,376,239,407,307,640,360
frame_8_31.jpg,Person,352,248,379,311,640,360
frame_8_31.jpg,Person,402,234,424,296,640,360
frame_8_31.jpg,Person,318,227,347,304,640,360
frame_8_31.jpg,Person,387,228,403,256,640,360
frame_8_31.jpg,Person,318,233,336,305,640,360
frame_8_32.jpg,Person,311,230,330,296,640,360
frame_8_32.jpg,Person,376,238,408,307,640,360
frame_8_32.jpg,Person,326,248,356,339,640,360
frame_8_32.jpg,Person,352,248,380,312,640,360
frame_8_32.jpg,Person,319,227,351,304,640,360
frame_8_32.jpg,Person,177,235,203,273,640,360
frame_8_32.jpg,Person,387,227,402,250,640,360
frame_8_32.jpg,Person,400,234,423,296,640,360
frame_8_32.jpg,Person,349,232,359,250,640,360
frame_8_33.jpg,Person,311,230,330,296,640,360
frame_8_33.jpg,Person,381,238,411,308,640,360
frame_8_33.jpg,Person,326,249,355,341,640,360
frame_8_33.jpg,Person,352,248,381,312,640,360
frame_8_33.jpg,Person,385,228,402,250,640,360
frame_8_33.jpg,Person,318,227,350,304,640,360
frame_8_4.jpg,Person,290,228,315,291,640,360
frame_8_4.jpg,Person,312,252,345,339,640,360
frame_8_4.jpg,Person,340,250,378,315,640,360
frame_8_4.jpg,Person,385,227,406,292,640,360
frame_8_4.jpg,Person,316,229,332,259,640,360
frame_8_4.jpg,Person,402,234,424,296,640,360
frame_8_4.jpg,Person,344,232,360,262,640,360
frame_8_5.jpg,Person,290,228,315,291,640,360
frame_8_5.jpg,Person,311,252,344,339,640,360
frame_8_5.jpg,Person,340,250,378,316,640,360
frame_8_5.jpg,Person,385,227,406,292,640,360
frame_8_5.jpg,Person,315,228,332,261,640,360
frame_8_5.jpg,Person,402,233,424,296,640,360
frame_8_5.jpg,Person,345,232,367,262,640,360
frame_8_6.jpg,Person,290,229,314,292,640,360
frame_8_6.jpg,Person,311,252,344,339,640,360
frame_8_6.jpg,Person,386,228,408,293,640,360
frame_8_6.jpg,Person,339,249,378,316,640,360
frame_8_6.jpg,Person,315,229,333,263,640,360
frame_8_6.jpg,Person,402,234,424,296,640,360
frame_8_6.jpg,Person,345,232,366,262,640,360
frame_8_7.jpg,Person,290,229,313,292,640,360
frame_8_7.jpg,Person,311,252,344,340,640,360
frame_8_7.jpg,Person,385,227,406,292,640,360
frame_8_7.jpg,Person,339,249,378,316,640,360
frame_8_7.jpg,Person,315,229,334,263,640,360
frame_8_7.jpg,Person,402,234,424,296,640,360
frame_8_7.jpg,Person,347,232,369,262,640,360
frame_8_7.jpg,Person,347,231,359,260,640,360
frame_8_8.jpg,Person,290,229,312,293,640,360
frame_8_8.jpg,Person,313,251,344,338,640,360
frame_8_8.jpg,Person,385,228,406,293,640,360
frame_8_8.jpg,Person,340,250,378,316,640,360
frame_8_8.jpg,Person,402,234,424,296,640,360
frame_8_8.jpg,Person,316,229,335,263,640,360
frame_8_8.jpg,Person,345,232,370,262,640,360
frame_8_9.jpg,Person,290,229,312,293,640,360
frame_8_9.jpg,Person,313,252,345,339,640,360
frame_8_9.jpg,Person,386,227,408,292,640,360
frame_8_9.jpg,Person,341,250,379,316,640,360
frame_8_9.jpg,Person,402,234,423,296,640,360
frame_8_9.jpg,Person,316,228,335,263,640,360
frame_8_9.jpg,Person,344,232,372,262,640,360
frame_70_40.jpg,Person,317,0,347,58,704,480
frame_70_40.jpg,Person,281,0,309,58,704,480
frame_70_41.jpg,Person,319,0,347,60,704,480
frame_70_41.jpg,Person,282,0,308,58,704,480
frame_70_41.jpg,Person,304,0,318,34,704,480
frame_71_0.jpg,Person,260,8,312,141,704,480
frame_71_0.jpg,Person,366,51,424,231,704,480
frame_71_0.jpg,Person,326,47,375,206,704,480
frame_71_0.jpg,Person,321,13,371,80,704,480
frame_71_1.jpg,Person,259,10,313,144,704,480
frame_71_1.jpg,Person,366,50,424,230,704,480
frame_71_1.jpg,Person,327,47,374,201,704,480
frame_71_1.jpg,Person,322,13,371,83,704,480
frame_71_1.jpg,Person,321,13,371,135,704,480
frame_71_10.jpg,Person,256,15,309,158,704,480
frame_71_10.jpg,Person,366,44,425,210,704,480
frame_71_10.jpg,Person,316,14,366,150,704,480
frame_71_10.jpg,Person,329,42,377,196,704,480
frame_71_11.jpg,Person,257,15,309,158,704,480
frame_71_11.jpg,Person,366,44,425,209,704,480
frame_71_11.jpg,Person,309,14,363,150,704,480
frame_71_11.jpg,Person,332,41,377,190,704,480
frame_71_12.jpg,Person,257,15,309,158,704,480
frame_71_12.jpg,Person,307,13,360,151,704,480
frame_71_12.jpg,Person,366,44,425,210,704,480
frame_71_12.jpg,Person,336,40,378,187,704,480
frame_71_13.jpg,Person,256,15,310,158,704,480
frame_71_13.jpg,Person,307,13,361,152,704,480
frame_71_13.jpg,Person,366,43,423,210,704,480
frame_71_13.jpg,Person,339,39,379,181,704,480
frame_71_14.jpg,Person,256,16,309,161,704,480
frame_71_14.jpg,Person,366,43,422,211,704,480
frame_71_14.jpg,Person,307,13,361,154,704,480
frame_71_14.jpg,Person,339,40,379,180,704,480
frame_71_15.jpg,Person,256,18,309,167,704,480
frame_71_15.jpg,Person,365,43,421,210,704,480
frame_71_15.jpg,Person,309,16,361,156,704,480
frame_71_15.jpg,Person,341,38,381,180,704,480
frame_71_16.jpg,Person,256,19,309,166,704,480
frame_71_16.jpg,Person,364,42,419,210,704,480
frame_71_16.jpg,Person,338,37,381,180,704,480
frame_71_16.jpg,Person,308,16,359,156,704,480
frame_71_17.jpg,Person,256,21,309,170,704,480
frame_71_17.jpg,Person,363,42,418,206,704,480
frame_71_17.jpg,Person,309,16,359,156,704,480
frame_71_17.jpg,Person,346,38,382,180,704,480
frame_71_18.jpg,Person,256,22,312,175,704,480
frame_71_18.jpg,Person,363,41,419,204,704,480
frame_71_18.jpg,Person,308,17,357,155,704,480
frame_71_18.jpg,Person,348,37,381,179,704,480
frame_71_19.jpg,Person,257,24,312,178,704,480
frame_71_19.jpg,Person,362,40,418,202,704,480
frame_71_19.jpg,Person,308,18,354,155,704,480
frame_71_19.jpg,Person,349,36,383,179,704,480
frame_71_2.jpg,Person,260,11,314,147,704,480
frame_71_2.jpg,Person,367,49,425,228,704,480
frame_71_2.jpg,Person,326,47,375,201,704,480
frame_71_2.jpg,Person,322,13,371,85,704,480
frame_71_2.jpg,Person,321,13,370,135,704,480
frame_71_20.jpg,Person,362,40,417,197,704,480
frame_71_20.jpg,Person,259,24,309,178,704,480
frame_71_20.jpg,Person,349,36,383,179,704,480
frame_71_20.jpg,Person,307,19,352,155,704,480
frame_71_21.jpg,Person,259,25,315,179,704,480
frame_71_21.jpg,Person,362,40,416,194,704,480
frame_71_21.jpg,Person,307,20,352,157,704,480
frame_71_21.jpg,Person,351,35,384,175,704,480
frame_71_22.jpg,Person,258,24,316,179,704,480
frame_71_22.jpg,Person,362,39,416,193,704,480
frame_71_22.jpg,Person,307,21,351,157,704,480
frame_71_22.jpg,Person,351,33,385,172,704,480
frame_71_23.jpg,Person,258,23,313,178,704,480
frame_71_23.jpg,Person,360,39,416,193,704,480
frame_71_23.jpg,Person,307,22,351,165,704,480
frame_71_23.jpg,Person,351,33,387,167,704,480
frame_71_24.jpg,Person,361,39,414,193,704,480
frame_71_24.jpg,Person,258,24,314,178,704,480
frame_71_24.jpg,Person,307,23,351,168,704,480
frame_71_24.jpg,Person,350,31,387,164,704,480
frame_71_25.jpg,Person,361,39,415,193,704,480
frame_71_25.jpg,Person,258,25,314,179,704,480
frame_71_25.jpg,Person,306,25,351,169,704,480
frame_71_25.jpg,Person,349,30,386,161,704,480
frame_71_26.jpg,Person,361,39,414,194,704,480
frame_71_26.jpg,Person,259,24,315,181,704,480
frame_71_26.jpg,Person,307,25,351,172,704,480
frame_71_26.jpg,Person,349,30,387,162,704,480
frame_148_5.jpg,Person,153,192,215,258,480,360
frame_148_5.jpg,Person,336,209,400,295,480,360
frame_148_5.jpg,Person,261,126,297,208,480,360
frame_148_50.jpg,Person,261,126,297,207,480,360
frame_148_50.jpg,Person,155,192,215,258,480,360
frame_148_50.jpg,Person,329,212,397,280,480,360
frame_148_50.jpg,Person,325,107,356,164,480,360
frame_148_51.jpg,Person,261,126,297,207,480,360
frame_148_51.jpg,Person,155,192,215,258,480,360
frame_148_51.jpg,Person,329,211,398,281,480,360
frame_148_51.jpg,Person,325,107,356,164,480,360
frame_148_51.jpg,Person,325,107,356,190,480,360
frame_148_52.jpg,Person,261,126,297,207,480,360
frame_148_52.jpg,Person,155,191,215,256,480,360
frame_148_53.jpg,Person,261,126,297,207,480,360
frame_148_53.jpg,Person,155,191,215,256,480,360
frame_148_54.jpg,Person,261,126,296,207,480,360
frame_148_54.jpg,Person,154,191,215,256,480,360
frame_148_55.jpg,Person,155,191,215,256,480,360
frame_148_55.jpg,Person,261,126,297,207,480,360
frame_148_56.jpg,Person,261,126,297,207,480,360
frame_148_56.jpg,Person,155,191,215,256,480,360
frame_148_57.jpg,Person,155,191,215,256,480,360
frame_148_57.jpg,Person,261,126,296,207,480,360
frame_148_58.jpg,Person,155,191,215,256,480,360
frame_148_58.jpg,Person,261,126,296,207,480,360
frame_148_59.jpg,Person,261,126,297,207,480,360
frame_148_59.jpg,Person,155,191,215,256,480,360
frame_148_6.jpg,Person,154,192,216,257,480,360
frame_148_6.jpg,Person,336,207,400,294,480,360
frame_148_6.jpg,Person,260,126,297,208,480,360
frame_148_7.jpg,Person,154,192,215,257,480,360
frame_148_7.jpg,Person,260,126,297,208,480,360
frame_148_7.jpg,Person,336,208,400,293,480,360
frame_148_8.jpg,Person,154,192,215,257,480,360
frame_148_8.jpg,Person,261,126,297,208,480,360
frame_148_8.jpg,Person,336,207,400,292,480,360
frame_148_9.jpg,Person,261,126,297,208,480,360
frame_148_9.jpg,Person,155,191,215,256,480,360
frame_148_9.jpg,Person,335,207,399,290,480,360
frame_149_0.jpg,Person,329,116,404,251,480,360
frame_149_0.jpg,Person,201,108,235,230,480,360
frame_149_0.jpg,Person,273,105,313,226,480,360
frame_149_0.jpg,Person,226,253,357,317,480,360
frame_149_0.jpg,Person,3,176,115,335,480,360
frame_149_1.jpg,Person,329,115,403,250,480,360
frame_149_1.jpg,Person,201,108,235,229,480,360
frame_149_1.jpg,Person,273,105,313,226,480,360
frame_149_1.jpg,Person,2,176,115,336,480,360
frame_149_1.jpg,Person,226,254,358,318,480,360
frame_149_10.jpg,Person,201,107,235,229,480,360
frame_149_10.jpg,Person,330,114,401,252,480,360
frame_149_10.jpg,Person,2,183,108,335,480,360
frame_149_10.jpg,Person,266,103,338,222,480,360
frame_149_10.jpg,Person,266,103,315,222,480,360
frame_149_10.jpg,Person,225,253,350,318,480,360
frame_149_11.jpg,Person,201,107,235,228,480,360
frame_149_11.jpg,Person,330,113,400,250,480,360
frame_149_11.jpg,Person,263,103,310,222,480,360
frame_149_11.jpg,Person,3,183,109,334,480,360
frame_149_11.jpg,Person,226,253,346,318,480,360
frame_149_12.jpg,Person,201,107,235,228,480,360
frame_149_12.jpg,Person,329,113,400,251,480,360
frame_149_12.jpg,Person,263,102,311,222,480,360
frame_149_12.jpg,Person,2,182,110,335,480,360
frame_149_12.jpg,Person,226,253,345,318,480,360
frame_149_13.jpg,Person,201,107,235,228,480,360
frame_149_13.jpg,Person,329,113,400,251,480,360
frame_149_13.jpg,Person,263,103,311,223,480,360
frame_149_13.jpg,Person,2,183,108,335,480,360
frame_149_13.jpg,Person,226,253,342,318,480,360
frame_149_14.jpg,Person,201,107,235,228,480,360
frame_149_14.jpg,Person,331,111,399,250,480,360
frame_149_14.jpg,Person,2,184,110,336,480,360
frame_149_14.jpg,Person,261,102,311,221,480,360
frame_149_14.jpg,Person,226,253,434,335,480,360
frame_14_79.jpg,Person,585,523,1037,750,1920,1080
frame_14_8.jpg,Person,402,430,1023,724,1920,1080
frame_14_80.jpg,Person,791,391,1409,756,1920,1080
frame_14_80.jpg,Person,599,519,1080,758,1920,1080
frame_14_81.jpg,Person,787,389,1412,752,1920,1080
frame_14_81.jpg,Person,595,515,1091,754,1920,1080
frame_14_82.jpg,Person,796,392,1420,758,1920,1080
frame_14_82.jpg,Person,608,504,1096,759,1920,1080
frame_14_9.jpg,Person,407,430,1026,725,1920,1080
frame_150_0.jpg,Person,267,66,301,159,640,360
frame_150_0.jpg,Person,110,124,197,223,640,360
frame_150_0.jpg,Person,209,51,243,133,640,360
frame_150_0.jpg,Person,121,87,165,136,640,360
frame_150_1.jpg,Person,110,124,199,222,640,360
frame_150_1.jpg,Person,267,65,301,158,640,360
frame_150_1.jpg,Person,208,50,243,133,640,360
frame_150_1.jpg,Person,121,87,167,134,640,360
frame_150_10.jpg,Person,269,61,302,154,640,360
frame_150_10.jpg,Person,206,44,244,131,640,360
frame_150_10.jpg,Person,116,115,200,220,640,360
frame_150_10.jpg,Person,105,84,200,220,640,360
frame_150_11.jpg,Person,269,60,302,153,640,360
frame_150_11.jpg,Person,205,45,243,131,640,360
frame_150_11.jpg,Person,119,114,197,219,640,360
frame_150_12.jpg,Person,269,60,302,153,640,360
frame_150_12.jpg,Person,206,44,243,131,640,360
frame_150_12.jpg,Person,119,112,194,221,640,360
frame_150_13.jpg,Person,270,60,303,153,640,360
frame_150_13.jpg,Person,205,44,242,130,640,360
frame_150_13.jpg,Person,119,112,195,221,640,360
frame_150_14.jpg,Person,271,60,303,153,640,360
frame_150_14.jpg,Person,123,110,196,221,640,360
frame_150_14.jpg,Person,205,45,240,130,640,360
frame_150_15.jpg,Person,271,59,303,152,640,360
frame_150_15.jpg,Person,125,109,194,221,640,360
frame_150_15.jpg,Person,206,44,248,130,640,360
frame_150_15.jpg,Person,101,81,136,162,640,360
frame_150_16.jpg,Person,269,59,302,152,640,360
frame_150_16.jpg,Person,126,101,194,221,640,360
frame_150_16.jpg,Person,206,46,246,130,640,360
frame_150_16.jpg,Person,103,80,148,181,640,360
frame_150_17.jpg,Person,269,59,302,152,640,360
frame_150_17.jpg,Person,206,44,248,128,640,360
frame_150_17.jpg,Person,122,86,193,220,640,360
frame_150_17.jpg,Person,123,84,231,220,640,360
frame_150_18.jpg,Person,268,58,302,151,640,360
frame_150_18.jpg,Person,127,89,193,220,640,360
frame_150_18.jpg,Person,207,44,253,128,640,360
frame_150_19.jpg,Person,268,58,301,151,640,360
frame_150_19.jpg,Person,127,92,193,220,640,360
frame_150_19.jpg,Person,207,44,254,129,640,360
frame_150_19.jpg,Person,103,79,148,181,640,360
frame_150_2.jpg,Person,110,124,199,221,640,360
frame_150_2.jpg,Person,267,64,301,157,640,360
frame_150_2.jpg,Person,207,49,242,133,640,360
frame_150_2.jpg,Person,121,86,163,134,640,360
frame_150_20.jpg,Person,267,58,300,151,640,360
frame_150_20.jpg,Person,126,92,193,220,640,360
frame_150_20.jpg,Person,207,43,248,128,640,360
frame_150_20.jpg,Person,103,78,144,181,640,360
frame_150_21.jpg,Person,267,58,300,151,640,360
frame_150_21.jpg,Person,127,91,193,220,640,360
frame_150_21.jpg,Person,207,43,254,126,640,360
frame_150_21.jpg,Person,102,78,147,181,640,360
frame_150_21.jpg,Person,176,89,209,119,640,360
frame_150_22.jpg,Person,268,59,300,152,640,360
frame_150_22.jpg,Person,128,91,194,221,640,360
frame_150_22.jpg,Person,103,75,144,181,640,360
frame_150_22.jpg,Person,176,89,208,118,640,360
frame_150_22.jpg,Person,153,67,178,118,640,360
frame_150_22.jpg,Person,207,44,255,125,640,360
frame_150_23.jpg,Person,268,59,300,152,640,360
frame_150_23.jpg,Person,128,94,196,222,640,360
frame_150_23.jpg,Person,207,44,255,128,640,360
frame_150_23.jpg,Person,152,67,178,118,640,360
frame_150_23.jpg,Person,106,76,146,182,640,360
frame_150_23.jpg,Person,175,89,208,118,640,360
frame_150_24.jpg,Person,267,61,299,153,640,360
frame_150_24.jpg,Person,129,93,195,223,640,360
frame_150_24.jpg,Person,207,46,254,127,640,360
frame_150_24.jpg,Person,174,89,207,118,640,360
frame_150_25.jpg,Person,267,60,299,153,640,360
frame_150_25.jpg,Person,128,91,195,222,640,360
frame_150_25.jpg,Person,207,45,254,127,640,360
frame_150_25.jpg,Person,103,76,156,181,640,360
frame_10_28.jpg,Person,1009,354,1273,915,1920,1080
frame_10_28.jpg,Person,1424,517,1767,1048,1920,1080
frame_10_29.jpg,Person,1009,353,1273,915,1920,1080
frame_10_29.jpg,Person,1425,518,1767,1047,1920,1080
frame_10_3.jpg,Person,1011,349,1260,914,1920,1080
frame_10_3.jpg,Person,1456,518,1764,1047,1920,1080
frame_10_30.jpg,Person,1007,353,1272,915,1920,1080
frame_10_30.jpg,Person,1424,518,1766,1047,1920,1080
frame_10_31.jpg,Person,1008,352,1272,916,1920,1080
frame_10_31.jpg,Person,1425,518,1766,1047,1920,1080
frame_10_32.jpg,Person,1008,351,1272,914,1920,1080
frame_10_32.jpg,Person,1425,518,1766,1047,1920,1080
frame_10_33.jpg,Person,1008,352,1274,916,1920,1080
frame_10_33.jpg,Person,1424,517,1767,1047,1920,1080
frame_10_34.jpg,Person,1008,354,1276,915,1920,1080
frame_10_34.jpg,Person,1425,517,1768,1048,1920,1080
frame_10_35.jpg,Person,1008,355,1277,915,1920,1080
frame_10_35.jpg,Person,1425,517,1769,1049,1920,1080
frame_10_36.jpg,Person,1008,355,1277,915,1920,1080
frame_10_36.jpg,Person,1422,517,1768,1049,1920,1080
frame_10_37.jpg,Person,1008,355,1277,915,1920,1080
frame_10_37.jpg,Person,1423,518,1767,1048,1920,1080
frame_10_38.jpg,Person,1008,355,1277,915,1920,1080
frame_10_38.jpg,Person,1423,518,1767,1048,1920,1080
frame_10_39.jpg,Person,1008,355,1277,914,1920,1080
frame_10_39.jpg,Person,1418,517,1768,1049,1920,1080
frame_10_4.jpg,Person,1011,349,1258,914,1920,1080
frame_10_4.jpg,Person,1457,518,1764,1048,1920,1080
frame_10_40.jpg,Person,1008,358,1280,914,1920,1080
frame_10_40.jpg,Person,1413,517,1767,1049,1920,1080
frame_10_41.jpg,Person,1009,359,1281,915,1920,1080
frame_10_41.jpg,Person,1412,516,1767,1049,1920,1080
frame_10_42.jpg,Person,1008,357,1281,914,1920,1080
frame_10_42.jpg,Person,1412,517,1767,1049,1920,1080
frame_10_43.jpg,Person,1008,357,1282,914,1920,1080
frame_10_43.jpg,Person,1416,518,1766,1048,1920,1080
frame_10_44.jpg,Person,1007,357,1281,914,1920,1080
frame_10_44.jpg,Person,1412,518,1766,1048,1920,1080
frame_10_45.jpg,Person,1007,357,1281,914,1920,1080
frame_10_45.jpg,Person,1411,517,1767,1048,1920,1080
frame_10_46.jpg,Person,1008,359,1282,915,1920,1080
frame_10_46.jpg,Person,1411,517,1767,1048,1920,1080
frame_10_47.jpg,Person,1007,358,1281,914,1920,1080
frame_10_47.jpg,Person,1410,517,1767,1048,1920,1080
frame_10_48.jpg,Person,1009,359,1283,915,1920,1080
frame_10_48.jpg,Person,1409,517,1767,1048,1920,1080
frame_10_49.jpg,Person,1009,358,1283,915,1920,1080
frame_10_49.jpg,Person,1404,517,1767,1048,1920,1080
frame_10_5.jpg,Person,1012,350,1256,915,1920,1080
frame_10_5.jpg,Person,1449,518,1765,1048,1920,1080
frame_10_50.jpg,Person,1009,358,1283,915,1920,1080
frame_10_50.jpg,Person,1398,517,1767,1048,1920,1080
frame_91_0.jpg,Person,180,130,195,166,320,240
frame_91_0.jpg,Person,165,184,182,217,320,240
frame_91_0.jpg,Person,147,163,157,199,320,240
frame_91_1.jpg,Person,178,129,197,166,320,240
frame_91_1.jpg,Person,167,183,183,215,320,240
frame_91_1.jpg,Person,147,163,158,199,320,240
frame_91_10.jpg,Person,189,122,203,157,320,240
frame_91_10.jpg,Person,177,177,193,218,320,240
frame_91_10.jpg,Person,167,176,180,211,320,240
frame_91_11.jpg,Person,189,122,203,158,320,240
frame_91_11.jpg,Person,180,176,195,218,320,240
frame_91_11.jpg,Person,159,158,171,193,320,240
frame_91_11.jpg,Person,168,175,182,208,320,240
frame_91_12.jpg,Person,189,122,203,158,320,240
frame_91_12.jpg,Person,180,175,195,216,320,240
frame_91_12.jpg,Person,160,158,172,193,320,240
frame_91_12.jpg,Person,168,176,182,210,320,240
frame_91_13.jpg,Person,190,121,204,156,320,240
frame_91_13.jpg,Person,159,157,173,193,320,240
frame_91_13.jpg,Person,181,175,199,216,320,240
frame_91_13.jpg,Person,169,174,183,214,320,240
frame_91_14.jpg,Person,191,120,204,154,320,240
frame_91_14.jpg,Person,159,157,174,193,320,240
frame_91_14.jpg,Person,183,175,203,214,320,240
frame_91_14.jpg,Person,171,172,185,213,320,240
frame_91_15.jpg,Person,192,120,205,153,320,240
frame_91_15.jpg,Person,183,175,204,215,320,240
frame_91_15.jpg,Person,160,156,176,192,320,240
frame_91_15.jpg,Person,172,172,186,214,320,240
frame_91_16.jpg,Person,193,119,206,151,320,240
frame_91_16.jpg,Person,162,156,177,192,320,240
frame_91_16.jpg,Person,182,173,205,214,320,240
frame_91_16.jpg,Person,173,171,187,212,320,240
frame_91_17.jpg,Person,195,118,209,151,320,240
frame_91_17.jpg,Person,182,173,205,214,320,240
frame_91_17.jpg,Person,166,170,188,209,320,240
frame_91_18.jpg,Person,192,118,209,152,320,240
frame_91_18.jpg,Person,183,172,206,214,320,240
frame_91_18.jpg,Person,170,170,188,209,320,240
frame_91_18.jpg,Person,168,154,183,190,320,240
frame_91_19.jpg,Person,185,172,206,214,320,240
frame_91_19.jpg,Person,191,117,208,151,320,240
frame_91_19.jpg,Person,172,169,189,210,320,240
frame_91_2.jpg,Person,181,128,199,166,320,240
frame_91_2.jpg,Person,169,182,185,215,320,240
frame_91_2.jpg,Person,147,162,160,199,320,240
frame_91_2.jpg,Person,158,180,172,210,320,240
frame_91_20.jpg,Person,189,171,207,212,320,240
frame_91_20.jpg,Person,191,116,212,151,320,240
frame_91_20.jpg,Person,174,168,191,208,320,240
frame_91_20.jpg,Person,171,152,183,188,320,240
frame_91_21.jpg,Person,190,170,208,211,320,240
frame_91_21.jpg,Person,192,116,213,149,320,240
frame_91_21.jpg,Person,174,168,192,209,320,240
frame_91_21.jpg,Person,170,152,183,188,320,240
frame_91_22.jpg,Person,193,170,211,211,320,240
frame_91_22.jpg,Person,194,115,214,144,320,240
frame_91_22.jpg,Person,172,151,185,189,320,240
frame_91_22.jpg,Person,176,167,191,208,320,240
frame_91_23.jpg,Person,193,169,212,211,320,240
frame_91_23.jpg,Person,199,114,214,144,320,240
frame_91_23.jpg,Person,177,166,193,207,320,240
frame_91_23.jpg,Person,173,149,186,190,320,240
frame_91_24.jpg,Person,193,169,213,211,320,240
frame_91_24.jpg,Person,200,113,214,144,320,240
frame_91_24.jpg,Person,177,166,193,207,320,240
frame_91_24.jpg,Person,174,149,187,189,320,240
frame_91_25.jpg,Person,195,169,214,211,320,240
frame_91_25.jpg,Person,205,113,215,147,320,240
frame_91_25.jpg,Person,175,148,189,187,320,240
frame_91_25.jpg,Person,180,165,195,203,320,240
frame_63_8.jpg,Person,330,58,407,259,704,480
frame_63_8.jpg,Person,284,0,323,78,704,480
frame_64_4.jpg,Person,371,207,478,475,704,480
frame_64_4.jpg,Person,228,190,346,476,704,480
frame_64_4.jpg,Person,362,0,399,98,704,480
frame_64_4.jpg,Person,299,0,340,104,704,480
frame_65_23.jpg,Person,317,289,477,477,704,480
frame_67_26.jpg,Person,388,0,419,90,704,480
frame_67_26.jpg,Person,436,0,473,88,704,480
frame_68_9.jpg,Person,308,0,345,64,704,480
frame_69_24.jpg,Person,263,200,461,472,704,480
frame_69_24.jpg,Person,354,55,435,261,704,480
frame_69_24.jpg,Person,244,45,291,217,704,480
frame_69_24.jpg,Person,270,62,339,251,704,480
frame_6_20.jpg,Person,50,163,111,326,640,360
frame_6_20.jpg,Person,250,110,286,207,640,360
frame_6_42.jpg,Person,92,154,161,308,640,360
frame_6_42.jpg,Person,291,111,343,208,640,360
frame_71_27.jpg,Person,363,38,414,193,704,480
frame_71_27.jpg,Person,306,26,353,174,704,480
frame_71_27.jpg,Person,256,28,309,192,704,480
frame_71_27.jpg,Person,348,30,385,158,704,480
frame_72_1.jpg,Person,247,31,302,172,704,480
frame_72_1.jpg,Person,306,17,357,162,704,480
frame_72_1.jpg,Person,325,0,358,52,704,480
frame_72_35.jpg,Person,235,65,313,250,704,480
frame_72_35.jpg,Person,327,51,394,241,704,480
frame_72_35.jpg,Person,311,0,338,69,704,480
frame_10_51.jpg,Person,1009,358,1284,915,1920,1080
frame_10_51.jpg,Person,1403,517,1767,1048,1920,1080
frame_117_14.jpg,Person,4,194,227,569,1280,720
frame_117_14.jpg,Person,465,168,657,314,1280,720
frame_117_14.jpg,Person,740,187,905,298,1280,720
frame_117_14.jpg,Person,313,269,557,567,1280,720
frame_124_20.jpg,Person,370,422,1062,712,1280,720
frame_124_20.jpg,Person,532,176,981,452,1280,720
frame_124_20.jpg,Person,576,116,658,230,1280,720
frame_124_20.jpg,Person,0,80,66,218,1280,720
frame_124_20.jpg,Person,93,49,175,222,1280,720
frame_124_20.jpg,Person,177,47,258,149,1280,720
frame_139_59.jpg,Person,525,52,751,403,1280,720
frame_147_54.jpg,Person,366,79,399,177,640,360
frame_147_54.jpg,Person,301,68,334,159,640,360
frame_147_54.jpg,Person,329,68,358,168,640,360
frame_147_54.jpg,Person,267,57,285,135,640,360
frame_147_54.jpg,Person,282,39,301,114,640,360
frame_147_54.jpg,Person,294,33,314,94,640,360
frame_147_54.jpg,Person,330,42,357,108,640,360
frame_18_51.jpg,Person,334,70,396,186,640,360
frame_18_51.jpg,Person,365,39,420,168,640,360
frame_18_51.jpg,Person,230,13,267,120,640,360
frame_18_51.jpg,Person,368,7,398,50,640,360
frame_18_51.jpg,Person,230,13,285,121,640,360
frame_26_34.jpg,Person,240,177,317,358,640,360
frame_26_34.jpg,Person,299,72,379,283,640,360
frame_26_34.jpg,Person,169,97,227,289,640,360
frame_26_34.jpg,Person,224,82,298,217,640,360
frame_26_34.jpg,Person,248,1,303,127,640,360
frame_26_34.jpg,Person,130,225,188,358,640,360
frame_34_32.jpg,Person,417,70,508,247,640,360
frame_53_4.jpg,Person,672,245,883,715,1280,720
frame_53_4.jpg,Person,831,389,1028,717,1280,720
frame_53_4.jpg,Person,15,331,204,715,1280,720
frame_53_4.jpg,Person,208,137,445,641,1280,720
frame_53_4.jpg,Person,85,58,210,536,1280,720
frame_53_4.jpg,Person,153,97,296,504,1280,720
frame_53_4.jpg,Person,290,81,352,146,1280,720
frame_53_4.jpg,Person,0,159,112,519,1280,720
frame_63_18.jpg,Person,341,47,403,229,704,480
frame_63_18.jpg,Person,277,0,317,86,704,480
frame_73_24.jpg,Person,283,0,310,58,704,480
frame_81_49.jpg,Person,56,214,73,239,320,240
frame_81_49.jpg,Person,105,2,133,71,320,240
frame_93_10.jpg,Person,239,10,302,107,480,360
frame_63_9.jpg,Person,331,55,407,251,704,480
frame_63_9.jpg,Person,283,0,322,80,704,480
frame_64_0.jpg,Person,236,165,349,453,704,480
frame_64_0.jpg,Person,366,180,471,444,704,480
frame_64_0.jpg,Person,295,0,338,100,704,480
frame_64_0.jpg,Person,361,0,399,94,704,480
frame_64_1.jpg,Person,235,168,349,464,704,480
frame_64_1.jpg,Person,367,183,470,463,704,480
frame_64_1.jpg,Person,295,0,338,100,704,480
frame_64_1.jpg,Person,360,0,398,96,704,480
frame_64_10.jpg,Person,209,211,343,475,704,480
frame_64_10.jpg,Person,374,229,513,476,704,480
frame_64_10.jpg,Person,364,0,404,102,704,480
frame_64_10.jpg,Person,302,0,345,106,704,480
frame_64_10.jpg,Person,355,0,370,26,704,480
frame_64_11.jpg,Person,377,234,511,476,704,480
frame_64_11.jpg,Person,206,214,343,475,704,480
frame_64_11.jpg,Person,363,0,404,100,704,480
frame_64_11.jpg,Person,300,0,345,106,704,480
frame_64_11.jpg,Person,355,0,370,26,704,480
frame_64_12.jpg,Person,201,225,344,476,704,480
frame_64_12.jpg,Person,372,243,515,476,704,480
frame_64_12.jpg,Person,364,0,405,102,704,480
frame_64_12.jpg,Person,299,0,345,106,704,480
frame_64_12.jpg,Person,356,0,370,26,704,480
frame_64_13.jpg,Person,199,230,344,476,704,480
frame_64_13.jpg,Person,373,249,517,476,704,480
frame_64_13.jpg,Person,364,0,406,104,704,480
frame_64_13.jpg,Person,298,0,346,108,704,480
frame_64_13.jpg,Person,355,0,369,26,704,480
frame_64_14.jpg,Person,196,242,343,475,704,480
frame_64_14.jpg,Person,296,0,346,112,704,480
frame_64_14.jpg,Person,375,262,518,476,704,480
frame_64_14.jpg,Person,365,0,407,106,704,480
frame_64_14.jpg,Person,354,0,369,30,704,480
frame_64_15.jpg,Person,195,248,344,476,704,480
frame_64_15.jpg,Person,373,269,518,476,704,480
frame_64_15.jpg,Person,294,0,345,112,704,480
frame_64_15.jpg,Person,364,0,407,106,704,480
frame_64_15.jpg,Person,354,0,369,28,704,480
frame_64_16.jpg,Person,192,259,343,476,704,480
frame_64_16.jpg,Person,293,0,345,112,704,480
frame_64_16.jpg,Person,366,0,406,108,704,480
frame_64_16.jpg,Person,368,280,520,476,704,480
frame_64_16.jpg,Person,354,0,369,30,704,480
frame_64_17.jpg,Person,191,263,342,476,704,480
frame_64_17.jpg,Person,291,0,342,113,704,480
frame_64_17.jpg,Person,371,285,520,476,704,480
frame_64_17.jpg,Person,365,0,406,108,704,480
frame_64_17.jpg,Person,354,0,369,30,704,480
frame_64_18.jpg,Person,190,271,340,477,704,480
frame_64_18.jpg,Person,367,293,522,476,704,480
frame_64_18.jpg,Person,289,0,340,113,704,480
frame_64_18.jpg,Person,366,0,406,110,704,480
frame_64_18.jpg,Person,353,0,368,30,704,480
frame_64_19.jpg,Person,189,274,340,476,704,480
frame_64_19.jpg,Person,367,297,524,476,704,480
frame_64_19.jpg,Person,366,0,406,110,704,480
frame_64_19.jpg,Person,291,1,340,113,704,480
frame_64_19.jpg,Person,353,0,369,28,704,480
frame_64_2.jpg,Person,232,176,348,475,704,480
frame_64_2.jpg,Person,369,192,473,474,704,480
frame_64_2.jpg,Person,296,0,339,102,704,480
frame_64_2.jpg,Person,361,0,398,98,704,480
frame_64_20.jpg,Person,186,280,340,477,704,480
frame_64_20.jpg,Person,366,0,406,110,704,480
frame_64_20.jpg,Person,290,0,337,114,704,480
frame_64_20.jpg,Person,371,303,526,477,704,480
frame_64_20.jpg,Person,353,0,368,28,704,480
frame_64_21.jpg,Person,184,285,338,478,704,480
frame_64_21.jpg,Person,290,0,337,113,704,480
frame_64_21.jpg,Person,366,0,406,112,704,480
frame_64_21.jpg,Person,371,308,527,477,704,480
frame_64_21.jpg,Person,353,0,369,28,704,480
frame_64_22.jpg,Person,180,296,337,477,704,480
frame_64_22.jpg,Person,366,0,406,112,704,480
frame_64_22.jpg,Person,291,0,337,114,704,480
frame_64_22.jpg,Person,380,319,530,478,704,480
frame_64_22.jpg,Person,351,0,368,30,704,480
frame_64_23.jpg,Person,177,302,337,477,704,480
frame_64_23.jpg,Person,366,0,406,112,704,480
frame_64_23.jpg,Person,291,1,336,115,704,480
frame_64_23.jpg,Person,380,325,528,478,704,480
frame_64_23.jpg,Person,351,0,368,30,704,480
frame_64_24.jpg,Person,365,0,406,111,704,480
frame_64_24.jpg,Person,172,318,336,478,704,480
frame_64_24.jpg,Person,295,2,337,114,704,480
frame_64_24.jpg,Person,384,341,529,478,704,480
frame_64_24.jpg,Person,351,0,368,30,704,480
frame_64_25.jpg,Person,365,0,406,112,704,480
frame_64_25.jpg,Person,169,326,333,478,704,480
frame_64_25.jpg,Person,297,2,337,116,704,480
frame_64_25.jpg,Person,386,351,532,478,704,480
frame_64_25.jpg,Person,352,0,368,30,704,480
frame_64_26.jpg,Person,365,0,406,112,704,480
frame_64_26.jpg,Person,163,345,329,479,704,480
frame_64_26.jpg,Person,295,1,338,119,704,480
frame_64_26.jpg,Person,402,368,540,478,704,480
frame_64_26.jpg,Person,351,0,368,30,704,480
frame_64_27.jpg,Person,365,0,406,116,704,480
frame_64_27.jpg,Person,297,3,339,121,704,480
frame_64_27.jpg,Person,162,352,322,477,704,480
frame_64_27.jpg,Person,404,375,543,478,704,480
frame_64_27.jpg,Person,351,0,367,32,704,480
frame_64_28.jpg,Person,366,0,407,118,704,480
frame_64_28.jpg,Person,298,4,339,121,704,480
frame_64_28.jpg,Person,157,367,311,478,704,480
frame_64_28.jpg,Person,416,386,549,479,704,480
frame_64_28.jpg,Person,351,0,367,32,704,480
frame_64_29.jpg,Person,368,0,408,118,704,480
frame_64_29.jpg,Person,297,5,340,122,704,480
frame_64_29.jpg,Person,158,375,304,479,704,480
frame_64_29.jpg,Person,422,392,549,479,704,480
frame_64_29.jpg,Person,350,0,367,32,704,480
frame_64_3.jpg,Person,230,180,347,475,704,480
frame_64_3.jpg,Person,368,198,473,476,704,480
frame_64_3.jpg,Person,297,0,340,102,704,480
frame_64_3.jpg,Person,362,0,399,98,704,480
frame_64_30.jpg,Person,297,6,342,124,704,480
frame_64_30.jpg,Person,368,0,407,118,704,480
frame_64_30.jpg,Person,165,387,295,479,704,480
frame_64_30.jpg,Person,349,0,367,32,704,480
frame_64_30.jpg,Person,462,404,549,479,704,480
frame_64_31.jpg,Person,369,0,409,120,704,480
frame_64_31.jpg,Person,299,6,343,124,704,480
frame_64_31.jpg,Person,349,0,367,32,704,480
frame_64_31.jpg,Person,164,392,289,479,704,480
frame_64_31.jpg,Person,465,410,553,479,704,480
frame_64_32.jpg,Person,299,6,345,123,704,480
frame_64_32.jpg,Person,369,0,409,120,704,480
frame_64_32.jpg,Person,348,0,365,32,704,480
frame_64_32.jpg,Person,163,407,245,479,704,480
frame_64_32.jpg,Person,469,426,559,479,704,480
frame_64_33.jpg,Person,369,0,410,120,704,480
frame_64_33.jpg,Person,300,6,345,123,704,480
frame_64_33.jpg,Person,349,0,365,32,704,480
frame_64_34.jpg,Person,300,6,347,123,704,480
frame_64_34.jpg,Person,368,0,409,120,704,480
frame_64_34.jpg,Person,349,0,365,33,704,480
frame_64_35.jpg,Person,300,6,348,123,704,480
frame_64_35.jpg,Person,367,0,410,120,704,480
frame_64_35.jpg,Person,348,0,364,34,704,480
frame_64_36.jpg,Person,298,7,349,125,704,480
frame_64_36.jpg,Person,367,0,413,120,704,480
frame_64_36.jpg,Person,348,0,364,34,704,480
frame_64_37.jpg,Person,297,7,349,125,704,480
frame_64_37.jpg,Person,368,0,416,120,704,480
frame_64_37.jpg,Person,348,0,364,34,704,480
frame_64_38.jpg,Person,294,7,349,125,704,480
frame_64_38.jpg,Person,367,0,414,120,704,480
frame_64_38.jpg,Person,348,0,364,35,704,480
frame_64_39.jpg,Person,294,7,350,130,704,480
frame_64_39.jpg,Person,368,0,412,120,704,480
frame_64_39.jpg,Person,348,0,364,35,704,480
frame_124_21.jpg,Person,370,425,1060,712,1280,720
frame_124_21.jpg,Person,532,176,983,452,1280,720
frame_124_21.jpg,Person,576,116,658,230,1280,720
frame_124_21.jpg,Person,93,49,175,222,1280,720
frame_124_21.jpg,Person,0,81,66,217,1280,720
frame_124_22.jpg,Person,533,176,985,452,1280,720
frame_124_22.jpg,Person,370,427,1058,712,1280,720
frame_124_22.jpg,Person,576,116,658,230,1280,720
frame_124_22.jpg,Person,0,80,67,217,1280,720
frame_124_22.jpg,Person,93,49,175,222,1280,720
frame_124_23.jpg,Person,533,176,985,451,1280,720
frame_124_23.jpg,Person,370,431,1053,713,1280,720
frame_124_23.jpg,Person,576,116,658,230,1280,720
frame_124_23.jpg,Person,0,80,66,217,1280,720
frame_124_23.jpg,Person,93,49,175,222,1280,720
frame_124_24.jpg,Person,532,176,985,451,1280,720
frame_124_24.jpg,Person,371,429,1051,712,1280,720
frame_124_24.jpg,Person,576,116,658,230,1280,720
frame_124_24.jpg,Person,0,80,66,218,1280,720
frame_124_24.jpg,Person,92,49,174,222,1280,720
frame_124_25.jpg,Person,533,176,985,451,1280,720
frame_124_25.jpg,Person,576,116,658,230,1280,720
frame_124_25.jpg,Person,371,431,1049,712,1280,720
frame_124_25.jpg,Person,0,81,67,218,1280,720
frame_124_26.jpg,Person,533,176,985,451,1280,720
frame_124_26.jpg,Person,576,116,658,230,1280,720
frame_124_26.jpg,Person,370,432,1049,712,1280,720
frame_124_26.jpg,Person,0,82,66,218,1280,720
frame_124_27.jpg,Person,533,176,985,451,1280,720
frame_124_27.jpg,Person,576,116,658,230,1280,720
frame_124_27.jpg,Person,371,433,1049,713,1280,720
frame_124_27.jpg,Person,0,80,67,217,1280,720
frame_124_28.jpg,Person,532,177,985,451,1280,720
frame_124_28.jpg,Person,576,115,657,230,1280,720
frame_124_28.jpg,Person,371,433,1050,712,1280,720
frame_124_28.jpg,Person,0,79,68,217,1280,720
frame_124_28.jpg,Person,92,48,174,222,1280,720
frame_124_29.jpg,Person,532,177,985,451,1280,720
frame_124_29.jpg,Person,575,115,656,230,1280,720
frame_124_29.jpg,Person,371,434,1052,712,1280,720
frame_124_29.jpg,Person,0,80,68,217,1280,720
frame_124_29.jpg,Person,91,48,174,221,1280,720
frame_124_3.jpg,Person,576,116,664,228,1280,720
frame_124_3.jpg,Person,529,174,910,453,1280,720
frame_124_3.jpg,Person,96,46,175,224,1280,720
frame_124_3.jpg,Person,368,403,1073,712,1280,720
frame_124_3.jpg,Person,0,60,70,218,1280,720
frame_124_3.jpg,Person,49,53,120,220,1280,720
frame_124_3.jpg,Person,176,50,257,148,1280,720
frame_124_3.jpg,Person,368,401,867,710,1280,720
frame_124_30.jpg,Person,533,177,985,451,1280,720
frame_124_30.jpg,Person,575,115,656,230,1280,720
frame_124_30.jpg,Person,371,432,1052,712,1280,720
frame_124_30.jpg,Person,0,80,68,217,1280,720
frame_124_30.jpg,Person,91,49,174,222,1280,720
frame_124_31.jpg,Person,532,177,983,451,1280,720
frame_124_31.jpg,Person,575,115,656,230,1280,720
frame_124_31.jpg,Person,371,437,910,710,1280,720
frame_124_31.jpg,Person,0,79,68,216,1280,720
frame_124_31.jpg,Person,91,48,174,221,1280,720
frame_124_32.jpg,Person,532,177,983,451,1280,720
frame_124_32.jpg,Person,575,116,656,230,1280,720
frame_124_32.jpg,Person,89,49,174,223,1280,720
frame_124_32.jpg,Person,372,437,1046,712,1280,720
frame_124_32.jpg,Person,0,83,68,217,1280,720
frame_124_33.jpg,Person,532,177,984,451,1280,720
frame_124_33.jpg,Person,575,116,656,230,1280,720
frame_124_33.jpg,Person,89,49,174,222,1280,720
frame_124_33.jpg,Person,371,438,1046,712,1280,720
frame_124_33.jpg,Person,0,80,66,216,1280,720
frame_124_34.jpg,Person,533,177,984,451,1280,720
frame_124_34.jpg,Person,575,116,656,230,1280,720
frame_124_34.jpg,Person,89,49,174,222,1280,720
frame_124_34.jpg,Person,371,438,1046,712,1280,720
frame_124_34.jpg,Person,0,80,66,216,1280,720
frame_124_35.jpg,Person,533,177,985,451,1280,720
frame_124_35.jpg,Person,575,116,656,230,1280,720
frame_124_35.jpg,Person,373,438,1045,712,1280,720
frame_124_35.jpg,Person,89,49,174,222,1280,720
frame_124_35.jpg,Person,0,80,66,215,1280,720
frame_124_36.jpg,Person,533,176,985,451,1280,720
frame_124_36.jpg,Person,575,116,656,230,1280,720
frame_124_36.jpg,Person,89,49,174,222,1280,720
frame_124_36.jpg,Person,374,439,908,710,1280,720
frame_124_36.jpg,Person,0,80,66,216,1280,720
frame_124_37.jpg,Person,533,176,985,451,1280,720
frame_124_37.jpg,Person,575,115,656,230,1280,720
frame_124_37.jpg,Person,89,49,174,222,1280,720
frame_124_37.jpg,Person,373,439,913,711,1280,720
frame_124_37.jpg,Person,0,83,68,217,1280,720
frame_124_38.jpg,Person,532,176,985,451,1280,720
frame_124_38.jpg,Person,575,116,656,231,1280,720
frame_124_38.jpg,Person,89,49,174,222,1280,720
frame_124_38.jpg,Person,372,439,911,711,1280,720
frame_124_38.jpg,Person,0,80,66,216,1280,720
frame_124_39.jpg,Person,533,177,987,452,1280,720
frame_124_39.jpg,Person,88,49,174,222,1280,720
frame_124_39.jpg,Person,576,115,656,230,1280,720
frame_124_39.jpg,Person,376,438,1010,712,1280,720
frame_124_39.jpg,Person,0,81,68,216,1280,720
frame_124_4.jpg,Person,531,174,877,453,1280,720
frame_124_4.jpg,Person,576,116,664,228,1280,720
frame_124_4.jpg,Person,367,402,1090,712,1280,720
frame_124_4.jpg,Person,97,47,175,225,1280,720
frame_124_4.jpg,Person,0,59,69,218,1280,720
frame_124_4.jpg,Person,50,53,118,220,1280,720
frame_124_4.jpg,Person,177,49,258,149,1280,720
frame_124_40.jpg,Person,533,177,987,452,1280,720
frame_124_40.jpg,Person,88,49,174,222,1280,720
frame_124_40.jpg,Person,576,116,656,230,1280,720
frame_124_40.jpg,Person,375,436,1028,711,1280,720
frame_124_40.jpg,Person,0,80,68,215,1280,720
frame_112_10.jpg,Person,236,126,512,648,1280,720
frame_112_11.jpg,Person,258,149,559,703,1280,720
frame_112_12.jpg,Person,272,187,482,717,1280,720
frame_112_13.jpg,Person,271,187,480,717,1280,720
frame_112_14.jpg,Person,273,207,502,715,1280,720
frame_112_15.jpg,Person,273,207,502,715,1280,720
frame_112_16.jpg,Person,273,207,502,715,1280,720
frame_112_17.jpg,Person,289,222,636,712,1280,720
frame_112_18.jpg,Person,289,222,636,712,1280,720
frame_112_19.jpg,Person,303,238,620,714,1280,720
frame_112_2.jpg,Person,184,93,395,600,1280,720
frame_112_20.jpg,Person,323,278,616,714,1280,720
frame_112_21.jpg,Person,323,278,616,714,1280,720
frame_112_22.jpg,Person,323,279,617,715,1280,720
frame_112_23.jpg,Person,341,313,630,711,1280,720
frame_112_24.jpg,Person,341,313,631,711,1280,720
frame_112_25.jpg,Person,364,358,648,713,1280,720
frame_112_26.jpg,Person,387,391,662,716,1280,720
frame_112_27.jpg,Person,387,392,662,716,1280,720
frame_112_29.jpg,Person,422,420,704,718,1280,720
frame_112_3.jpg,Person,184,93,395,600,1280,720
frame_112_30.jpg,Person,422,420,704,718,1280,720
frame_112_31.jpg,Person,448,448,737,718,1280,720
frame_112_32.jpg,Person,479,479,776,718,1280,720
frame_112_33.jpg,Person,478,479,775,719,1280,720
frame_112_34.jpg,Person,478,479,775,719,1280,720
frame_57_36.jpg,Person,255,144,333,304,480,360
frame_57_36.jpg,Person,216,112,272,244,480,360
frame_57_36.jpg,Person,125,41,161,118,480,360
frame_57_36.jpg,Person,175,38,207,111,480,360
frame_57_37.jpg,Person,254,144,333,303,480,360
frame_57_37.jpg,Person,216,110,272,244,480,360
frame_57_37.jpg,Person,126,41,162,118,480,360
frame_57_37.jpg,Person,175,38,207,112,480,360
frame_57_38.jpg,Person,254,146,334,304,480,360
frame_57_38.jpg,Person,217,108,273,244,480,360
frame_57_38.jpg,Person,126,41,162,118,480,360
frame_57_38.jpg,Person,175,38,207,111,480,360
frame_57_39.jpg,Person,254,147,334,308,480,360
frame_57_39.jpg,Person,126,41,162,118,480,360
frame_57_39.jpg,Person,175,38,207,112,480,360
frame_57_39.jpg,Person,215,106,272,244,480,360
frame_57_4.jpg,Person,273,108,337,254,480,360
frame_57_4.jpg,Person,213,119,273,242,480,360
frame_57_4.jpg,Person,175,38,206,112,480,360
frame_57_4.jpg,Person,118,41,155,120,480,360
frame_57_40.jpg,Person,253,148,335,315,480,360
frame_57_40.jpg,Person,126,41,162,118,480,360
frame_57_40.jpg,Person,214,104,273,244,480,360
frame_57_40.jpg,Person,175,38,207,112,480,360
frame_57_41.jpg,Person,251,151,334,321,480,360
frame_57_41.jpg,Person,212,102,274,244,480,360
frame_57_41.jpg,Person,126,41,162,118,480,360
frame_57_41.jpg,Person,175,38,207,112,480,360
frame_57_42.jpg,Person,252,153,334,321,480,360
frame_57_42.jpg,Person,126,41,162,118,480,360
frame_57_42.jpg,Person,175,38,207,112,480,360
frame_57_42.jpg,Person,215,99,277,243,480,360
frame_57_43.jpg,Person,248,156,333,326,480,360
frame_57_43.jpg,Person,126,41,162,118,480,360
frame_57_43.jpg,Person,175,38,207,112,480,360
frame_57_43.jpg,Person,210,97,276,244,480,360
frame_57_44.jpg,Person,207,158,333,329,480,360
frame_57_44.jpg,Person,126,41,161,118,480,360
frame_57_44.jpg,Person,175,38,207,111,480,360
frame_57_44.jpg,Person,211,96,279,243,480,360
frame_57_45.jpg,Person,209,159,333,333,480,360
frame_57_45.jpg,Person,126,42,162,120,480,360
frame_57_45.jpg,Person,206,95,280,244,480,360
frame_57_45.jpg,Person,175,38,207,112,480,360
frame_57_46.jpg,Person,126,41,162,119,480,360
frame_57_46.jpg,Person,175,38,207,112,480,360
frame_57_46.jpg,Person,207,93,281,244,480,360
frame_57_46.jpg,Person,248,163,332,333,480,360
frame_57_47.jpg,Person,248,165,331,334,480,360
frame_57_47.jpg,Person,127,41,163,119,480,360
frame_57_47.jpg,Person,175,38,207,112,480,360
frame_57_47.jpg,Person,217,92,280,247,480,360
frame_57_48.jpg,Person,240,168,331,335,480,360
frame_57_48.jpg,Person,127,41,163,118,480,360
frame_57_48.jpg,Person,217,91,278,246,480,360
frame_57_48.jpg,Person,175,38,207,112,480,360
frame_57_49.jpg,Person,250,170,331,337,480,360
frame_57_49.jpg,Person,127,41,162,119,480,360
frame_57_49.jpg,Person,175,38,207,112,480,360
frame_57_49.jpg,Person,216,90,278,247,480,360
frame_57_5.jpg,Person,273,111,337,256,480,360
frame_57_5.jpg,Person,214,121,274,243,480,360
frame_57_5.jpg,Person,175,37,207,112,480,360
frame_57_5.jpg,Person,118,44,155,120,480,360
frame_57_50.jpg,Person,239,171,331,337,480,360
frame_57_50.jpg,Person,127,41,163,119,480,360
frame_57_50.jpg,Person,215,88,277,244,480,360
frame_57_50.jpg,Person,175,38,207,112,480,360
frame_57_51.jpg,Person,244,173,330,336,480,360
frame_57_51.jpg,Person,127,41,163,119,480,360
frame_57_51.jpg,Person,217,87,276,245,480,360
frame_57_51.jpg,Person,175,38,207,112,480,360
frame_57_52.jpg,Person,238,175,329,336,480,360
frame_57_52.jpg,Person,127,41,163,119,480,360
frame_57_52.jpg,Person,216,85,276,244,480,360
frame_57_52.jpg,Person,175,37,207,112,480,360
frame_57_53.jpg,Person,238,176,329,335,480,360
frame_57_53.jpg,Person,127,41,163,119,480,360
frame_57_53.jpg,Person,216,86,276,244,480,360
frame_57_53.jpg,Person,175,38,207,112,480,360
frame_57_54.jpg,Person,239,177,331,337,480,360
frame_57_54.jpg,Person,221,85,277,245,480,360
frame_57_54.jpg,Person,127,41,162,118,480,360
frame_57_54.jpg,Person,175,38,207,112,480,360
frame_31_11.jpg,Person,62,152,128,273,640,360
frame_31_12.jpg,Person,67,149,135,276,640,360
frame_31_13.jpg,Person,71,145,143,278,640,360
frame_31_14.jpg,Person,71,145,150,286,640,360
frame_31_15.jpg,Person,121,149,164,286,640,360
frame_31_16.jpg,Person,129,150,173,286,640,360
frame_31_17.jpg,Person,132,147,184,286,640,360
frame_31_18.jpg,Person,132,145,200,286,640,360
frame_31_19.jpg,Person,139,144,236,286,640,360
frame_31_2.jpg,Person,7,161,51,264,640,360
frame_31_20.jpg,Person,146,138,255,283,640,360
frame_31_21.jpg,Person,156,136,275,290,640,360
frame_31_22.jpg,Person,169,140,282,294,640,360
frame_31_22.jpg,Person,204,139,282,294,640,360
frame_31_23.jpg,Person,217,141,285,294,640,360
frame_31_24.jpg,Person,226,161,287,295,640,360
frame_31_25.jpg,Person,244,146,302,294,640,360
frame_31_26.jpg,Person,257,158,324,299,640,360
frame_31_27.jpg,Person,283,155,368,302,640,360
frame_31_28.jpg,Person,295,141,382,300,640,360
frame_31_29.jpg,Person,305,141,391,303,640,360
frame_31_3.jpg,Person,12,162,60,266,640,360
frame_21_0.jpg,Person,264,1,422,235,640,314
frame_21_0.jpg,Person,57,17,165,283,640,314
frame_21_0.jpg,Person,0,1,87,251,640,314
frame_21_1.jpg,Person,264,1,422,235,640,314
frame_21_1.jpg,Person,57,17,165,283,640,314
frame_21_1.jpg,Person,0,1,87,251,640,314
frame_21_10.jpg,Person,250,0,415,237,640,314
frame_21_10.jpg,Person,171,0,268,205,640,314
frame_21_10.jpg,Person,5,0,177,299,640,314
frame_21_11.jpg,Person,173,0,276,201,640,314
frame_21_11.jpg,Person,247,0,418,242,640,314
frame_21_11.jpg,Person,0,0,180,305,640,314
frame_21_12.jpg,Person,173,1,272,203,640,314
frame_21_12.jpg,Person,244,1,417,235,640,314
frame_21_12.jpg,Person,0,1,176,305,640,314
frame_21_13.jpg,Person,245,1,417,231,640,314
frame_21_13.jpg,Person,173,1,272,203,640,314
frame_21_13.jpg,Person,1,0,175,303,640,314
frame_21_14.jpg,Person,177,0,280,203,640,314
frame_21_14.jpg,Person,253,1,418,239,640,314
frame_21_14.jpg,Person,0,1,179,307,640,314
frame_21_14.jpg,Person,362,0,428,116,640,314
frame_21_15.jpg,Person,178,0,282,203,640,314
frame_21_15.jpg,Person,255,1,417,236,640,314
frame_21_15.jpg,Person,1,1,173,307,640,314
frame_21_16.jpg,Person,177,0,276,203,640,314
frame_21_16.jpg,Person,253,0,417,239,640,314
frame_21_16.jpg,Person,0,1,175,307,640,314
frame_21_17.jpg,Person,253,0,414,241,640,314
frame_21_17.jpg,Person,177,0,275,199,640,314
frame_21_17.jpg,Person,0,1,148,309,640,314
frame_21_18.jpg,Person,253,1,415,249,640,314
frame_21_18.jpg,Person,175,0,271,197,640,314
frame_21_18.jpg,Person,345,88,608,267,640,314
frame_21_19.jpg,Person,255,1,415,240,640,314
frame_21_19.jpg,Person,175,0,271,197,640,314
frame_21_2.jpg,Person,263,0,420,235,640,314
frame_21_2.jpg,Person,170,2,269,205,640,314
frame_21_2.jpg,Person,24,19,149,307,640,314
frame_21_20.jpg,Person,174,0,272,195,640,314
frame_21_20.jpg,Person,242,1,411,243,640,314
frame_21_20.jpg,Person,344,88,609,264,640,314
frame_21_20.jpg,Person,0,2,107,308,640,314
frame_21_21.jpg,Person,174,0,272,195,640,314
frame_21_21.jpg,Person,232,1,411,251,640,314
frame_21_21.jpg,Person,345,89,607,265,640,314
frame_21_21.jpg,Person,0,2,109,308,640,314
frame_21_22.jpg,Person,174,1,271,195,640,314
frame_21_22.jpg,Person,237,1,411,244,640,314
frame_21_22.jpg,Person,346,88,607,264,640,314
frame_21_22.jpg,Person,0,2,109,308,640,314
frame_61_23.jpg,Person,155,68,251,236,636,360
frame_61_23.jpg,Person,208,61,250,207,636,360
frame_61_23.jpg,Person,86,47,113,165,636,360
frame_61_23.jpg,Person,168,18,204,95,636,360
frame_61_24.jpg,Person,155,66,251,235,636,360
frame_61_24.jpg,Person,207,62,250,207,636,360
frame_61_24.jpg,Person,168,17,205,94,636,360
frame_61_24.jpg,Person,87,47,114,165,636,360
frame_61_25.jpg,Person,154,67,252,235,636,360
frame_61_25.jpg,Person,87,47,114,165,636,360
frame_61_25.jpg,Person,169,18,207,93,636,360
frame_61_25.jpg,Person,207,61,251,207,636,360
frame_61_26.jpg,Person,152,67,252,234,636,360
frame_61_26.jpg,Person,87,47,114,164,636,360
frame_61_26.jpg,Person,169,17,209,90,636,360
frame_61_26.jpg,Person,205,69,251,207,636,360
frame_61_27.jpg,Person,154,66,252,235,636,360
frame_61_27.jpg,Person,87,47,114,165,636,360
frame_61_27.jpg,Person,169,17,209,90,636,360
frame_61_27.jpg,Person,205,65,251,207,636,360
frame_61_28.jpg,Person,150,65,252,235,636,360
frame_61_28.jpg,Person,87,47,114,164,636,360
frame_61_28.jpg,Person,169,17,210,88,636,360
frame_61_28.jpg,Person,202,64,251,207,636,360
frame_61_29.jpg,Person,150,63,252,235,636,360
frame_61_29.jpg,Person,87,47,114,165,636,360
frame_61_29.jpg,Person,170,18,212,88,636,360
frame_61_29.jpg,Person,206,62,251,208,636,360
frame_61_3.jpg,Person,150,79,251,263,636,360
frame_61_3.jpg,Person,205,67,250,213,636,360
frame_61_3.jpg,Person,86,47,121,166,636,360
frame_61_3.jpg,Person,153,24,185,121,636,360
frame_61_30.jpg,Person,149,63,251,234,636,360
frame_61_30.jpg,Person,88,47,115,164,636,360
frame_61_30.jpg,Person,211,62,251,208,636,360
frame_61_30.jpg,Person,170,17,212,87,636,360
frame_61_31.jpg,Person,149,64,250,226,636,360
frame_61_31.jpg,Person,88,47,116,165,636,360
frame_61_31.jpg,Person,212,60,252,207,636,360
frame_61_31.jpg,Person,171,18,213,87,636,360
frame_61_32.jpg,Person,146,63,251,224,636,360
frame_61_32.jpg,Person,211,59,252,208,636,360
frame_61_32.jpg,Person,88,47,115,165,636,360
frame_61_32.jpg,Person,172,18,214,88,636,360
frame_61_33.jpg,Person,146,63,252,225,636,360
frame_61_33.jpg,Person,210,60,254,208,636,360
frame_61_33.jpg,Person,88,46,116,165,636,360
frame_61_33.jpg,Person,172,18,215,89,636,360
frame_61_34.jpg,Person,145,63,252,224,636,360
frame_61_34.jpg,Person,211,58,255,207,636,360
frame_61_34.jpg,Person,88,47,116,165,636,360
frame_61_34.jpg,Person,173,19,215,88,636,360
frame_61_35.jpg,Person,145,62,253,222,636,360
frame_61_35.jpg,Person,211,59,255,208,636,360
frame_61_35.jpg,Person,89,47,116,164,636,360
frame_61_35.jpg,Person,173,20,215,90,636,360
frame_61_36.jpg,Person,145,62,253,222,636,360
frame_61_36.jpg,Person,211,59,255,208,636,360
frame_61_36.jpg,Person,89,48,117,166,636,360
frame_61_36.jpg,Person,174,21,216,83,636,360
frame_61_37.jpg,Person,145,61,253,216,636,360
frame_61_37.jpg,Person,210,60,255,208,636,360
frame_61_37.jpg,Person,89,47,116,165,636,360
frame_61_37.jpg,Person,174,20,216,83,636,360
frame_61_38.jpg,Person,144,60,251,215,636,360
frame_61_38.jpg,Person,211,60,255,208,636,360
frame_61_38.jpg,Person,89,47,116,165,636,360
frame_61_38.jpg,Person,175,23,217,95,636,360
frame_61_39.jpg,Person,145,60,250,215,636,360
frame_61_39.jpg,Person,210,59,255,208,636,360
frame_61_39.jpg,Person,89,47,116,165,636,360
frame_61_39.jpg,Person,175,22,216,95,636,360
frame_61_4.jpg,Person,152,79,254,262,636,360
frame_61_4.jpg,Person,86,48,119,164,636,360
frame_61_4.jpg,Person,206,66,252,211,636,360
frame_61_4.jpg,Person,153,25,186,123,636,360
frame_61_40.jpg,Person,145,61,249,213,636,360
frame_61_40.jpg,Person,204,60,255,208,636,360
frame_61_40.jpg,Person,89,48,116,166,636,360
frame_61_40.jpg,Person,177,24,216,96,636,360
frame_61_41.jpg,Person,145,60,249,213,636,360
frame_61_41.jpg,Person,204,59,256,208,636,360
frame_61_41.jpg,Person,89,47,117,165,636,360
frame_61_41.jpg,Person,177,23,217,96,636,360
frame_61_42.jpg,Person,145,59,249,212,636,360
frame_61_42.jpg,Person,204,59,255,208,636,360
frame_61_42.jpg,Person,89,48,117,166,636,360
frame_61_42.jpg,Person,177,24,217,96,636,360
frame_61_43.jpg,Person,145,58,248,211,636,360
frame_61_43.jpg,Person,89,47,117,165,636,360
frame_61_43.jpg,Person,207,59,255,208,636,360
frame_61_43.jpg,Person,176,26,216,95,636,360
frame_25_61.jpg,Person,340,36,366,99,640,360
frame_25_61.jpg,Person,554,5,591,92,640,360
frame_25_61.jpg,Person,492,67,518,123,640,360
frame_25_61.jpg,Person,330,21,343,55,640,360
frame_25_62.jpg,Person,340,35,366,99,640,360
frame_25_62.jpg,Person,554,5,591,92,640,360
frame_25_62.jpg,Person,330,21,343,55,640,360
frame_25_62.jpg,Person,491,67,518,124,640,360
frame_26_0.jpg,Person,248,0,318,165,640,360
frame_26_0.jpg,Person,321,98,392,327,640,360
frame_26_0.jpg,Person,194,173,289,358,640,360
frame_26_0.jpg,Person,231,103,279,233,640,360
frame_26_0.jpg,Person,164,117,224,309,640,360
frame_26_0.jpg,Person,128,225,186,359,640,360
frame_26_1.jpg,Person,248,0,318,165,640,360
frame_26_1.jpg,Person,321,98,392,327,640,360
frame_26_1.jpg,Person,196,173,290,358,640,360
frame_26_1.jpg,Person,230,103,279,233,640,360
frame_26_1.jpg,Person,164,117,224,309,640,360
frame_26_1.jpg,Person,128,225,186,359,640,360
frame_26_10.jpg,Person,315,90,388,309,640,360
frame_26_10.jpg,Person,249,1,315,165,640,360
frame_26_10.jpg,Person,211,174,297,358,640,360
frame_26_10.jpg,Person,165,113,225,311,640,360
frame_26_10.jpg,Person,229,101,277,219,640,360
frame_26_11.jpg,Person,315,90,388,309,640,360
frame_26_11.jpg,Person,249,0,315,165,640,360
frame_26_11.jpg,Person,211,174,297,358,640,360
frame_26_11.jpg,Person,165,113,225,310,640,360
frame_26_11.jpg,Person,229,101,276,219,640,360
frame_26_12.jpg,Person,314,86,388,308,640,360
frame_26_12.jpg,Person,248,0,314,165,640,360
frame_26_12.jpg,Person,214,176,304,358,640,360
frame_26_12.jpg,Person,163,111,225,306,640,360
frame_26_12.jpg,Person,225,96,278,218,640,360
frame_26_13.jpg,Person,313,86,387,307,640,360
frame_26_13.jpg,Person,248,0,314,165,640,360
frame_26_13.jpg,Person,214,176,304,358,640,360
frame_26_13.jpg,Person,163,112,225,306,640,360
frame_26_13.jpg,Person,224,96,278,218,640,360
frame_26_14.jpg,Person,313,86,387,308,640,360
frame_26_14.jpg,Person,248,0,313,165,640,360
frame_26_14.jpg,Person,214,176,304,358,640,360
frame_26_14.jpg,Person,163,112,225,307,640,360
frame_26_14.jpg,Person,224,97,278,219,640,360
frame_26_15.jpg,Person,248,0,313,165,640,360
frame_26_15.jpg,Person,310,84,387,307,640,360
frame_26_15.jpg,Person,215,176,306,357,640,360
frame_26_15.jpg,Person,222,94,279,218,640,360
frame_26_15.jpg,Person,165,110,224,309,640,360
frame_26_16.jpg,Person,216,176,306,358,640,360
frame_26_16.jpg,Person,248,0,313,165,640,360
frame_26_16.jpg,Person,310,84,387,307,640,360
frame_26_16.jpg,Person,222,94,279,218,640,360
frame_26_16.jpg,Person,164,110,223,309,640,360
frame_26_17.jpg,Person,215,176,306,358,640,360
frame_26_17.jpg,Person,249,0,313,165,640,360
frame_26_17.jpg,Person,310,84,387,307,640,360
frame_26_17.jpg,Person,222,94,280,217,640,360
frame_26_17.jpg,Person,165,110,225,309,640,360
frame_26_18.jpg,Person,219,176,308,357,640,360
frame_26_18.jpg,Person,248,0,312,165,640,360
frame_26_18.jpg,Person,310,81,388,308,640,360
frame_26_18.jpg,Person,162,106,223,295,640,360
frame_26_18.jpg,Person,221,91,282,217,640,360
frame_26_19.jpg,Person,219,176,308,357,640,360
frame_26_19.jpg,Person,248,0,312,165,640,360
frame_26_19.jpg,Person,310,80,387,307,640,360
frame_26_19.jpg,Person,162,106,223,295,640,360
frame_26_19.jpg,Person,222,91,282,217,640,360
frame_26_2.jpg,Person,248,0,318,165,640,360
frame_26_2.jpg,Person,321,98,392,327,640,360
frame_26_2.jpg,Person,196,173,290,358,640,360
frame_26_2.jpg,Person,230,103,279,233,640,360
frame_26_2.jpg,Person,164,117,224,309,640,360
frame_26_2.jpg,Person,128,225,186,359,640,360
frame_26_20.jpg,Person,219,176,308,358,640,360
frame_26_20.jpg,Person,249,0,313,165,640,360
frame_26_20.jpg,Person,310,81,387,307,640,360
frame_26_20.jpg,Person,162,107,223,295,640,360
frame_26_20.jpg,Person,222,91,282,216,640,360
frame_26_21.jpg,Person,223,176,309,357,640,360
frame_26_21.jpg,Person,164,104,224,290,640,360
frame_26_21.jpg,Person,310,79,388,304,640,360
frame_26_21.jpg,Person,248,1,312,165,640,360
frame_26_21.jpg,Person,222,90,287,216,640,360
frame_26_22.jpg,Person,223,176,309,357,640,360
frame_26_22.jpg,Person,165,104,225,290,640,360
frame_26_22.jpg,Person,310,80,388,304,640,360
frame_26_22.jpg,Person,248,1,312,165,640,360
frame_26_22.jpg,Person,222,90,288,216,640,360
frame_26_23.jpg,Person,223,176,309,357,640,360
frame_26_23.jpg,Person,165,103,225,289,640,360
frame_26_23.jpg,Person,311,79,389,304,640,360
frame_26_23.jpg,Person,248,0,312,165,640,360
frame_26_23.jpg,Person,222,89,288,215,640,360
frame_26_24.jpg,Person,225,176,309,357,640,360
frame_26_24.jpg,Person,309,77,388,287,640,360
frame_26_24.jpg,Person,167,101,229,290,640,360
frame_26_24.jpg,Person,248,0,309,151,640,360
frame_26_24.jpg,Person,223,89,291,213,640,360
frame_26_25.jpg,Person,225,176,309,357,640,360
frame_26_25.jpg,Person,167,101,229,290,640,360
frame_26_25.jpg,Person,307,77,388,287,640,360
frame_26_25.jpg,Person,248,0,310,151,640,360
frame_26_25.jpg,Person,222,88,289,213,640,360
frame_26_26.jpg,Person,225,176,309,357,640,360
frame_26_26.jpg,Person,167,101,229,290,640,360
frame_26_26.jpg,Person,306,77,388,287,640,360
frame_26_26.jpg,Person,248,1,309,153,640,360
frame_26_26.jpg,Person,223,89,289,213,640,360
frame_26_27.jpg,Person,303,72,384,285,640,360
frame_26_27.jpg,Person,230,177,311,358,640,360
frame_26_27.jpg,Person,248,0,304,159,640,360
frame_26_27.jpg,Person,224,89,291,215,640,360
frame_26_27.jpg,Person,169,101,226,290,640,360
frame_26_27.jpg,Person,130,224,187,357,640,360
frame_26_28.jpg,Person,230,178,312,358,640,360
frame_26_28.jpg,Person,303,73,385,285,640,360
frame_26_28.jpg,Person,248,1,304,157,640,360
frame_26_28.jpg,Person,169,101,226,290,640,360
frame_26_28.jpg,Person,224,89,293,215,640,360
frame_26_28.jpg,Person,130,225,187,358,640,360
frame_26_29.jpg,Person,302,73,385,286,640,360
frame_26_29.jpg,Person,231,178,313,358,640,360
frame_26_29.jpg,Person,169,101,226,290,640,360
frame_26_29.jpg,Person,223,89,293,215,640,360
frame_26_29.jpg,Person,248,0,304,153,640,360
frame_26_29.jpg,Person,130,225,187,358,640,360
frame_26_3.jpg,Person,248,0,317,165,640,360
frame_26_3.jpg,Person,320,96,392,311,640,360
frame_26_3.jpg,Person,198,173,287,359,640,360
frame_26_3.jpg,Person,232,102,278,225,640,360
frame_26_3.jpg,Person,163,114,226,304,640,360
frame_26_3.jpg,Person,128,225,186,359,640,360
frame_26_30.jpg,Person,234,178,315,358,640,360
frame_26_30.jpg,Person,302,73,382,285,640,360
frame_26_30.jpg,Person,169,100,226,289,640,360
frame_26_30.jpg,Person,248,0,303,167,640,360
frame_26_30.jpg,Person,225,86,293,216,640,360
frame_26_30.jpg,Person,130,225,187,358,640,360
frame_26_31.jpg,Person,234,177,315,358,640,360
frame_26_31.jpg,Person,301,73,382,285,640,360
frame_26_31.jpg,Person,169,100,226,289,640,360
frame_26_31.jpg,Person,248,0,303,167,640,360
frame_26_31.jpg,Person,224,86,291,216,640,360
frame_26_31.jpg,Person,130,225,187,358,640,360
frame_26_32.jpg,Person,235,177,315,358,640,360
frame_26_32.jpg,Person,301,73,382,285,640,360
frame_26_32.jpg,Person,248,1,303,167,640,360
frame_26_32.jpg,Person,169,100,226,289,640,360
frame_26_32.jpg,Person,224,86,291,216,640,360
frame_26_32.jpg,Person,130,225,187,358,640,360
frame_26_33.jpg,Person,241,177,315,358,640,360
frame_26_33.jpg,Person,299,72,379,283,640,360
frame_26_33.jpg,Person,169,97,226,289,640,360
frame_26_33.jpg,Person,224,82,298,217,640,360
frame_26_33.jpg,Person,248,1,303,123,640,360
frame_26_33.jpg,Person,130,225,188,358,640,360
frame_114_40.jpg,Person,308,114,387,329,1280,720
frame_114_40.jpg,Person,325,373,462,612,1280,720
frame_114_40.jpg,Person,435,124,506,277,1280,720
frame_114_40.jpg,Person,853,83,920,263,1280,720
frame_114_40.jpg,Person,934,107,983,238,1280,720
frame_114_40.jpg,Person,697,86,750,149,1280,720
frame_114_40.jpg,Person,1118,205,1175,274,1280,720
frame_114_40.jpg,Person,559,88,605,155,1280,720
frame_114_40.jpg,Person,1200,116,1241,188,1280,720
frame_114_40.jpg,Person,1097,98,1129,156,1280,720
frame_114_40.jpg,Person,1061,97,1102,157,1280,720
frame_114_40.jpg,Person,1113,205,1177,346,1280,720
frame_114_40.jpg,Person,743,10,779,78,1280,720
frame_114_40.jpg,Person,630,10,664,53,1280,720
frame_114_41.jpg,Person,308,114,387,329,1280,720
frame_114_41.jpg,Person,325,373,462,612,1280,720
frame_114_41.jpg,Person,435,124,506,277,1280,720
frame_114_41.jpg,Person,852,83,919,262,1280,720
frame_114_41.jpg,Person,934,107,983,238,1280,720
frame_114_41.jpg,Person,697,86,750,149,1280,720
frame_114_41.jpg,Person,1118,205,1175,274,1280,720
frame_114_41.jpg,Person,559,88,606,155,1280,720
frame_114_41.jpg,Person,1201,116,1241,187,1280,720
frame_114_41.jpg,Person,1061,97,1102,157,1280,720
frame_114_41.jpg,Person,1114,205,1177,342,1280,720
frame_114_41.jpg,Person,1097,98,1129,155,1280,720
frame_114_41.jpg,Person,743,9,779,78,1280,720
frame_114_41.jpg,Person,630,10,664,53,1280,720
frame_114_42.jpg,Person,308,114,387,329,1280,720
frame_114_42.jpg,Person,325,373,462,611,1280,720
frame_114_42.jpg,Person,435,124,506,277,1280,720
frame_114_42.jpg,Person,853,83,921,262,1280,720
frame_114_42.jpg,Person,934,107,983,238,1280,720
frame_114_42.jpg,Person,697,86,751,150,1280,720
frame_114_42.jpg,Person,1119,205,1176,274,1280,720
frame_114_42.jpg,Person,559,88,605,155,1280,720
frame_114_42.jpg,Person,1201,116,1241,187,1280,720
frame_114_42.jpg,Person,1061,97,1102,157,1280,720
frame_114_42.jpg,Person,1114,205,1177,345,1280,720
frame_114_42.jpg,Person,1097,99,1129,156,1280,720
frame_114_42.jpg,Person,743,9,779,78,1280,720
frame_114_42.jpg,Person,630,10,664,53,1280,720
frame_114_43.jpg,Person,308,114,387,329,1280,720
frame_114_43.jpg,Person,325,373,462,612,1280,720
frame_114_43.jpg,Person,435,124,506,277,1280,720
frame_114_43.jpg,Person,853,83,920,262,1280,720
frame_114_43.jpg,Person,695,86,750,149,1280,720
frame_114_43.jpg,Person,934,107,983,238,1280,720
frame_114_43.jpg,Person,1118,205,1175,274,1280,720
frame_114_43.jpg,Person,559,88,606,156,1280,720
frame_114_43.jpg,Person,1062,97,1102,157,1280,720
frame_114_43.jpg,Person,1202,118,1242,187,1280,720
frame_114_43.jpg,Person,1113,206,1176,344,1280,720
frame_114_43.jpg,Person,1096,98,1129,155,1280,720
frame_114_43.jpg,Person,743,9,779,78,1280,720
frame_114_43.jpg,Person,630,10,664,53,1280,720
frame_114_44.jpg,Person,308,114,387,329,1280,720
frame_114_44.jpg,Person,325,373,462,611,1280,720
frame_114_44.jpg,Person,435,124,506,277,1280,720
frame_114_44.jpg,Person,854,83,920,262,1280,720
frame_114_44.jpg,Person,934,107,983,238,1280,720
frame_114_44.jpg,Person,695,85,750,149,1280,720
frame_114_44.jpg,Person,1119,205,1175,274,1280,720
frame_114_44.jpg,Person,559,88,606,156,1280,720
frame_114_44.jpg,Person,1061,97,1102,157,1280,720
frame_114_44.jpg,Person,1115,205,1177,341,1280,720
frame_114_44.jpg,Person,1096,99,1129,156,1280,720
frame_114_44.jpg,Person,743,9,779,78,1280,720
frame_114_44.jpg,Person,1203,119,1242,187,1280,720
frame_114_44.jpg,Person,630,10,664,53,1280,720
frame_114_45.jpg,Person,308,114,387,329,1280,720
frame_114_45.jpg,Person,325,373,463,612,1280,720
frame_114_45.jpg,Person,435,124,506,277,1280,720
frame_114_45.jpg,Person,853,83,921,263,1280,720
frame_114_45.jpg,Person,934,107,983,238,1280,720
frame_114_45.jpg,Person,696,86,750,149,1280,720
frame_114_45.jpg,Person,1118,205,1175,274,1280,720
frame_114_45.jpg,Person,559,88,605,156,1280,720
frame_114_45.jpg,Person,1062,97,1102,157,1280,720
frame_114_45.jpg,Person,1113,206,1176,344,1280,720
frame_114_45.jpg,Person,1096,99,1129,156,1280,720
frame_114_45.jpg,Person,743,9,779,78,1280,720
frame_114_45.jpg,Person,630,10,664,53,1280,720
frame_114_45.jpg,Person,1205,119,1245,187,1280,720
frame_114_46.jpg,Person,308,114,387,329,1280,720
frame_114_46.jpg,Person,325,373,462,612,1280,720
frame_114_46.jpg,Person,435,124,506,277,1280,720
frame_114_46.jpg,Person,853,83,921,263,1280,720
frame_114_46.jpg,Person,934,107,983,238,1280,720
frame_114_46.jpg,Person,695,86,750,149,1280,720
frame_114_46.jpg,Person,1118,205,1175,274,1280,720
frame_114_46.jpg,Person,559,88,606,156,1280,720
frame_114_46.jpg,Person,1061,97,1102,157,1280,720
frame_114_46.jpg,Person,1097,98,1129,155,1280,720
frame_114_46.jpg,Person,1113,205,1176,344,1280,720
frame_114_46.jpg,Person,743,9,779,78,1280,720
frame_114_46.jpg,Person,630,10,664,53,1280,720
frame_114_47.jpg,Person,308,114,387,329,1280,720
frame_114_47.jpg,Person,325,373,463,612,1280,720
frame_114_47.jpg,Person,435,124,506,277,1280,720
frame_114_47.jpg,Person,853,83,920,263,1280,720
frame_114_47.jpg,Person,934,107,983,239,1280,720
frame_114_47.jpg,Person,695,86,750,149,1280,720
frame_114_47.jpg,Person,1118,205,1175,274,1280,720
frame_114_47.jpg,Person,558,88,605,156,1280,720
frame_114_47.jpg,Person,1062,97,1102,157,1280,720
frame_114_47.jpg,Person,1097,99,1129,156,1280,720
frame_114_47.jpg,Person,1113,205,1176,344,1280,720
frame_114_47.jpg,Person,743,9,779,78,1280,720
frame_114_47.jpg,Person,1207,117,1247,186,1280,720
frame_114_47.jpg,Person,630,10,664,53,1280,720
frame_114_48.jpg,Person,308,114,387,329,1280,720
frame_114_48.jpg,Person,325,374,462,612,1280,720
frame_114_48.jpg,Person,435,124,506,277,1280,720
frame_114_48.jpg,Person,853,83,920,263,1280,720
frame_114_48.jpg,Person,934,107,983,239,1280,720
frame_114_48.jpg,Person,695,86,750,149,1280,720
frame_114_48.jpg,Person,1118,205,1175,274,1280,720
frame_114_48.jpg,Person,558,88,605,156,1280,720
frame_114_48.jpg,Person,1062,97,1102,157,1280,720
frame_114_48.jpg,Person,1097,99,1129,156,1280,720
frame_114_48.jpg,Person,1113,205,1176,344,1280,720
frame_114_48.jpg,Person,743,9,779,78,1280,720
frame_114_48.jpg,Person,1207,117,1247,187,1280,720
frame_114_48.jpg,Person,630,10,664,53,1280,720
frame_114_49.jpg,Person,308,114,387,329,1280,720
frame_114_49.jpg,Person,325,373,463,612,1280,720
frame_114_49.jpg,Person,434,124,506,277,1280,720
frame_114_49.jpg,Person,853,82,920,263,1280,720
frame_114_49.jpg,Person,934,107,983,239,1280,720
frame_114_49.jpg,Person,697,86,751,150,1280,720
frame_114_49.jpg,Person,1118,205,1175,274,1280,720
frame_114_49.jpg,Person,559,88,606,156,1280,720
frame_114_49.jpg,Person,1062,97,1102,157,1280,720
frame_114_49.jpg,Person,1207,116,1248,187,1280,720
frame_114_49.jpg,Person,1096,99,1129,156,1280,720
frame_114_49.jpg,Person,1113,205,1176,344,1280,720
frame_114_49.jpg,Person,743,9,779,78,1280,720
frame_114_49.jpg,Person,630,10,664,53,1280,720
frame_114_5.jpg,Person,308,114,388,329,1280,720
frame_114_5.jpg,Person,326,373,463,612,1280,720
frame_114_5.jpg,Person,435,124,506,277,1280,720
frame_114_5.jpg,Person,853,84,919,260,1280,720
frame_114_5.jpg,Person,1120,205,1175,273,1280,720
frame_114_5.jpg,Person,934,107,983,237,1280,720
frame_114_5.jpg,Person,1173,101,1209,165,1280,720
frame_114_5.jpg,Person,698,85,749,168,1280,720
frame_114_5.jpg,Person,1097,99,1128,157,1280,720
frame_114_5.jpg,Person,1061,96,1100,156,1280,720
frame_114_5.jpg,Person,1116,205,1176,313,1280,720
frame_114_5.jpg,Person,744,9,780,80,1280,720
frame_114_5.jpg,Person,630,10,663,53,1280,720
frame_114_50.jpg,Person,308,114,387,329,1280,720
frame_114_50.jpg,Person,325,374,462,612,1280,720
frame_114_50.jpg,Person,434,124,505,277,1280,720
frame_114_50.jpg,Person,853,81,920,262,1280,720
frame_114_50.jpg,Person,934,107,983,239,1280,720
frame_114_50.jpg,Person,695,86,750,149,1280,720
frame_114_50.jpg,Person,1118,205,1175,273,1280,720
frame_114_50.jpg,Person,558,88,605,156,1280,720
frame_114_50.jpg,Person,1208,118,1248,188,1280,720
frame_114_50.jpg,Person,1062,97,1102,157,1280,720
frame_114_50.jpg,Person,1096,99,1129,156,1280,720
frame_114_50.jpg,Person,1113,205,1177,345,1280,720
frame_114_50.jpg,Person,743,9,779,78,1280,720
frame_114_50.jpg,Person,630,10,664,53,1280,720
frame_114_50.jpg,Person,542,35,595,101,1280,720
frame_114_51.jpg,Person,308,114,387,329,1280,720
frame_114_51.jpg,Person,325,373,462,612,1280,720
frame_114_51.jpg,Person,434,124,506,277,1280,720
frame_114_51.jpg,Person,853,83,920,263,1280,720
frame_114_51.jpg,Person,934,107,983,238,1280,720
frame_114_51.jpg,Person,695,86,750,150,1280,720
frame_114_51.jpg,Person,1119,206,1175,274,1280,720
frame_114_51.jpg,Person,558,88,605,156,1280,720
frame_114_51.jpg,Person,1209,119,1250,187,1280,720
frame_114_51.jpg,Person,1062,97,1102,157,1280,720
frame_114_51.jpg,Person,1113,205,1176,343,1280,720
frame_114_51.jpg,Person,1097,99,1129,156,1280,720
frame_114_51.jpg,Person,743,9,779,78,1280,720
frame_114_51.jpg,Person,630,10,664,53,1280,720
frame_114_51.jpg,Person,543,34,595,101,1280,720
frame_114_52.jpg,Person,308,115,387,329,1280,720
frame_114_52.jpg,Person,325,374,462,612,1280,720
frame_114_52.jpg,Person,434,124,505,277,1280,720
frame_114_52.jpg,Person,853,83,920,263,1280,720
frame_114_52.jpg,Person,695,86,750,150,1280,720
frame_114_52.jpg,Person,934,107,983,238,1280,720
frame_114_52.jpg,Person,1119,206,1175,274,1280,720
frame_114_52.jpg,Person,558,88,605,156,1280,720
frame_114_52.jpg,Person,1113,205,1176,340,1280,720
frame_114_52.jpg,Person,1062,97,1102,157,1280,720
frame_114_52.jpg,Person,1097,99,1129,156,1280,720
frame_114_52.jpg,Person,1209,119,1250,187,1280,720
frame_114_52.jpg,Person,743,9,779,78,1280,720
frame_114_52.jpg,Person,630,10,664,53,1280,720
frame_114_52.jpg,Person,542,34,595,101,1280,720
frame_114_53.jpg,Person,308,115,387,329,1280,720
frame_114_53.jpg,Person,325,373,463,612,1280,720
frame_114_53.jpg,Person,434,124,505,277,1280,720
frame_114_53.jpg,Person,853,82,918,261,1280,720
frame_114_53.jpg,Person,934,107,983,238,1280,720
frame_114_53.jpg,Person,695,86,750,150,1280,720
frame_114_53.jpg,Person,1119,205,1175,274,1280,720
frame_114_53.jpg,Person,558,88,605,156,1280,720
frame_114_53.jpg,Person,1210,119,1250,187,1280,720
frame_114_53.jpg,Person,1061,97,1102,157,1280,720
frame_114_53.jpg,Person,1113,205,1176,344,1280,720
frame_114_53.jpg,Person,1097,99,1129,156,1280,720
frame_114_53.jpg,Person,743,9,779,78,1280,720
frame_114_53.jpg,Person,630,10,664,53,1280,720
frame_114_53.jpg,Person,543,34,595,101,1280,720
frame_114_54.jpg,Person,308,114,387,329,1280,720
frame_114_54.jpg,Person,325,374,462,612,1280,720
frame_114_54.jpg,Person,434,124,505,277,1280,720
frame_114_54.jpg,Person,853,82,918,261,1280,720
frame_114_54.jpg,Person,934,107,983,238,1280,720
frame_114_54.jpg,Person,695,86,750,150,1280,720
frame_114_54.jpg,Person,1118,205,1175,274,1280,720
frame_114_54.jpg,Person,558,88,605,156,1280,720
frame_114_54.jpg,Person,1209,118,1250,187,1280,720
frame_114_54.jpg,Person,1061,97,1102,157,1280,720
frame_114_54.jpg,Person,1097,99,1129,156,1280,720
frame_114_54.jpg,Person,1113,205,1177,346,1280,720
frame_114_54.jpg,Person,743,9,779,78,1280,720
frame_114_54.jpg,Person,630,10,664,53,1280,720
frame_114_55.jpg,Person,308,114,387,329,1280,720
frame_114_55.jpg,Person,325,373,463,612,1280,720
frame_114_55.jpg,Person,434,124,505,277,1280,720
frame_114_55.jpg,Person,853,83,918,263,1280,720
frame_114_55.jpg,Person,934,107,983,239,1280,720
frame_114_55.jpg,Person,695,86,750,150,1280,720
frame_114_55.jpg,Person,1119,205,1175,274,1280,720
frame_114_55.jpg,Person,558,87,605,156,1280,720
frame_114_55.jpg,Person,1210,119,1250,187,1280,720
frame_114_55.jpg,Person,1097,99,1129,157,1280,720
frame_114_55.jpg,Person,1061,97,1102,157,1280,720
frame_114_55.jpg,Person,1113,205,1176,344,1280,720
frame_114_55.jpg,Person,743,9,779,78,1280,720
frame_114_55.jpg,Person,630,10,664,53,1280,720
frame_114_56.jpg,Person,308,114,387,329,1280,720
frame_114_56.jpg,Person,325,374,462,612,1280,720
frame_114_56.jpg,Person,434,124,505,277,1280,720
frame_114_56.jpg,Person,854,83,918,263,1280,720
frame_114_56.jpg,Person,934,107,983,239,1280,720
frame_114_56.jpg,Person,695,86,750,150,1280,720
frame_114_56.jpg,Person,1118,205,1175,274,1280,720
frame_114_56.jpg,Person,558,87,605,156,1280,720
frame_114_56.jpg,Person,1062,97,1102,157,1280,720
frame_114_56.jpg,Person,1097,99,1129,156,1280,720
frame_114_56.jpg,Person,1210,119,1251,187,1280,720
frame_114_56.jpg,Person,1113,205,1177,344,1280,720
frame_114_56.jpg,Person,743,9,779,78,1280,720
frame_114_56.jpg,Person,630,10,664,53,1280,720
frame_68_17.jpg,Person,328,0,357,62,704,480
frame_68_18.jpg,Person,333,0,359,62,704,480
frame_68_19.jpg,Person,333,0,361,62,704,480
frame_68_2.jpg,Person,299,0,331,64,704,480
frame_68_20.jpg,Person,334,0,362,62,704,480
frame_68_21.jpg,Person,334,0,363,62,704,480
frame_68_22.jpg,Person,335,0,364,62,704,480
frame_68_23.jpg,Person,338,0,366,60,704,480
frame_68_24.jpg,Person,339,0,367,58,704,480
frame_68_25.jpg,Person,341,0,369,58,704,480
frame_68_26.jpg,Person,342,0,369,58,704,480
frame_68_27.jpg,Person,343,0,370,58,704,480
frame_68_28.jpg,Person,344,0,373,58,704,480
frame_68_29.jpg,Person,346,0,377,58,704,480
frame_68_30.jpg,Person,347,0,378,58,704,480
frame_68_31.jpg,Person,349,0,378,58,704,480
frame_68_32.jpg,Person,349,0,378,57,704,480
frame_68_33.jpg,Person,352,0,380,56,704,480
frame_68_34.jpg,Person,352,0,379,55,704,480
frame_68_35.jpg,Person,356,0,381,54,704,480
frame_68_36.jpg,Person,357,0,382,54,704,480
frame_68_37.jpg,Person,358,0,383,54,704,480
frame_68_38.jpg,Person,360,0,385,54,704,480
frame_68_39.jpg,Person,360,0,385,54,704,480
frame_68_4.jpg,Person,305,0,333,64,704,480
frame_68_5.jpg,Person,306,0,334,64,704,480
frame_68_6.jpg,Person,307,0,338,64,704,480
frame_68_7.jpg,Person,310,0,344,63,704,480
frame_68_8.jpg,Person,308,0,345,64,704,480
frame_143_55.jpg,Person,510,273,648,642,1280,720
frame_143_56.jpg,Person,510,272,648,642,1280,720
frame_143_57.jpg,Person,516,261,652,611,1280,720
frame_143_58.jpg,Person,515,261,652,611,1280,720
frame_143_59.jpg,Person,520,240,661,607,1280,720
frame_143_6.jpg,Person,818,361,909,586,1280,720
frame_143_7.jpg,Person,818,304,924,588,1280,720
frame_143_8.jpg,Person,818,304,924,588,1280,720
frame_143_9.jpg,Person,804,267,930,581,1280,720
frame_144_0.jpg,Person,641,108,712,351,1280,720
frame_144_1.jpg,Person,641,108,712,351,1280,720
frame_144_10.jpg,Person,637,108,712,352,1280,720
frame_144_11.jpg,Person,636,108,713,352,1280,720
frame_144_12.jpg,Person,636,108,713,351,1280,720
frame_144_13.jpg,Person,635,108,712,352,1280,720
frame_144_14.jpg,Person,635,108,712,352,1280,720
frame_144_15.jpg,Person,635,108,712,352,1280,720
frame_144_16.jpg,Person,635,108,712,352,1280,720
frame_144_17.jpg,Person,635,106,713,351,1280,720
frame_144_18.jpg,Person,635,108,713,352,1280,720
frame_144_2.jpg,Person,641,108,712,351,1280,720
frame_144_21.jpg,Person,632,113,712,352,1280,720
frame_144_22.jpg,Person,632,113,712,352,1280,720
frame_144_23.jpg,Person,632,110,711,361,1280,720
frame_144_24.jpg,Person,632,110,711,361,1280,720
frame_144_25.jpg,Person,630,115,714,370,1280,720
frame_144_26.jpg,Person,630,115,714,370,1280,720
frame_144_27.jpg,Person,629,116,718,375,1280,720
frame_144_28.jpg,Person,629,116,718,375,1280,720
frame_81_5.jpg,Person,55,17,75,77,320,240
frame_81_5.jpg,Person,90,3,103,37,320,240
frame_81_5.jpg,Person,100,205,132,238,320,240
frame_81_5.jpg,Person,104,2,127,42,320,240
frame_81_50.jpg,Person,55,214,72,239,320,240
frame_81_50.jpg,Person,104,2,133,68,320,240
frame_81_51.jpg,Person,54,215,72,239,320,240
frame_81_52.jpg,Person,54,215,72,239,320,240
frame_81_52.jpg,Person,104,1,129,72,320,240
frame_81_53.jpg,Person,51,215,74,239,320,240
frame_81_53.jpg,Person,104,2,131,73,320,240
frame_81_57.jpg,Person,105,2,137,50,320,240
frame_81_57.jpg,Person,54,217,73,239,320,240
frame_81_57.jpg,Person,115,39,138,71,320,240
frame_81_58.jpg,Person,54,217,74,239,320,240
frame_81_58.jpg,Person,116,42,139,71,320,240
frame_81_58.jpg,Person,220,0,244,24,320,240
frame_81_59.jpg,Person,116,37,139,71,320,240
frame_81_59.jpg,Person,220,0,244,24,320,240
frame_81_59.jpg,Person,104,2,127,42,320,240
frame_81_59.jpg,Person,52,217,73,239,320,240
frame_81_6.jpg,Person,55,19,77,79,320,240
frame_81_6.jpg,Person,91,4,103,36,320,240
frame_81_7.jpg,Person,55,18,79,79,320,240
frame_81_7.jpg,Person,92,4,104,37,320,240
frame_81_7.jpg,Person,104,2,127,42,320,240
frame_81_8.jpg,Person,55,19,80,79,320,240
frame_81_8.jpg,Person,92,6,104,38,320,240
frame_81_8.jpg,Person,104,2,127,42,320,240
frame_81_8.jpg,Person,92,205,129,239,320,240
frame_81_9.jpg,Person,55,20,85,77,320,240
frame_81_9.jpg,Person,91,5,104,38,320,240
frame_81_9.jpg,Person,104,3,127,42,320,240
frame_81_9.jpg,Person,95,206,118,239,320,240
frame_81_9.jpg,Person,96,206,128,239,320,240
frame_82_0.jpg,Person,111,56,134,85,320,240
frame_82_0.jpg,Person,104,2,128,41,320,240
frame_82_0.jpg,Person,104,49,121,79,320,240
frame_82_0.jpg,Person,55,17,72,59,320,240
frame_82_0.jpg,Person,265,34,293,76,320,240
frame_82_1.jpg,Person,104,2,128,42,320,240
frame_82_1.jpg,Person,55,17,72,59,320,240
frame_82_1.jpg,Person,103,49,135,86,320,240
frame_82_10.jpg,Person,104,2,128,42,320,240
frame_82_10.jpg,Person,55,17,73,59,320,240
frame_82_10.jpg,Person,107,58,118,86,320,240
frame_82_10.jpg,Person,99,51,110,83,320,240
frame_82_11.jpg,Person,104,59,119,89,320,240
frame_82_11.jpg,Person,104,2,128,42,320,240
frame_82_11.jpg,Person,99,50,109,83,320,240
frame_82_11.jpg,Person,55,17,73,59,320,240
frame_82_12.jpg,Person,55,17,73,59,320,240
frame_82_12.jpg,Person,104,2,128,42,320,240
frame_13_30.jpg,Person,217,142,381,284,512,288
frame_13_30.jpg,Person,24,50,78,164,512,288
frame_13_30.jpg,Person,109,22,142,82,512,288
frame_13_31.jpg,Person,218,142,384,284,512,288
frame_13_31.jpg,Person,22,49,77,164,512,288
frame_13_31.jpg,Person,109,22,142,81,512,288
frame_13_32.jpg,Person,217,142,384,284,512,288
frame_13_32.jpg,Person,24,50,78,164,512,288
frame_13_32.jpg,Person,109,22,142,82,512,288
frame_13_33.jpg,Person,218,141,386,284,512,288
frame_13_33.jpg,Person,23,50,77,164,512,288
frame_13_33.jpg,Person,110,22,142,82,512,288
frame_13_34.jpg,Person,216,140,385,283,512,288
frame_13_34.jpg,Person,24,52,78,163,512,288
frame_13_34.jpg,Person,109,22,141,82,512,288
frame_13_35.jpg,Person,216,140,386,284,512,288
frame_13_35.jpg,Person,22,49,77,164,512,288
frame_13_35.jpg,Person,109,22,142,82,512,288
frame_13_36.jpg,Person,214,140,386,283,512,288
frame_13_36.jpg,Person,23,51,77,164,512,288
frame_13_36.jpg,Person,109,22,142,82,512,288
frame_13_37.jpg,Person,214,140,386,283,512,288
frame_13_37.jpg,Person,23,51,77,164,512,288
frame_13_37.jpg,Person,109,22,142,82,512,288
frame_13_38.jpg,Person,214,140,386,284,512,288
frame_13_38.jpg,Person,23,51,76,165,512,288
frame_13_38.jpg,Person,109,22,142,82,512,288
frame_13_39.jpg,Person,213,139,385,284,512,288
frame_13_39.jpg,Person,23,51,77,164,512,288
frame_13_39.jpg,Person,109,22,142,82,512,288
frame_13_4.jpg,Person,212,153,378,284,512,288
frame_13_4.jpg,Person,26,50,76,162,512,288
frame_13_40.jpg,Person,207,139,382,284,512,288
frame_13_40.jpg,Person,21,51,77,163,512,288
frame_13_40.jpg,Person,109,22,142,81,512,288
frame_13_41.jpg,Person,198,138,380,284,512,288
frame_13_41.jpg,Person,22,51,78,163,512,288
frame_13_41.jpg,Person,109,22,142,82,512,288
frame_13_42.jpg,Person,191,138,376,284,512,288
frame_13_42.jpg,Person,22,52,78,164,512,288
frame_13_42.jpg,Person,109,22,143,82,512,288
frame_13_43.jpg,Person,183,137,373,284,512,288
frame_13_43.jpg,Person,22,51,78,164,512,288
frame_13_43.jpg,Person,109,22,142,82,512,288
frame_13_44.jpg,Person,179,136,369,284,512,288
frame_13_44.jpg,Person,21,51,77,164,512,288
frame_13_44.jpg,Person,109,22,142,82,512,288
frame_13_45.jpg,Person,174,135,364,284,512,288
frame_13_45.jpg,Person,21,52,77,164,512,288
frame_13_45.jpg,Person,109,22,142,82,512,288
frame_13_46.jpg,Person,167,135,359,285,512,288
frame_13_46.jpg,Person,23,52,77,165,512,288
frame_13_46.jpg,Person,109,22,142,82,512,288
frame_13_47.jpg,Person,170,135,353,285,512,288
frame_13_47.jpg,Person,23,52,77,165,512,288
frame_13_47.jpg,Person,109,22,142,82,512,288
frame_13_48.jpg,Person,173,134,348,285,512,288
frame_13_48.jpg,Person,23,53,77,165,512,288
frame_13_48.jpg,Person,109,22,142,82,512,288
frame_13_49.jpg,Person,179,134,344,285,512,288
frame_13_49.jpg,Person,23,53,77,165,512,288
frame_13_49.jpg,Person,109,21,142,81,512,288
frame_13_5.jpg,Person,211,153,377,284,512,288
frame_13_5.jpg,Person,25,52,76,162,512,288
frame_13_5.jpg,Person,102,26,166,138,512,288
frame_13_6.jpg,Person,211,153,377,284,512,288
frame_13_6.jpg,Person,25,52,76,162,512,288
frame_13_6.jpg,Person,104,29,168,137,512,288
frame_51_47.jpg,Person,46,32,71,91,480,360
frame_51_47.jpg,Person,75,23,100,76,480,360
frame_51_48.jpg,Person,46,30,71,91,480,360
frame_51_48.jpg,Person,75,22,100,76,480,360
frame_51_49.jpg,Person,46,33,71,91,480,360
frame_51_49.jpg,Person,75,23,99,76,480,360
frame_51_50.jpg,Person,46,32,71,91,480,360
frame_51_50.jpg,Person,75,22,99,76,480,360
frame_51_51.jpg,Person,44,30,72,94,480,360
frame_51_51.jpg,Person,75,20,99,76,480,360
frame_51_52.jpg,Person,44,29,72,93,480,360
frame_51_52.jpg,Person,75,20,99,76,480,360
frame_53_0.jpg,Person,669,242,884,715,1280,720
frame_53_0.jpg,Person,836,387,1030,716,1280,720
frame_53_0.jpg,Person,206,141,414,644,1280,720
frame_53_0.jpg,Person,5,331,210,713,1280,720
frame_53_0.jpg,Person,84,58,216,536,1280,720
frame_53_0.jpg,Person,154,98,296,483,1280,720
frame_53_0.jpg,Person,238,500,388,656,1280,720
frame_53_0.jpg,Person,284,81,343,144,1280,720
frame_53_1.jpg,Person,671,243,885,715,1280,720
frame_53_1.jpg,Person,835,388,1030,717,1280,720
frame_53_1.jpg,Person,8,332,204,716,1280,720
frame_53_1.jpg,Person,204,140,440,644,1280,720
frame_53_1.jpg,Person,84,58,216,535,1280,720
frame_53_1.jpg,Person,153,98,292,485,1280,720
frame_53_1.jpg,Person,188,500,482,718,1280,720
frame_53_1.jpg,Person,286,80,347,145,1280,720
frame_53_10.jpg,Person,2,326,201,715,1280,720
frame_53_10.jpg,Person,677,244,881,711,1280,720
frame_53_10.jpg,Person,802,390,1028,716,1280,720
frame_53_10.jpg,Person,196,147,405,716,1280,720
frame_53_10.jpg,Person,88,57,209,540,1280,720
frame_53_10.jpg,Person,151,101,308,504,1280,720
frame_53_10.jpg,Person,0,161,116,463,1280,720
frame_53_11.jpg,Person,676,244,880,711,1280,720
frame_53_11.jpg,Person,4,327,202,714,1280,720
frame_53_11.jpg,Person,89,62,209,540,1280,720
frame_53_11.jpg,Person,200,147,404,714,1280,720
frame_53_11.jpg,Person,801,391,1029,716,1280,720
frame_53_11.jpg,Person,151,100,309,498,1280,720
frame_53_11.jpg,Person,150,98,312,697,1280,720
frame_53_11.jpg,Person,0,161,118,456,1280,720
frame_53_11.jpg,Person,0,431,36,714,1280,720
frame_53_12.jpg,Person,675,245,881,711,1280,720
frame_53_12.jpg,Person,5,330,203,715,1280,720
frame_53_12.jpg,Person,851,390,1028,715,1280,720
frame_53_12.jpg,Person,89,62,208,540,1280,720
frame_53_12.jpg,Person,201,147,404,714,1280,720
frame_53_12.jpg,Person,150,100,312,692,1280,720
frame_53_12.jpg,Person,150,101,310,497,1280,720
frame_53_12.jpg,Person,203,148,550,715,1280,720
frame_53_12.jpg,Person,0,161,116,452,1280,720
frame_53_12.jpg,Person,0,435,37,714,1280,720
frame_53_12.jpg,Person,304,89,371,154,1280,720
frame_53_13.jpg,Person,679,245,880,708,1280,720
frame_53_13.jpg,Person,1,330,203,716,1280,720
frame_53_13.jpg,Person,88,62,208,539,1280,720
frame_53_13.jpg,Person,852,391,1028,716,1280,720
frame_53_13.jpg,Person,149,100,312,507,1280,720
frame_53_13.jpg,Person,204,148,552,715,1280,720
frame_53_13.jpg,Person,203,148,413,714,1280,720
frame_53_13.jpg,Person,148,98,314,700,1280,720
frame_53_14.jpg,Person,676,247,879,711,1280,720
frame_53_14.jpg,Person,850,391,1027,716,1280,720
frame_53_14.jpg,Person,8,328,202,716,1280,720
frame_53_14.jpg,Person,88,60,207,541,1280,720
frame_53_14.jpg,Person,147,100,312,514,1280,720
frame_53_14.jpg,Person,204,150,570,716,1280,720
frame_53_14.jpg,Person,0,160,116,456,1280,720
frame_53_14.jpg,Person,147,98,314,683,1280,720
frame_53_15.jpg,Person,850,392,1028,717,1280,720
frame_53_15.jpg,Person,675,247,879,711,1280,720
frame_53_15.jpg,Person,12,326,202,715,1280,720
frame_53_15.jpg,Person,88,61,208,540,1280,720
frame_53_15.jpg,Person,146,98,315,699,1280,720
frame_53_15.jpg,Person,0,159,114,458,1280,720
frame_53_15.jpg,Person,215,150,578,716,1280,720
frame_53_15.jpg,Person,228,148,427,554,1280,720
frame_53_16.jpg,Person,675,247,879,711,1280,720
frame_53_16.jpg,Person,11,326,202,715,1280,720
frame_53_16.jpg,Person,838,393,1027,718,1280,720
frame_53_16.jpg,Person,87,63,206,539,1280,720
frame_53_16.jpg,Person,144,98,315,707,1280,720
frame_53_16.jpg,Person,232,148,422,554,1280,720
frame_53_16.jpg,Person,305,91,370,155,1280,720
frame_53_16.jpg,Person,220,150,554,716,1280,720
frame_53_17.jpg,Person,673,246,879,711,1280,720
frame_53_17.jpg,Person,12,323,201,716,1280,720
frame_53_17.jpg,Person,830,394,1028,718,1280,720
frame_53_17.jpg,Person,145,98,315,707,1280,720
frame_53_17.jpg,Person,85,61,202,538,1280,720
frame_53_17.jpg,Person,231,149,409,570,1280,720
frame_53_17.jpg,Person,221,149,553,715,1280,720
frame_53_17.jpg,Person,305,90,371,155,1280,720
frame_53_17.jpg,Person,0,165,110,469,1280,720
frame_53_18.jpg,Person,829,393,1028,717,1280,720
frame_53_18.jpg,Person,673,247,878,713,1280,720
frame_53_18.jpg,Person,6,317,202,716,1280,720
frame_53_18.jpg,Person,143,97,316,710,1280,720
frame_53_18.jpg,Person,86,58,208,538,1280,720
frame_53_18.jpg,Person,265,489,559,716,1280,720
frame_53_18.jpg,Person,306,91,371,156,1280,720
frame_53_18.jpg,Person,219,148,410,699,1280,720
frame_53_18.jpg,Person,231,148,413,555,1280,720
frame_53_19.jpg,Person,841,393,1028,717,1280,720
frame_53_19.jpg,Person,673,246,878,713,1280,720
frame_53_19.jpg,Person,142,96,317,712,1280,720
frame_53_19.jpg,Person,266,489,576,717,1280,720
frame_53_19.jpg,Person,86,58,205,537,1280,720
frame_53_19.jpg,Person,0,207,198,715,1280,720
frame_53_19.jpg,Person,228,149,404,684,1280,720
frame_53_19.jpg,Person,306,91,371,157,1280,720
frame_53_19.jpg,Person,0,159,48,254,1280,720
frame_53_19.jpg,Person,233,148,403,532,1280,720
frame_53_2.jpg,Person,665,243,884,714,1280,720
frame_53_2.jpg,Person,837,389,1031,717,1280,720
frame_53_2.jpg,Person,12,331,203,715,1280,720
frame_53_2.jpg,Person,204,142,444,647,1280,720
frame_53_2.jpg,Person,85,58,213,537,1280,720
frame_53_2.jpg,Person,154,100,293,490,1280,720
frame_53_2.jpg,Person,287,81,349,145,1280,720
frame_53_2.jpg,Person,241,499,391,652,1280,720
frame_53_20.jpg,Person,831,393,1029,717,1280,720
frame_53_20.jpg,Person,656,245,879,711,1280,720
frame_53_20.jpg,Person,142,96,318,713,1280,720
frame_53_20.jpg,Person,87,58,202,538,1280,720
frame_53_20.jpg,Person,1,220,202,713,1280,720
frame_53_20.jpg,Person,265,488,571,716,1280,720
frame_53_20.jpg,Person,230,149,406,568,1280,720
frame_53_20.jpg,Person,306,91,371,156,1280,720
frame_53_20.jpg,Person,0,158,46,253,1280,720
frame_53_20.jpg,Person,219,147,408,710,1280,720
frame_38_21.jpg,Person,569,68,1034,709,1280,720
frame_38_21.jpg,Person,570,71,814,483,1280,720
frame_38_22.jpg,Person,574,72,1038,710,1280,720
frame_38_22.jpg,Person,575,74,813,492,1280,720
frame_38_23.jpg,Person,583,79,1039,710,1280,720
frame_38_23.jpg,Person,582,79,813,493,1280,720
frame_38_24.jpg,Person,591,83,1041,711,1280,720
frame_38_24.jpg,Person,590,82,813,699,1280,720
frame_38_25.jpg,Person,592,89,1039,710,1280,720
frame_38_25.jpg,Person,593,90,814,697,1280,720
frame_38_25.jpg,Person,665,335,1038,710,1280,720
frame_38_25.jpg,Person,592,89,813,496,1280,720
frame_38_26.jpg,Person,598,99,814,478,1280,720
frame_38_26.jpg,Person,665,336,1037,711,1280,720
frame_38_27.jpg,Person,615,103,814,469,1280,720
frame_38_27.jpg,Person,616,101,1031,706,1280,720
frame_38_28.jpg,Person,623,118,1032,709,1280,720
frame_38_28.jpg,Person,623,116,815,469,1280,720
frame_38_29.jpg,Person,630,112,1031,707,1280,720
frame_38_29.jpg,Person,628,114,814,464,1280,720
frame_38_3.jpg,Person,531,8,1002,700,1280,720
frame_38_30.jpg,Person,635,111,1027,710,1280,720
frame_38_31.jpg,Person,638,109,811,439,1280,720
frame_38_32.jpg,Person,643,100,803,424,1280,720
frame_38_32.jpg,Person,643,101,1030,708,1280,720
frame_38_32.jpg,Person,664,338,1026,712,1280,720
frame_38_33.jpg,Person,650,96,799,417,1280,720
frame_38_33.jpg,Person,648,138,1026,711,1280,720
frame_38_34.jpg,Person,653,95,800,417,1280,720
frame_38_34.jpg,Person,670,336,1024,712,1280,720
frame_38_35.jpg,Person,657,95,800,415,1280,720
frame_38_35.jpg,Person,648,332,1022,711,1280,720
frame_38_36.jpg,Person,661,87,801,410,1280,720
frame_38_36.jpg,Person,642,328,1021,711,1280,720
frame_38_36.jpg,Person,640,162,1024,710,1280,720
frame_38_37.jpg,Person,664,81,802,405,1280,720
frame_38_37.jpg,Person,643,93,1023,710,1280,720
frame_38_38.jpg,Person,638,231,1021,711,1280,720
frame_38_38.jpg,Person,674,78,804,341,1280,720
frame_38_39.jpg,Person,635,221,1020,711,1280,720
frame_38_39.jpg,Person,673,75,802,393,1280,720
frame_38_4.jpg,Person,538,133,1003,689,1280,720
frame_38_40.jpg,Person,653,226,1020,714,1280,720
frame_38_40.jpg,Person,690,79,798,268,1280,720
frame_38_41.jpg,Person,621,204,1016,710,1280,720
frame_137_30.jpg,Person,448,3,641,456,1280,720
frame_137_30.jpg,Person,1223,349,1278,463,1280,720
frame_137_31.jpg,Person,449,4,642,423,1280,720
frame_137_31.jpg,Person,1221,333,1278,463,1280,720
frame_137_32.jpg,Person,1219,322,1278,469,1280,720
frame_137_33.jpg,Person,1217,313,1278,469,1280,720
frame_137_34.jpg,Person,463,3,723,417,1280,720
frame_137_34.jpg,Person,1215,301,1278,471,1280,720
frame_137_35.jpg,Person,484,3,741,417,1280,720
frame_137_35.jpg,Person,1215,292,1279,470,1280,720
frame_137_36.jpg,Person,1213,287,1278,468,1280,720
frame_137_36.jpg,Person,494,2,736,417,1280,720
frame_137_37.jpg,Person,1211,282,1278,470,1280,720
frame_137_37.jpg,Person,464,3,807,417,1280,720
frame_137_38.jpg,Person,476,3,810,419,1280,720
frame_137_38.jpg,Person,1211,275,1278,470,1280,720
frame_137_39.jpg,Person,478,5,750,419,1280,720
frame_137_39.jpg,Person,1211,268,1279,475,1280,720
frame_137_4.jpg,Person,413,58,668,572,1280,720
frame_137_40.jpg,Person,479,5,735,419,1280,720
frame_137_40.jpg,Person,1210,262,1278,475,1280,720
frame_137_41.jpg,Person,485,6,733,419,1280,720
frame_137_41.jpg,Person,1208,254,1278,476,1280,720
frame_137_42.jpg,Person,492,5,736,422,1280,720
frame_137_42.jpg,Person,1207,242,1279,477,1280,720
frame_137_43.jpg,Person,501,17,735,423,1280,720
frame_137_5.jpg,Person,425,74,661,562,1280,720
frame_135_59.jpg,Person,512,157,597,344,1280,720
frame_135_59.jpg,Person,10,362,174,603,1280,720
frame_135_6.jpg,Person,677,382,845,660,1280,720
frame_135_6.jpg,Person,1075,269,1202,460,1280,720
frame_135_6.jpg,Person,840,230,956,417,1280,720
frame_135_7.jpg,Person,679,383,850,662,1280,720
frame_135_7.jpg,Person,1075,270,1203,460,1280,720
frame_135_7.jpg,Person,843,230,952,417,1280,720
frame_135_8.jpg,Person,681,387,862,663,1280,720
frame_135_8.jpg,Person,1075,270,1203,460,1280,720
frame_135_8.jpg,Person,846,228,947,416,1280,720
frame_135_9.jpg,Person,685,390,866,665,1280,720
frame_135_9.jpg,Person,1074,269,1203,460,1280,720
frame_135_9.jpg,Person,847,228,942,418,1280,720
frame_107_15.jpg,Person,475,245,792,701,1280,720
frame_107_15.jpg,Person,564,150,684,291,1280,720
frame_107_15.jpg,Person,467,163,547,272,1280,720
frame_107_15.jpg,Person,1027,19,1097,112,1280,720
frame_107_15.jpg,Person,530,19,622,159,1280,720
frame_107_15.jpg,Person,556,20,620,157,1280,720
frame_107_16.jpg,Person,500,251,792,700,1280,720
frame_107_16.jpg,Person,467,162,546,280,1280,720
frame_107_16.jpg,Person,564,151,684,285,1280,720
frame_107_16.jpg,Person,1023,20,1093,104,1280,720
frame_107_16.jpg,Person,1084,19,1126,91,1280,720
frame_107_16.jpg,Person,474,212,565,396,1280,720
frame_107_17.jpg,Person,493,245,792,701,1280,720
frame_107_17.jpg,Person,467,162,546,280,1280,720
frame_107_17.jpg,Person,564,150,684,284,1280,720
frame_107_17.jpg,Person,1023,19,1093,103,1280,720
frame_107_17.jpg,Person,1084,19,1125,91,1280,720
frame_107_18.jpg,Person,508,257,791,699,1280,720
frame_107_18.jpg,Person,467,162,546,280,1280,720
frame_107_18.jpg,Person,563,150,684,283,1280,720
frame_107_18.jpg,Person,1022,19,1092,99,1280,720
frame_107_18.jpg,Person,474,211,565,396,1280,720
frame_107_18.jpg,Person,1083,19,1124,90,1280,720
frame_107_18.jpg,Person,529,19,657,162,1280,720
frame_107_19.jpg,Person,514,258,791,696,1280,720
frame_107_19.jpg,Person,466,158,547,278,1280,720
frame_107_19.jpg,Person,563,145,684,278,1280,720
frame_107_19.jpg,Person,473,208,566,392,1280,720
frame_107_19.jpg,Person,1081,19,1124,86,1280,720
frame_107_19.jpg,Person,1017,19,1052,89,1280,720
frame_107_2.jpg,Person,458,271,792,713,1280,720
frame_107_2.jpg,Person,509,18,606,149,1280,720
frame_107_2.jpg,Person,1057,19,1117,132,1280,720
frame_107_2.jpg,Person,466,175,548,294,1280,720
frame_107_2.jpg,Person,561,164,682,320,1280,720
frame_107_2.jpg,Person,1121,20,1164,129,1280,720
frame_107_20.jpg,Person,516,239,789,695,1280,720
frame_107_20.jpg,Person,563,139,683,267,1280,720
frame_107_20.jpg,Person,466,156,546,276,1280,720
frame_107_20.jpg,Person,1025,19,1075,86,1280,720
frame_107_20.jpg,Person,474,205,564,390,1280,720
frame_107_20.jpg,Person,1077,19,1125,84,1280,720
frame_107_20.jpg,Person,531,20,629,144,1280,720
frame_107_21.jpg,Person,510,241,791,697,1280,720
frame_107_21.jpg,Person,562,141,683,266,1280,720
frame_107_21.jpg,Person,466,156,547,276,1280,720
frame_107_21.jpg,Person,1024,19,1074,86,1280,720
frame_107_21.jpg,Person,473,205,562,389,1280,720
frame_107_21.jpg,Person,1068,20,1123,84,1280,720
frame_107_22.jpg,Person,505,214,791,694,1280,720
frame_107_22.jpg,Person,563,142,683,266,1280,720
frame_107_22.jpg,Person,1063,19,1122,82,1280,720
frame_107_22.jpg,Person,1024,19,1060,86,1280,720
frame_107_22.jpg,Person,466,156,547,277,1280,720
frame_107_22.jpg,Person,467,154,559,390,1280,720
frame_107_23.jpg,Person,505,222,791,694,1280,720
frame_107_23.jpg,Person,563,142,683,266,1280,720
frame_107_23.jpg,Person,1063,19,1122,82,1280,720
frame_107_23.jpg,Person,1024,19,1060,86,1280,720
frame_107_23.jpg,Person,466,155,547,276,1280,720
frame_107_23.jpg,Person,467,154,559,390,1280,720
frame_107_24.jpg,Person,505,225,791,697,1280,720
frame_107_24.jpg,Person,562,141,683,264,1280,720
frame_107_24.jpg,Person,1024,19,1060,84,1280,720
frame_107_24.jpg,Person,1062,19,1121,83,1280,720
frame_107_24.jpg,Person,465,154,560,387,1280,720
frame_107_24.jpg,Person,464,155,556,276,1280,720
frame_107_25.jpg,Person,509,219,791,705,1280,720
frame_107_25.jpg,Person,562,142,684,262,1280,720
frame_107_25.jpg,Person,1061,19,1121,79,1280,720
frame_107_25.jpg,Person,465,154,551,275,1280,720
frame_107_25.jpg,Person,466,154,560,389,1280,720
frame_107_25.jpg,Person,1022,19,1049,86,1280,720
frame_107_25.jpg,Person,576,20,673,168,1280,720
frame_107_26.jpg,Person,508,219,791,699,1280,720
frame_107_26.jpg,Person,562,142,683,262,1280,720
frame_107_26.jpg,Person,1060,19,1121,79,1280,720
frame_107_26.jpg,Person,579,19,671,167,1280,720
frame_107_26.jpg,Person,465,154,550,274,1280,720
frame_107_26.jpg,Person,466,154,559,388,1280,720
frame_107_26.jpg,Person,1021,19,1049,86,1280,720
frame_107_26.jpg,Person,236,210,331,369,1280,720
frame_107_27.jpg,Person,511,225,792,695,1280,720
frame_107_27.jpg,Person,562,141,683,257,1280,720
frame_107_27.jpg,Person,1060,19,1119,75,1280,720
frame_107_27.jpg,Person,1011,19,1049,84,1280,720
frame_107_27.jpg,Person,466,154,548,276,1280,720
frame_107_27.jpg,Person,466,154,561,388,1280,720
frame_107_27.jpg,Person,557,20,687,166,1280,720
frame_107_28.jpg,Person,509,218,793,696,1280,720
frame_107_28.jpg,Person,563,139,680,246,1280,720
frame_107_28.jpg,Person,589,19,681,164,1280,720
frame_107_28.jpg,Person,467,151,562,386,1280,720
frame_107_28.jpg,Person,1007,20,1049,80,1280,720
frame_107_28.jpg,Person,466,154,555,274,1280,720
frame_107_29.jpg,Person,509,217,793,696,1280,720
frame_107_29.jpg,Person,564,140,682,247,1280,720
frame_107_29.jpg,Person,589,19,681,164,1280,720
frame_107_29.jpg,Person,466,153,561,385,1280,720
frame_107_29.jpg,Person,466,153,555,274,1280,720
frame_107_29.jpg,Person,1007,20,1049,80,1280,720
frame_107_3.jpg,Person,510,19,616,152,1280,720
frame_107_3.jpg,Person,564,162,684,315,1280,720
frame_107_3.jpg,Person,467,173,552,290,1280,720
frame_107_3.jpg,Person,453,266,797,712,1280,720
frame_107_3.jpg,Person,1055,20,1114,130,1280,720
frame_107_3.jpg,Person,1119,19,1165,126,1280,720
frame_107_3.jpg,Person,515,224,619,317,1280,720
frame_107_30.jpg,Person,509,222,794,696,1280,720
frame_107_30.jpg,Person,564,140,686,254,1280,720
frame_107_30.jpg,Person,466,151,563,385,1280,720
frame_107_30.jpg,Person,570,19,680,162,1280,720
frame_107_30.jpg,Person,1007,20,1049,79,1280,720
frame_107_30.jpg,Person,466,151,563,277,1280,720
frame_107_30.jpg,Person,1063,19,1114,62,1280,720
frame_107_31.jpg,Person,512,219,792,693,1280,720
frame_107_31.jpg,Person,563,139,686,254,1280,720
frame_107_31.jpg,Person,467,151,563,385,1280,720
frame_107_31.jpg,Person,596,20,692,167,1280,720
frame_107_31.jpg,Person,466,151,561,278,1280,720
frame_107_32.jpg,Person,509,208,799,691,1280,720
frame_107_32.jpg,Person,580,19,692,167,1280,720
frame_107_32.jpg,Person,565,138,687,253,1280,720
frame_107_32.jpg,Person,467,150,565,384,1280,720
frame_107_32.jpg,Person,1062,19,1092,58,1280,720
frame_107_32.jpg,Person,1002,19,1037,69,1280,720
frame_107_33.jpg,Person,510,201,802,691,1280,720
frame_107_33.jpg,Person,565,138,687,254,1280,720
frame_107_33.jpg,Person,582,20,708,170,1280,720
frame_107_33.jpg,Person,467,149,563,384,1280,720
frame_107_33.jpg,Person,1001,18,1091,67,1280,720
frame_107_33.jpg,Person,466,150,561,281,1280,720
frame_107_34.jpg,Person,512,200,803,691,1280,720
frame_107_34.jpg,Person,589,20,707,174,1280,720
frame_107_34.jpg,Person,565,137,687,254,1280,720
frame_107_34.jpg,Person,1001,19,1086,61,1280,720
frame_107_34.jpg,Person,466,150,563,288,1280,720
frame_107_34.jpg,Person,467,149,564,384,1280,720
frame_107_35.jpg,Person,512,200,803,691,1280,720
frame_107_35.jpg,Person,589,19,707,172,1280,720
frame_107_35.jpg,Person,565,137,687,254,1280,720
frame_107_35.jpg,Person,1001,19,1086,61,1280,720
frame_107_35.jpg,Person,466,149,563,286,1280,720
frame_107_35.jpg,Person,467,149,566,384,1280,720
frame_107_36.jpg,Person,511,206,803,690,1280,720
frame_107_36.jpg,Person,588,20,707,174,1280,720
frame_107_36.jpg,Person,564,136,686,253,1280,720
frame_107_36.jpg,Person,465,148,562,277,1280,720
frame_107_36.jpg,Person,466,148,562,382,1280,720
frame_107_36.jpg,Person,1001,18,1086,59,1280,720
frame_107_37.jpg,Person,512,211,808,684,1280,720
frame_107_37.jpg,Person,595,19,708,178,1280,720
frame_107_37.jpg,Person,561,136,684,254,1280,720
frame_107_37.jpg,Person,465,148,561,382,1280,720
frame_107_37.jpg,Person,989,19,1023,59,1280,720
frame_107_37.jpg,Person,1048,19,1084,55,1280,720
frame_107_37.jpg,Person,464,148,559,285,1280,720
frame_107_38.jpg,Person,510,213,806,675,1280,720
frame_107_38.jpg,Person,562,135,683,252,1280,720
frame_107_38.jpg,Person,594,19,709,179,1280,720
frame_107_38.jpg,Person,464,147,560,380,1280,720
frame_107_38.jpg,Person,1044,19,1083,55,1280,720
frame_107_38.jpg,Person,979,19,1023,58,1280,720
frame_107_38.jpg,Person,464,148,559,271,1280,720
frame_107_39.jpg,Person,511,213,801,661,1280,720
frame_107_39.jpg,Person,601,19,709,180,1280,720
frame_107_39.jpg,Person,561,135,683,253,1280,720
frame_107_39.jpg,Person,1187,336,1279,682,1280,720
frame_107_39.jpg,Person,464,147,558,382,1280,720
frame_107_39.jpg,Person,976,19,1022,59,1280,720
frame_107_39.jpg,Person,1042,19,1082,54,1280,720
frame_44_14.jpg,Person,342,52,415,176,480,360
frame_44_14.jpg,Person,225,24,299,214,480,360
frame_44_14.jpg,Person,424,33,473,175,480,360
frame_44_14.jpg,Person,141,2,196,80,480,360
frame_44_14.jpg,Person,143,155,245,268,480,360
frame_44_14.jpg,Person,4,207,82,289,480,360
frame_44_15.jpg,Person,342,53,415,177,480,360
frame_44_15.jpg,Person,225,23,299,212,480,360
frame_44_15.jpg,Person,141,2,196,80,480,360
frame_44_15.jpg,Person,424,33,473,175,480,360
frame_44_15.jpg,Person,142,157,273,269,480,360
frame_44_15.jpg,Person,4,207,82,289,480,360
frame_44_15.jpg,Person,16,34,104,141,480,360
frame_44_15.jpg,Person,131,121,190,175,480,360
frame_44_16.jpg,Person,342,52,415,176,480,360
frame_44_16.jpg,Person,225,24,299,214,480,360
frame_44_16.jpg,Person,424,33,473,175,480,360
frame_44_16.jpg,Person,142,3,196,81,480,360
frame_44_16.jpg,Person,142,157,245,269,480,360
frame_44_16.jpg,Person,15,34,104,141,480,360
frame_44_16.jpg,Person,4,207,82,289,480,360
frame_44_16.jpg,Person,66,0,164,139,480,360
frame_44_16.jpg,Person,287,0,337,108,480,360
frame_44_17.jpg,Person,226,25,297,215,480,360
frame_44_17.jpg,Person,346,48,420,176,480,360
frame_44_17.jpg,Person,424,33,473,175,480,360
frame_44_17.jpg,Person,287,0,336,118,480,360
frame_44_17.jpg,Person,142,2,197,85,480,360
frame_44_17.jpg,Person,145,157,244,268,480,360
frame_44_17.jpg,Person,65,0,165,141,480,360
frame_44_17.jpg,Person,335,13,392,107,480,360
frame_44_17.jpg,Person,7,207,87,289,480,360
frame_44_17.jpg,Person,15,34,93,140,480,360
frame_44_18.jpg,Person,226,24,297,214,480,360
frame_44_18.jpg,Person,346,47,420,176,480,360
frame_44_18.jpg,Person,424,33,473,175,480,360
frame_44_18.jpg,Person,142,2,197,85,480,360
frame_44_18.jpg,Person,287,0,336,119,480,360
frame_44_18.jpg,Person,65,0,163,141,480,360
frame_44_18.jpg,Person,144,157,243,269,480,360
frame_44_18.jpg,Person,335,13,392,107,480,360
frame_44_18.jpg,Person,7,207,87,289,480,360
frame_44_18.jpg,Person,15,34,96,140,480,360
frame_44_19.jpg,Person,346,48,420,176,480,360
frame_44_19.jpg,Person,226,24,297,214,480,360
frame_44_19.jpg,Person,143,2,197,85,480,360
frame_44_19.jpg,Person,424,33,474,175,480,360
frame_44_19.jpg,Person,287,0,336,118,480,360
frame_44_19.jpg,Person,141,157,245,268,480,360
frame_44_19.jpg,Person,65,0,162,140,480,360
frame_44_19.jpg,Person,14,33,99,142,480,360
frame_44_19.jpg,Person,6,207,89,289,480,360
frame_44_19.jpg,Person,335,12,392,107,480,360
frame_44_20.jpg,Person,228,22,300,213,480,360
frame_44_20.jpg,Person,346,49,427,177,480,360
frame_44_20.jpg,Person,145,2,197,83,480,360
frame_44_20.jpg,Person,424,32,473,175,480,360
frame_44_20.jpg,Person,65,0,164,142,480,360
frame_44_20.jpg,Person,139,156,238,268,480,360
frame_44_20.jpg,Person,14,34,102,144,480,360
frame_44_20.jpg,Person,6,207,91,289,480,360
frame_44_20.jpg,Person,289,0,336,112,480,360
frame_44_20.jpg,Person,164,61,240,183,480,360
frame_44_21.jpg,Person,225,23,300,214,480,360
frame_44_21.jpg,Person,332,52,421,177,480,360
frame_44_21.jpg,Person,424,33,473,175,480,360
frame_44_21.jpg,Person,289,0,336,110,480,360
frame_44_21.jpg,Person,14,33,101,140,480,360
frame_44_21.jpg,Person,117,155,241,268,480,360
frame_44_21.jpg,Person,148,3,197,77,480,360
frame_44_21.jpg,Person,9,203,94,288,480,360
frame_44_21.jpg,Person,337,11,395,107,480,360
frame_44_22.jpg,Person,225,23,300,214,480,360
frame_44_22.jpg,Person,332,52,421,177,480,360
frame_44_22.jpg,Person,424,33,473,175,480,360
frame_44_22.jpg,Person,289,0,336,110,480,360
frame_44_22.jpg,Person,148,3,197,77,480,360
frame_44_22.jpg,Person,14,33,101,140,480,360
frame_44_22.jpg,Person,116,156,241,269,480,360
frame_44_22.jpg,Person,336,11,394,106,480,360
frame_44_22.jpg,Person,9,203,95,288,480,360
frame_44_23.jpg,Person,338,50,426,177,480,360
frame_44_23.jpg,Person,423,33,473,174,480,360
frame_44_23.jpg,Person,237,18,308,210,480,360
frame_44_23.jpg,Person,7,204,96,289,480,360
frame_44_23.jpg,Person,15,33,106,142,480,360
frame_44_23.jpg,Person,291,0,336,88,480,360
frame_44_23.jpg,Person,151,3,197,77,480,360
frame_44_23.jpg,Person,121,155,240,269,480,360
frame_44_23.jpg,Person,132,122,190,176,480,360
frame_44_24.jpg,Person,338,49,426,177,480,360
frame_44_24.jpg,Person,423,33,473,175,480,360
frame_44_24.jpg,Person,237,18,308,210,480,360
frame_44_24.jpg,Person,7,204,96,289,480,360
frame_44_24.jpg,Person,15,34,102,142,480,360
frame_44_24.jpg,Person,291,0,336,88,480,360
frame_44_24.jpg,Person,151,3,197,78,480,360
frame_44_24.jpg,Person,119,155,241,268,480,360
frame_44_24.jpg,Person,132,122,190,176,480,360
frame_44_24.jpg,Person,40,156,98,216,480,360
frame_44_24.jpg,Person,165,66,237,175,480,360
frame_44_25.jpg,Person,338,49,426,176,480,360
frame_44_25.jpg,Person,423,33,473,175,480,360
frame_44_25.jpg,Person,237,18,308,210,480,360
frame_44_25.jpg,Person,8,205,96,289,480,360
frame_44_25.jpg,Person,16,33,104,143,480,360
frame_44_25.jpg,Person,151,3,197,79,480,360
frame_44_25.jpg,Person,291,0,336,87,480,360
frame_44_25.jpg,Person,71,0,165,138,480,360
frame_44_25.jpg,Person,132,122,190,176,480,360
frame_44_25.jpg,Person,164,66,237,173,480,360
frame_44_25.jpg,Person,127,155,240,268,480,360
frame_44_25.jpg,Person,40,157,97,217,480,360
frame_44_26.jpg,Person,229,15,312,211,480,360
frame_44_26.jpg,Person,350,54,428,176,480,360
frame_44_26.jpg,Person,424,33,474,175,480,360
frame_44_26.jpg,Person,8,204,96,289,480,360
frame_44_26.jpg,Person,15,33,103,142,480,360
frame_44_26.jpg,Person,149,4,194,77,480,360
frame_44_26.jpg,Person,292,0,336,83,480,360
frame_44_26.jpg,Person,131,121,190,176,480,360
frame_44_26.jpg,Person,41,156,99,216,480,360
frame_44_26.jpg,Person,144,155,272,268,480,360
frame_44_26.jpg,Person,70,0,163,138,480,360
frame_44_26.jpg,Person,145,156,237,265,480,360
frame_44_27.jpg,Person,229,15,313,211,480,360
frame_44_27.jpg,Person,350,54,428,176,480,360
frame_44_27.jpg,Person,424,33,474,175,480,360
frame_44_27.jpg,Person,8,204,96,289,480,360
frame_44_27.jpg,Person,16,32,103,141,480,360
frame_44_27.jpg,Person,150,4,194,78,480,360
frame_44_27.jpg,Person,292,0,336,83,480,360
frame_44_27.jpg,Person,144,155,272,268,480,360
frame_44_27.jpg,Person,131,120,190,176,480,360
frame_44_27.jpg,Person,71,1,163,139,480,360
frame_44_28.jpg,Person,230,15,312,211,480,360
frame_44_28.jpg,Person,350,53,427,177,480,360
frame_44_28.jpg,Person,423,34,473,176,480,360
frame_44_28.jpg,Person,8,203,94,288,480,360
frame_44_28.jpg,Person,15,33,104,143,480,360
frame_44_28.jpg,Person,292,0,336,82,480,360
frame_44_28.jpg,Person,148,4,194,78,480,360
frame_44_28.jpg,Person,132,120,190,176,480,360
frame_44_28.jpg,Person,149,156,272,268,480,360
frame_44_28.jpg,Person,41,156,98,215,480,360
frame_44_28.jpg,Person,336,11,394,110,480,360
frame_44_28.jpg,Person,374,196,470,273,480,360
frame_44_28.jpg,Person,298,108,370,268,480,360
frame_119_11.jpg,Person,12,131,146,487,1280,720
frame_119_12.jpg,Person,11,140,148,507,1280,720
frame_119_13.jpg,Person,10,144,151,509,1280,720
frame_119_14.jpg,Person,5,153,154,517,1280,720
frame_119_15.jpg,Person,8,160,155,523,1280,720
frame_119_16.jpg,Person,10,163,160,524,1280,720
frame_119_17.jpg,Person,14,165,174,525,1280,720
frame_119_18.jpg,Person,14,166,177,525,1280,720
frame_119_19.jpg,Person,1,168,197,530,1280,720
frame_119_2.jpg,Person,1,120,169,431,1280,720
frame_119_20.jpg,Person,1,169,212,529,1280,720
frame_119_21.jpg,Person,8,175,223,530,1280,720
frame_119_22.jpg,Person,0,177,227,550,1280,720
frame_119_23.jpg,Person,6,185,235,576,1280,720
frame_119_24.jpg,Person,2,191,242,608,1280,720
frame_119_25.jpg,Person,3,198,245,615,1280,720
frame_119_26.jpg,Person,2,204,247,622,1280,720
frame_119_27.jpg,Person,8,210,254,626,1280,720
frame_119_28.jpg,Person,44,225,257,625,1280,720
frame_119_29.jpg,Person,0,234,257,631,1280,720
frame_119_3.jpg,Person,1,120,168,431,1280,720
frame_119_30.jpg,Person,8,247,258,629,1280,720
frame_119_31.jpg,Person,23,255,254,658,1280,720
frame_119_32.jpg,Person,3,262,252,658,1280,720
frame_119_33.jpg,Person,7,265,250,663,1280,720
frame_119_34.jpg,Person,13,270,251,694,1280,720
frame_119_35.jpg,Person,3,274,255,707,1280,720
frame_119_36.jpg,Person,0,281,257,712,1280,720
frame_119_37.jpg,Person,2,287,260,712,1280,720
frame_119_38.jpg,Person,0,299,268,710,1280,720
frame_17_4.jpg,Person,563,126,617,235,640,360
frame_17_4.jpg,Person,112,168,250,321,640,360
frame_17_4.jpg,Person,511,106,559,228,640,360
frame_17_40.jpg,Person,510,107,559,228,640,360
frame_17_40.jpg,Person,563,127,617,234,640,360
frame_17_40.jpg,Person,154,190,250,319,640,360
frame_17_40.jpg,Person,413,73,470,171,640,360
frame_17_40.jpg,Person,98,176,165,253,640,360
frame_17_40.jpg,Person,226,88,267,177,640,360
frame_17_40.jpg,Person,163,141,236,221,640,360
frame_17_46.jpg,Person,563,126,617,234,640,360
frame_17_46.jpg,Person,510,116,555,227,640,360
frame_17_46.jpg,Person,156,190,250,324,640,360
frame_17_46.jpg,Person,232,85,268,178,640,360
frame_17_46.jpg,Person,429,64,471,117,640,360
frame_17_47.jpg,Person,562,126,616,234,640,360
frame_17_47.jpg,Person,510,110,557,227,640,360
frame_17_47.jpg,Person,156,191,250,323,640,360
frame_17_47.jpg,Person,429,64,470,117,640,360
frame_17_48.jpg,Person,563,126,617,234,640,360
frame_17_48.jpg,Person,510,109,557,227,640,360
frame_17_48.jpg,Person,157,190,250,323,640,360
frame_17_48.jpg,Person,100,178,165,254,640,360
frame_17_51.jpg,Person,563,125,617,234,640,360
frame_17_51.jpg,Person,510,110,557,228,640,360
frame_17_51.jpg,Person,158,189,250,323,640,360
frame_17_51.jpg,Person,226,85,279,179,640,360
frame_17_51.jpg,Person,101,179,185,315,640,360
frame_17_51.jpg,Person,415,71,470,171,640,360
frame_17_52.jpg,Person,563,125,617,234,640,360
frame_17_52.jpg,Person,509,110,562,228,640,360
frame_17_52.jpg,Person,158,187,250,322,640,360
frame_17_52.jpg,Person,227,84,283,179,640,360
frame_17_52.jpg,Person,101,179,166,255,640,360
frame_17_52.jpg,Person,415,80,451,171,640,360
frame_17_52.jpg,Person,431,64,471,117,640,360
frame_17_52.jpg,Person,101,179,180,315,640,360
frame_17_53.jpg,Person,563,125,617,234,640,360
frame_17_53.jpg,Person,509,110,562,228,640,360
frame_17_53.jpg,Person,158,187,249,323,640,360
frame_17_53.jpg,Person,227,84,283,179,640,360
frame_17_53.jpg,Person,415,73,471,171,640,360
frame_17_53.jpg,Person,101,179,166,254,640,360
frame_17_54.jpg,Person,562,125,615,234,640,360
frame_17_54.jpg,Person,509,110,562,228,640,360
frame_17_54.jpg,Person,158,189,250,323,640,360
frame_17_54.jpg,Person,415,80,450,171,640,360
frame_17_54.jpg,Person,235,84,283,177,640,360
frame_17_54.jpg,Person,101,179,166,254,640,360
frame_17_55.jpg,Person,562,126,616,234,640,360
frame_17_55.jpg,Person,509,110,561,228,640,360
frame_17_55.jpg,Person,157,188,250,322,640,360
frame_17_55.jpg,Person,234,84,283,177,640,360
frame_17_55.jpg,Person,416,81,452,171,640,360
frame_17_55.jpg,Person,102,179,168,254,640,360
frame_17_56.jpg,Person,562,126,615,234,640,360
frame_17_56.jpg,Person,509,109,561,227,640,360
frame_17_56.jpg,Person,158,189,250,322,640,360
frame_17_56.jpg,Person,237,84,284,178,640,360
frame_17_56.jpg,Person,415,81,450,171,640,360
frame_17_56.jpg,Person,102,179,168,254,640,360
frame_17_57.jpg,Person,562,126,615,234,640,360
frame_17_57.jpg,Person,509,109,559,227,640,360
frame_17_57.jpg,Person,415,80,450,171,640,360
frame_17_57.jpg,Person,102,179,167,254,640,360
frame_17_57.jpg,Person,238,83,284,177,640,360
frame_17_57.jpg,Person,158,188,250,321,640,360
frame_17_57.jpg,Person,432,64,471,117,640,360
frame_17_58.jpg,Person,562,126,615,234,640,360
frame_17_58.jpg,Person,507,109,560,227,640,360
frame_17_58.jpg,Person,416,81,450,171,640,360
frame_17_58.jpg,Person,158,187,250,322,640,360
frame_17_58.jpg,Person,102,179,167,254,640,360
frame_17_58.jpg,Person,240,78,283,177,640,360
frame_17_58.jpg,Person,433,64,471,117,640,360
frame_17_59.jpg,Person,562,126,616,234,640,360
frame_17_59.jpg,Person,508,110,562,228,640,360
frame_17_59.jpg,Person,415,81,450,171,640,360
frame_17_59.jpg,Person,157,187,250,324,640,360
frame_17_59.jpg,Person,102,179,168,254,640,360
frame_17_59.jpg,Person,432,64,471,117,640,360
frame_17_59.jpg,Person,238,80,283,178,640,360
frame_17_60.jpg,Person,562,126,615,234,640,360
frame_17_60.jpg,Person,507,110,560,228,640,360
frame_17_60.jpg,Person,158,187,250,323,640,360
frame_17_60.jpg,Person,415,81,450,171,640,360
frame_17_60.jpg,Person,102,179,182,311,640,360
frame_17_60.jpg,Person,240,81,283,177,640,360
frame_17_60.jpg,Person,432,64,471,117,640,360
frame_17_60.jpg,Person,199,122,241,185,640,360
frame_116_1.jpg,Person,101,255,382,713,1280,720
frame_116_10.jpg,Person,135,218,379,681,1280,720
frame_116_11.jpg,Person,135,215,379,679,1280,720
frame_116_12.jpg,Person,138,207,432,680,1280,720
frame_116_13.jpg,Person,165,192,396,673,1280,720
frame_116_14.jpg,Person,183,182,454,664,1280,720
frame_116_15.jpg,Person,184,182,456,664,1280,720
frame_116_16.jpg,Person,183,182,461,665,1280,720
frame_116_17.jpg,Person,194,173,430,607,1280,720
frame_116_18.jpg,Person,196,171,469,625,1280,720
frame_116_19.jpg,Person,189,169,470,647,1280,720
frame_116_2.jpg,Person,101,254,382,710,1280,720
frame_116_20.jpg,Person,199,162,469,624,1280,720
frame_116_21.jpg,Person,198,162,469,624,1280,720
frame_116_22.jpg,Person,214,157,439,607,1280,720
frame_116_23.jpg,Person,222,142,439,598,1280,720
frame_116_24.jpg,Person,228,119,436,595,1280,720
frame_116_25.jpg,Person,186,127,423,590,1280,720
frame_116_26.jpg,Person,186,127,424,590,1280,720
frame_116_27.jpg,Person,186,127,424,590,1280,720
frame_116_28.jpg,Person,170,132,409,590,1280,720
frame_116_29.jpg,Person,206,131,485,600,1280,720
frame_116_3.jpg,Person,101,253,382,711,1280,720
frame_2_41.jpg,Person,67,157,183,329,480,360
frame_2_41.jpg,Person,88,116,157,186,480,360
frame_2_41.jpg,Person,17,246,123,353,480,360
frame_2_41.jpg,Person,0,264,33,341,480,360
frame_2_42.jpg,Person,67,159,183,327,480,360
frame_2_42.jpg,Person,88,117,156,185,480,360
frame_2_42.jpg,Person,16,247,123,353,480,360
frame_2_42.jpg,Person,0,265,34,337,480,360
frame_2_42.jpg,Person,386,38,442,208,480,360
frame_2_43.jpg,Person,67,158,183,325,480,360
frame_2_43.jpg,Person,88,117,157,184,480,360
frame_2_43.jpg,Person,16,247,123,351,480,360
frame_2_43.jpg,Person,0,264,32,336,480,360
frame_2_44.jpg,Person,67,159,183,325,480,360
frame_2_44.jpg,Person,89,117,157,185,480,360
frame_2_44.jpg,Person,0,264,34,337,480,360
frame_2_44.jpg,Person,16,246,123,351,480,360
frame_2_45.jpg,Person,67,160,183,326,480,360
frame_2_45.jpg,Person,89,118,157,185,480,360
frame_2_45.jpg,Person,17,248,123,352,480,360
frame_2_45.jpg,Person,0,264,34,337,480,360
frame_2_45.jpg,Person,386,80,424,206,480,360
frame_2_46.jpg,Person,65,162,182,325,480,360
frame_2_46.jpg,Person,89,118,157,185,480,360
frame_2_46.jpg,Person,0,264,36,337,480,360
frame_2_46.jpg,Person,17,249,112,352,480,360
frame_2_46.jpg,Person,386,81,424,206,480,360
frame_2_47.jpg,Person,67,158,182,325,480,360
frame_2_47.jpg,Person,88,119,155,181,480,360
frame_2_47.jpg,Person,386,44,448,207,480,360
frame_2_47.jpg,Person,0,264,34,342,480,360
frame_2_47.jpg,Person,18,250,110,351,480,360
frame_2_48.jpg,Person,67,160,182,326,480,360
frame_2_48.jpg,Person,88,119,155,181,480,360
frame_2_48.jpg,Person,386,36,448,208,480,360
frame_2_48.jpg,Person,0,264,34,342,480,360
frame_2_48.jpg,Person,94,65,133,139,480,360
frame_2_48.jpg,Person,18,250,110,352,480,360
frame_2_48.jpg,Person,18,250,80,335,480,360
frame_2_49.jpg,Person,67,158,182,325,480,360
frame_2_49.jpg,Person,88,119,155,185,480,360
frame_2_49.jpg,Person,386,36,447,208,480,360
frame_2_49.jpg,Person,94,64,133,140,480,360
frame_2_49.jpg,Person,18,251,110,352,480,360
frame_2_49.jpg,Person,17,251,78,336,480,360
frame_2_49.jpg,Person,0,264,32,339,480,360
frame_2_5.jpg,Person,69,157,182,325,480,360
frame_2_5.jpg,Person,386,41,448,210,480,360
frame_2_5.jpg,Person,87,120,146,181,480,360
frame_2_5.jpg,Person,16,250,120,354,480,360
frame_2_5.jpg,Person,0,275,26,335,480,360
frame_2_5.jpg,Person,95,41,119,98,480,360
frame_2_50.jpg,Person,67,156,182,326,480,360
frame_2_50.jpg,Person,88,119,155,183,480,360
frame_2_50.jpg,Person,385,37,446,209,480,360
frame_2_50.jpg,Person,0,264,30,351,480,360
frame_2_50.jpg,Person,17,252,114,351,480,360
frame_2_51.jpg,Person,67,157,183,327,480,360
frame_2_51.jpg,Person,88,119,155,183,480,360
frame_2_51.jpg,Person,385,37,446,209,480,360
frame_2_51.jpg,Person,0,264,30,349,480,360
frame_2_51.jpg,Person,18,252,80,337,480,360
frame_2_51.jpg,Person,18,252,114,351,480,360
frame_2_52.jpg,Person,67,156,182,326,480,360
frame_2_52.jpg,Person,88,119,155,183,480,360
frame_2_52.jpg,Person,385,37,446,209,480,360
frame_2_52.jpg,Person,95,64,133,139,480,360
frame_2_52.jpg,Person,17,252,112,351,480,360
frame_2_52.jpg,Person,0,264,28,352,480,360
frame_2_52.jpg,Person,386,80,431,208,480,360
frame_2_53.jpg,Person,67,156,183,326,480,360
frame_2_53.jpg,Person,88,118,156,185,480,360
frame_2_53.jpg,Person,385,46,447,208,480,360
frame_2_53.jpg,Person,18,252,112,351,480,360
frame_2_53.jpg,Person,95,65,133,139,480,360
frame_2_53.jpg,Person,0,263,30,348,480,360
frame_2_54.jpg,Person,67,149,183,326,480,360
frame_2_54.jpg,Person,88,118,157,185,480,360
frame_2_54.jpg,Person,374,37,448,209,480,360
frame_2_54.jpg,Person,94,64,133,139,480,360
frame_2_54.jpg,Person,17,253,80,338,480,360
frame_2_54.jpg,Person,0,263,28,348,480,360
frame_2_55.jpg,Person,67,150,182,326,480,360
frame_2_55.jpg,Person,88,118,157,185,480,360
frame_2_55.jpg,Person,372,37,448,209,480,360
frame_2_55.jpg,Person,17,253,81,340,480,360
frame_2_55.jpg,Person,94,64,133,139,480,360
frame_2_55.jpg,Person,0,263,27,350,480,360
frame_2_56.jpg,Person,67,148,182,325,480,360
frame_2_56.jpg,Person,88,118,157,185,480,360
frame_2_56.jpg,Person,17,252,81,337,480,360
frame_2_56.jpg,Person,372,37,447,208,480,360
frame_2_56.jpg,Person,94,65,133,139,480,360
frame_2_56.jpg,Person,0,264,26,348,480,360
frame_2_57.jpg,Person,67,151,182,325,480,360
frame_2_57.jpg,Person,88,119,157,185,480,360
frame_2_57.jpg,Person,17,253,81,339,480,360
frame_2_57.jpg,Person,93,64,132,139,480,360
frame_2_57.jpg,Person,386,42,447,208,480,360
frame_2_57.jpg,Person,386,66,428,207,480,360
frame_16_0.jpg,Person,499,88,554,205,640,360
frame_16_0.jpg,Person,151,55,185,117,640,360
frame_16_0.jpg,Person,220,123,266,187,640,360
frame_16_0.jpg,Person,404,79,461,184,640,360
frame_16_0.jpg,Person,72,120,117,201,640,360
frame_16_0.jpg,Person,32,102,83,191,640,360
frame_16_1.jpg,Person,499,89,554,205,640,360
frame_16_1.jpg,Person,220,123,265,187,640,360
frame_16_1.jpg,Person,151,55,185,117,640,360
frame_16_1.jpg,Person,405,78,461,183,640,360
frame_16_1.jpg,Person,33,102,82,192,640,360
frame_16_1.jpg,Person,398,83,419,169,640,360
frame_16_10.jpg,Person,151,56,185,117,640,360
frame_16_10.jpg,Person,407,76,463,184,640,360
frame_16_10.jpg,Person,220,122,266,186,640,360
frame_16_10.jpg,Person,57,88,101,147,640,360
frame_16_10.jpg,Person,498,101,557,202,640,360
frame_16_10.jpg,Person,395,82,420,168,640,360
frame_16_10.jpg,Person,46,127,110,202,640,360
frame_16_10.jpg,Person,36,98,110,203,640,360
frame_16_10.jpg,Person,220,122,284,188,640,360
frame_16_11.jpg,Person,152,56,186,117,640,360
frame_16_11.jpg,Person,220,122,266,185,640,360
frame_16_11.jpg,Person,407,76,463,184,640,360
frame_16_11.jpg,Person,395,85,420,168,640,360
frame_16_11.jpg,Person,498,102,559,202,640,360
frame_16_12.jpg,Person,152,55,186,116,640,360
frame_16_12.jpg,Person,220,122,266,185,640,360
frame_16_12.jpg,Person,395,87,420,169,640,360
frame_16_12.jpg,Person,498,101,559,200,640,360
frame_16_12.jpg,Person,407,74,463,183,640,360
frame_16_12.jpg,Person,406,76,444,183,640,360
frame_16_13.jpg,Person,152,56,185,117,640,360
frame_16_13.jpg,Person,218,122,265,185,640,360
frame_16_13.jpg,Person,47,129,108,203,640,360
frame_16_13.jpg,Person,499,94,561,201,640,360
frame_16_13.jpg,Person,395,86,417,167,640,360
frame_16_13.jpg,Person,407,76,445,183,640,360
frame_16_13.jpg,Person,58,87,98,150,640,360
frame_16_13.jpg,Person,407,76,463,184,640,360
frame_16_14.jpg,Person,152,56,185,117,640,360
frame_16_14.jpg,Person,219,122,267,185,640,360
frame_16_14.jpg,Person,46,127,107,202,640,360
frame_16_14.jpg,Person,499,93,561,201,640,360
frame_16_14.jpg,Person,395,86,418,167,640,360
frame_16_14.jpg,Person,406,74,444,183,640,360
frame_16_14.jpg,Person,58,87,98,150,640,360
frame_16_15.jpg,Person,153,55,186,116,640,360
frame_16_15.jpg,Person,498,91,560,200,640,360
frame_16_15.jpg,Person,218,123,265,187,640,360
frame_16_15.jpg,Person,394,86,419,167,640,360
frame_16_15.jpg,Person,219,122,285,188,640,360
frame_16_16.jpg,Person,153,55,186,116,640,360
frame_16_16.jpg,Person,499,93,561,201,640,360
frame_16_16.jpg,Person,219,122,265,187,640,360
frame_16_17.jpg,Person,153,55,186,116,640,360
frame_16_17.jpg,Person,498,93,562,200,640,360
frame_16_17.jpg,Person,219,122,266,187,640,360
frame_16_17.jpg,Person,59,88,96,152,640,360
frame_16_17.jpg,Person,36,98,69,164,640,360
frame_16_17.jpg,Person,394,86,420,168,640,360
frame_16_18.jpg,Person,153,55,186,116,640,360
frame_16_18.jpg,Person,498,93,561,200,640,360
frame_16_18.jpg,Person,219,122,266,187,640,360
frame_16_18.jpg,Person,59,88,96,152,640,360
frame_16_18.jpg,Person,394,84,420,167,640,360
frame_16_19.jpg,Person,499,92,563,199,640,360
frame_16_19.jpg,Person,155,55,186,116,640,360
frame_16_19.jpg,Person,220,122,266,187,640,360
frame_16_19.jpg,Person,394,84,419,168,640,360
frame_16_19.jpg,Person,36,100,107,204,640,360
frame_16_19.jpg,Person,405,76,463,184,640,360
frame_16_19.jpg,Person,60,88,100,152,640,360
frame_16_2.jpg,Person,499,90,555,204,640,360
frame_16_2.jpg,Person,150,55,185,117,640,360
frame_16_2.jpg,Person,220,123,266,187,640,360
frame_55_28.jpg,Person,652,326,706,418,854,480
frame_55_28.jpg,Person,701,403,775,477,854,480
frame_55_28.jpg,Person,316,107,344,146,854,480
frame_55_29.jpg,Person,654,328,707,420,854,480
frame_55_29.jpg,Person,703,406,780,477,854,480
frame_55_29.jpg,Person,317,107,345,147,854,480
frame_55_3.jpg,Person,745,384,823,478,854,480
frame_55_3.jpg,Person,599,311,661,452,854,480
frame_55_3.jpg,Person,610,289,638,340,854,480
frame_55_3.jpg,Person,311,105,347,144,854,480
frame_55_3.jpg,Person,310,106,347,174,854,480
frame_55_30.jpg,Person,658,330,711,420,854,480
frame_55_30.jpg,Person,704,410,785,477,854,480
frame_55_30.jpg,Person,318,108,344,148,854,480
frame_55_4.jpg,Person,748,387,829,478,854,480
frame_55_4.jpg,Person,603,314,666,453,854,480
frame_55_4.jpg,Person,612,289,642,342,854,480
frame_55_4.jpg,Person,311,106,347,146,854,480
frame_55_42.jpg,Person,692,352,765,451,854,480
frame_55_43.jpg,Person,692,354,767,457,854,480
frame_55_44.jpg,Person,694,356,762,459,854,480
frame_55_45.jpg,Person,698,358,764,465,854,480
frame_55_46.jpg,Person,698,361,766,473,854,480
frame_55_47.jpg,Person,702,362,767,472,854,480
frame_55_48.jpg,Person,709,363,770,470,854,480
frame_55_5.jpg,Person,753,390,836,477,854,480
frame_55_5.jpg,Person,599,317,675,460,854,480
frame_55_5.jpg,Person,612,291,643,347,854,480
frame_55_5.jpg,Person,311,105,347,145,854,480
frame_55_5.jpg,Person,310,105,347,174,854,480
frame_126_33.jpg,Person,834,267,1010,452,1280,720
frame_126_33.jpg,Person,654,104,729,260,1280,720
frame_126_33.jpg,Person,693,180,767,266,1280,720
frame_126_33.jpg,Person,785,167,848,234,1280,720
frame_126_33.jpg,Person,548,331,656,530,1280,720
frame_126_33.jpg,Person,957,112,1021,197,1280,720
frame_126_33.jpg,Person,299,497,449,642,1280,720
frame_126_33.jpg,Person,259,403,429,634,1280,720
frame_126_33.jpg,Person,1011,126,1055,245,1280,720
frame_126_33.jpg,Person,906,583,1116,718,1280,720
frame_126_34.jpg,Person,835,264,1000,452,1280,720
frame_126_34.jpg,Person,296,497,449,646,1280,720
frame_126_34.jpg,Person,653,104,730,260,1280,720
frame_126_34.jpg,Person,693,180,767,266,1280,720
frame_126_34.jpg,Person,785,167,848,234,1280,720
frame_126_34.jpg,Person,547,318,656,528,1280,720
frame_126_34.jpg,Person,257,403,427,633,1280,720
frame_126_34.jpg,Person,957,112,1015,197,1280,720
frame_126_34.jpg,Person,906,583,1116,718,1280,720
frame_126_35.jpg,Person,834,264,1000,452,1280,720
frame_126_35.jpg,Person,654,104,730,260,1280,720
frame_126_35.jpg,Person,693,180,767,266,1280,720
frame_126_35.jpg,Person,295,495,451,644,1280,720
frame_126_35.jpg,Person,785,167,848,234,1280,720
frame_126_35.jpg,Person,548,317,656,530,1280,720
frame_126_35.jpg,Person,957,113,1013,197,1280,720
frame_126_35.jpg,Person,906,583,1115,718,1280,720
frame_126_35.jpg,Person,304,402,430,518,1280,720
frame_126_36.jpg,Person,835,264,992,451,1280,720
frame_126_36.jpg,Person,653,104,729,260,1280,720
frame_126_36.jpg,Person,693,181,767,267,1280,720
frame_126_36.jpg,Person,785,167,848,234,1280,720
frame_126_36.jpg,Person,549,323,657,531,1280,720
frame_126_36.jpg,Person,293,495,451,643,1280,720
frame_126_36.jpg,Person,955,111,1012,196,1280,720
frame_126_37.jpg,Person,835,264,995,450,1280,720
frame_126_37.jpg,Person,651,104,729,260,1280,720
frame_126_37.jpg,Person,693,181,766,266,1280,720
frame_126_37.jpg,Person,549,319,655,532,1280,720
frame_126_37.jpg,Person,785,167,848,234,1280,720
frame_126_37.jpg,Person,957,111,1011,196,1280,720
frame_126_37.jpg,Person,292,495,448,641,1280,720
frame_126_38.jpg,Person,834,264,993,451,1280,720
frame_126_38.jpg,Person,650,104,727,260,1280,720
frame_126_38.jpg,Person,692,181,765,266,1280,720
frame_126_38.jpg,Person,785,168,848,234,1280,720
frame_126_38.jpg,Person,550,333,653,529,1280,720
frame_126_38.jpg,Person,286,401,451,640,1280,720
frame_126_38.jpg,Person,958,111,1006,196,1280,720
frame_126_39.jpg,Person,834,263,998,450,1280,720
frame_126_39.jpg,Person,652,104,727,260,1280,720
frame_126_39.jpg,Person,693,181,765,266,1280,720
frame_126_39.jpg,Person,785,168,848,234,1280,720
frame_126_39.jpg,Person,287,491,449,642,1280,720
frame_126_39.jpg,Person,551,331,656,526,1280,720
frame_126_4.jpg,Person,827,275,1013,450,1280,720
frame_126_4.jpg,Person,552,326,654,537,1280,720
frame_126_4.jpg,Person,649,104,729,260,1280,720
frame_126_4.jpg,Person,785,168,850,234,1280,720
frame_126_4.jpg,Person,692,178,772,265,1280,720
frame_126_4.jpg,Person,1001,113,1042,227,1280,720
frame_126_4.jpg,Person,205,241,284,354,1280,720
frame_126_4.jpg,Person,309,405,445,547,1280,720
frame_126_4.jpg,Person,282,479,447,649,1280,720
frame_126_4.jpg,Person,315,141,355,204,1280,720
frame_126_40.jpg,Person,834,264,997,451,1280,720
frame_126_40.jpg,Person,652,105,728,261,1280,720
frame_126_40.jpg,Person,693,181,766,266,1280,720
frame_126_40.jpg,Person,785,168,848,234,1280,720
frame_126_40.jpg,Person,551,325,657,531,1280,720
frame_126_40.jpg,Person,280,491,447,643,1280,720
frame_126_40.jpg,Person,309,401,435,537,1280,720
frame_126_41.jpg,Person,835,263,987,448,1280,720
frame_126_41.jpg,Person,652,105,727,261,1280,720
frame_126_41.jpg,Person,693,181,766,266,1280,720
frame_126_41.jpg,Person,550,325,655,533,1280,720
frame_126_41.jpg,Person,785,168,848,234,1280,720
frame_126_41.jpg,Person,277,492,446,643,1280,720
frame_126_41.jpg,Person,308,401,435,536,1280,720
frame_126_41.jpg,Person,922,293,1009,402,1280,720
frame_126_42.jpg,Person,835,263,984,448,1280,720
frame_126_42.jpg,Person,652,105,727,261,1280,720
frame_126_42.jpg,Person,550,320,656,532,1280,720
frame_126_42.jpg,Person,693,181,766,266,1280,720
frame_126_42.jpg,Person,785,168,848,234,1280,720
frame_126_42.jpg,Person,924,291,1008,402,1280,720
frame_126_42.jpg,Person,274,491,446,644,1280,720
frame_126_42.jpg,Person,987,229,1063,365,1280,720
frame_126_42.jpg,Person,309,401,434,537,1280,720
frame_126_43.jpg,Person,836,263,984,448,1280,720
frame_126_43.jpg,Person,653,105,727,261,1280,720
frame_126_43.jpg,Person,693,181,766,266,1280,720
frame_126_43.jpg,Person,785,167,848,234,1280,720
frame_126_43.jpg,Person,551,332,655,531,1280,720
frame_126_43.jpg,Person,273,490,441,643,1280,720
frame_126_43.jpg,Person,947,109,1010,199,1280,720
frame_126_44.jpg,Person,835,263,983,448,1280,720
frame_126_44.jpg,Person,653,105,727,261,1280,720
frame_126_44.jpg,Person,550,329,655,532,1280,720
frame_126_44.jpg,Person,693,181,766,266,1280,720
frame_126_44.jpg,Person,785,168,848,234,1280,720
frame_126_44.jpg,Person,275,492,426,616,1280,720
frame_126_44.jpg,Person,948,108,1010,199,1280,720
frame_126_44.jpg,Person,274,402,456,633,1280,720
frame_126_44.jpg,Person,989,226,1063,364,1280,720
frame_126_45.jpg,Person,835,263,980,449,1280,720
frame_126_45.jpg,Person,653,104,727,260,1280,720
frame_126_45.jpg,Person,549,335,654,534,1280,720
frame_126_45.jpg,Person,692,181,765,266,1280,720
frame_126_45.jpg,Person,785,168,848,234,1280,720
frame_126_45.jpg,Person,946,108,1009,199,1280,720
frame_126_45.jpg,Person,274,493,427,616,1280,720
frame_126_46.jpg,Person,835,263,978,449,1280,720
frame_126_46.jpg,Person,654,104,728,260,1280,720
frame_126_46.jpg,Person,549,337,655,534,1280,720
frame_126_46.jpg,Person,693,182,765,266,1280,720
frame_126_46.jpg,Person,785,168,848,234,1280,720
frame_126_46.jpg,Person,920,108,1008,199,1280,720
frame_126_46.jpg,Person,946,110,1008,199,1280,720
frame_126_47.jpg,Person,839,261,977,448,1280,720
frame_126_47.jpg,Person,654,104,727,260,1280,720
frame_126_47.jpg,Person,549,334,657,533,1280,720
frame_126_47.jpg,Person,693,181,765,266,1280,720
frame_126_47.jpg,Person,785,167,848,234,1280,720
frame_126_47.jpg,Person,918,108,1005,200,1280,720
frame_126_47.jpg,Person,274,494,427,616,1280,720
frame_126_47.jpg,Person,901,583,1115,718,1280,720
frame_126_48.jpg,Person,547,306,663,537,1280,720
frame_126_48.jpg,Person,654,104,728,260,1280,720
frame_126_48.jpg,Person,693,182,765,266,1280,720
frame_126_48.jpg,Person,785,168,848,234,1280,720
frame_126_48.jpg,Person,918,109,997,200,1280,720
frame_126_48.jpg,Person,841,263,979,448,1280,720
frame_126_48.jpg,Person,274,494,426,617,1280,720
frame_126_49.jpg,Person,843,264,979,449,1280,720
frame_126_49.jpg,Person,654,104,728,260,1280,720
frame_126_49.jpg,Person,548,306,666,524,1280,720
frame_126_49.jpg,Person,912,110,994,200,1280,720
frame_126_49.jpg,Person,693,182,765,266,1280,720
frame_126_49.jpg,Person,274,493,425,616,1280,720
frame_126_49.jpg,Person,785,168,848,234,1280,720
frame_126_5.jpg,Person,828,275,1014,450,1280,720
frame_126_5.jpg,Person,551,326,652,540,1280,720
frame_126_5.jpg,Person,650,104,730,260,1280,720
frame_126_5.jpg,Person,785,169,849,235,1280,720
frame_126_5.jpg,Person,691,179,770,266,1280,720
frame_126_5.jpg,Person,1000,113,1043,227,1280,720
frame_126_5.jpg,Person,281,479,439,648,1280,720
frame_126_5.jpg,Person,309,404,445,547,1280,720
frame_126_5.jpg,Person,203,242,284,353,1280,720
frame_126_5.jpg,Person,314,141,355,205,1280,720
frame_126_50.jpg,Person,843,264,974,448,1280,720
frame_126_50.jpg,Person,547,307,671,529,1280,720
frame_126_50.jpg,Person,654,104,728,260,1280,720
frame_126_50.jpg,Person,693,182,765,267,1280,720
frame_126_50.jpg,Person,274,492,425,617,1280,720
frame_126_50.jpg,Person,910,110,991,200,1280,720
frame_126_50.jpg,Person,785,167,847,234,1280,720
frame_126_50.jpg,Person,921,288,1014,404,1280,720
frame_126_50.jpg,Person,903,584,1114,718,1280,720
frame_126_50.jpg,Person,307,402,434,540,1280,720
frame_126_50.jpg,Person,993,224,1062,341,1280,720
frame_126_51.jpg,Person,844,265,975,449,1280,720
frame_126_51.jpg,Person,654,104,727,260,1280,720
frame_126_51.jpg,Person,548,327,674,528,1280,720
frame_126_51.jpg,Person,692,181,765,266,1280,720
frame_126_51.jpg,Person,274,490,426,617,1280,720
frame_126_51.jpg,Person,907,110,991,200,1280,720
frame_126_51.jpg,Person,786,167,848,234,1280,720
frame_126_51.jpg,Person,919,287,1012,403,1280,720
frame_126_51.jpg,Person,993,224,1062,343,1280,720
frame_126_51.jpg,Person,903,584,1115,718,1280,720
frame_126_52.jpg,Person,845,266,963,448,1280,720
frame_126_52.jpg,Person,545,315,677,532,1280,720
frame_126_52.jpg,Person,650,103,727,260,1280,720
frame_126_52.jpg,Person,901,110,988,200,1280,720
frame_126_52.jpg,Person,692,183,765,267,1280,720
frame_126_52.jpg,Person,785,167,846,234,1280,720
frame_126_52.jpg,Person,274,496,430,641,1280,720
frame_126_52.jpg,Person,443,75,485,187,1280,720
frame_126_52.jpg,Person,922,291,1014,402,1280,720
frame_126_52.jpg,Person,993,223,1063,341,1280,720
frame_126_53.jpg,Person,845,265,960,448,1280,720
frame_126_53.jpg,Person,545,323,677,533,1280,720
frame_126_53.jpg,Person,650,103,727,260,1280,720
frame_126_53.jpg,Person,901,109,989,199,1280,720
frame_126_53.jpg,Person,692,183,765,267,1280,720
frame_126_53.jpg,Person,785,167,846,234,1280,720
frame_126_53.jpg,Person,274,496,431,641,1280,720
frame_126_53.jpg,Person,444,76,483,188,1280,720
frame_126_53.jpg,Person,991,222,1062,343,1280,720
frame_126_53.jpg,Person,926,289,1014,403,1280,720
frame_99_28.jpg,Person,145,121,224,337,480,360
frame_99_29.jpg,Person,145,120,222,331,480,360
frame_100_38.jpg,Person,297,116,414,214,480,360
frame_100_38.jpg,Person,71,187,194,323,480,360
frame_100_39.jpg,Person,61,187,199,322,480,360
frame_100_39.jpg,Person,302,113,410,213,480,360
frame_100_39.jpg,Person,361,211,478,304,480,360
frame_100_40.jpg,Person,62,187,195,323,480,360
frame_100_40.jpg,Person,303,112,404,214,480,360
frame_100_41.jpg,Person,57,188,194,324,480,360
frame_100_41.jpg,Person,302,111,404,214,480,360
frame_100_42.jpg,Person,58,187,193,323,480,360
frame_100_42.jpg,Person,301,111,404,214,480,360
frame_100_43.jpg,Person,60,187,193,322,480,360
frame_100_43.jpg,Person,302,104,404,214,480,360
frame_100_44.jpg,Person,60,187,193,323,480,360
frame_100_44.jpg,Person,302,103,404,215,480,360
frame_100_45.jpg,Person,301,101,405,214,480,360
frame_100_45.jpg,Person,63,186,193,322,480,360
frame_100_46.jpg,Person,63,187,191,323,480,360
frame_100_46.jpg,Person,301,98,407,213,480,360
frame_100_47.jpg,Person,63,185,192,323,480,360
frame_100_47.jpg,Person,301,100,412,213,480,360
frame_100_48.jpg,Person,65,185,190,322,480,360
frame_100_48.jpg,Person,301,102,413,213,480,360
frame_100_49.jpg,Person,63,184,196,323,480,360
frame_100_49.jpg,Person,301,99,398,212,480,360
frame_100_50.jpg,Person,64,185,198,324,480,360
frame_100_50.jpg,Person,301,99,398,212,480,360
frame_100_51.jpg,Person,63,184,196,324,480,360
frame_100_51.jpg,Person,301,99,402,213,480,360
frame_100_52.jpg,Person,58,184,199,323,480,360
frame_100_53.jpg,Person,57,184,196,323,480,360
frame_100_53.jpg,Person,301,101,413,214,480,360
frame_100_54.jpg,Person,56,184,196,323,480,360
frame_100_54.jpg,Person,299,101,410,213,480,360
frame_100_55.jpg,Person,296,106,400,213,480,360
frame_100_55.jpg,Person,61,185,195,323,480,360
frame_100_55.jpg,Person,365,210,479,306,480,360
frame_100_56.jpg,Person,296,105,400,213,480,360
frame_100_56.jpg,Person,63,185,195,323,480,360
frame_100_57.jpg,Person,295,106,399,214,480,360
frame_100_57.jpg,Person,62,185,192,323,480,360
frame_100_58.jpg,Person,60,185,194,323,480,360
frame_100_58.jpg,Person,295,101,399,215,480,360
frame_100_58.jpg,Person,361,209,479,306,480,360
frame_100_59.jpg,Person,52,185,185,323,480,360
frame_100_59.jpg,Person,299,97,408,213,480,360
frame_117_15.jpg,Person,5,194,226,569,1280,720
frame_117_15.jpg,Person,465,167,657,313,1280,720
frame_117_15.jpg,Person,740,187,905,298,1280,720
frame_117_15.jpg,Person,312,268,559,567,1280,720
frame_117_15.jpg,Person,327,269,560,467,1280,720
frame_117_16.jpg,Person,5,195,241,570,1280,720
frame_117_16.jpg,Person,467,167,657,317,1280,720
frame_117_16.jpg,Person,313,269,563,569,1280,720
frame_117_16.jpg,Person,740,187,905,298,1280,720
frame_117_17.jpg,Person,3,195,242,570,1280,720
frame_117_17.jpg,Person,467,166,657,311,1280,720
frame_117_17.jpg,Person,313,267,563,568,1280,720
frame_117_17.jpg,Person,741,188,906,298,1280,720
frame_117_18.jpg,Person,5,195,240,570,1280,720
frame_117_18.jpg,Person,467,166,656,316,1280,720
frame_117_18.jpg,Person,313,267,565,569,1280,720
frame_117_18.jpg,Person,739,188,906,298,1280,720
frame_117_19.jpg,Person,6,195,240,570,1280,720
frame_117_19.jpg,Person,467,166,656,314,1280,720
frame_117_19.jpg,Person,312,266,569,569,1280,720
frame_117_19.jpg,Person,742,188,907,298,1280,720
frame_117_2.jpg,Person,4,192,224,570,1280,720
frame_117_2.jpg,Person,464,168,651,312,1280,720
frame_117_2.jpg,Person,313,265,569,570,1280,720
frame_117_20.jpg,Person,4,196,241,570,1280,720
frame_117_20.jpg,Person,312,266,575,569,1280,720
frame_117_20.jpg,Person,468,166,661,318,1280,720
frame_117_20.jpg,Person,740,188,907,298,1280,720
frame_117_21.jpg,Person,7,196,243,570,1280,720
frame_117_21.jpg,Person,469,165,662,316,1280,720
frame_117_21.jpg,Person,313,266,573,570,1280,720
frame_117_21.jpg,Person,740,188,907,298,1280,720
frame_117_22.jpg,Person,7,196,243,570,1280,720
frame_117_22.jpg,Person,312,266,582,570,1280,720
frame_117_22.jpg,Person,468,165,659,314,1280,720
frame_117_22.jpg,Person,744,188,908,298,1280,720
frame_117_23.jpg,Person,7,196,243,570,1280,720
frame_117_23.jpg,Person,312,266,571,570,1280,720
frame_117_23.jpg,Person,469,165,659,318,1280,720
frame_117_23.jpg,Person,744,188,908,298,1280,720
frame_117_24.jpg,Person,8,196,237,570,1280,720
frame_117_24.jpg,Person,473,165,658,313,1280,720
frame_117_24.jpg,Person,311,264,588,569,1280,720
frame_117_24.jpg,Person,749,188,908,298,1280,720
frame_117_25.jpg,Person,9,195,237,570,1280,720
frame_117_25.jpg,Person,474,165,660,310,1280,720
frame_117_25.jpg,Person,311,264,581,569,1280,720
frame_117_25.jpg,Person,750,188,909,298,1280,720
frame_117_26.jpg,Person,7,195,222,570,1280,720
frame_117_26.jpg,Person,477,164,658,309,1280,720
frame_117_26.jpg,Person,754,187,911,298,1280,720
frame_117_26.jpg,Person,313,262,583,567,1280,720
frame_117_27.jpg,Person,9,196,222,570,1280,720
frame_117_27.jpg,Person,476,164,657,310,1280,720
frame_117_27.jpg,Person,755,188,911,299,1280,720
frame_117_27.jpg,Person,325,263,584,473,1280,720
frame_117_27.jpg,Person,315,263,585,569,1280,720
frame_117_28.jpg,Person,9,196,230,570,1280,720
frame_117_28.jpg,Person,479,163,657,308,1280,720
frame_117_28.jpg,Person,758,188,911,299,1280,720
frame_117_28.jpg,Person,315,263,571,568,1280,720
frame_117_28.jpg,Person,328,263,571,472,1280,720
frame_117_29.jpg,Person,10,196,232,570,1280,720
frame_117_29.jpg,Person,479,163,657,308,1280,720
frame_117_29.jpg,Person,758,188,911,299,1280,720
frame_117_29.jpg,Person,313,263,568,569,1280,720
frame_117_3.jpg,Person,3,192,224,570,1280,720
frame_117_3.jpg,Person,464,167,651,311,1280,720
frame_117_3.jpg,Person,312,265,568,570,1280,720
frame_117_3.jpg,Person,723,190,908,297,1280,720
frame_117_30.jpg,Person,12,196,225,569,1280,720
frame_117_30.jpg,Person,481,164,657,312,1280,720
frame_117_30.jpg,Person,308,261,545,569,1280,720
frame_117_30.jpg,Person,760,188,912,299,1280,720
frame_49_10.jpg,Person,140,18,208,145,400,216
frame_49_10.jpg,Person,106,1,165,131,400,216
frame_49_10.jpg,Person,199,24,248,132,400,216
frame_49_10.jpg,Person,204,14,289,166,400,216
frame_49_10.jpg,Person,74,0,119,128,400,216
frame_49_11.jpg,Person,139,21,206,152,400,216
frame_49_11.jpg,Person,107,1,167,133,400,216
frame_49_11.jpg,Person,74,0,120,128,400,216
frame_49_11.jpg,Person,204,10,282,167,400,216
frame_49_11.jpg,Person,198,22,250,130,400,216
frame_49_11.jpg,Person,241,59,327,174,400,216
frame_49_13.jpg,Person,107,3,159,131,400,216
frame_49_13.jpg,Person,68,0,120,128,400,216
frame_49_13.jpg,Person,205,34,281,167,400,216
frame_49_13.jpg,Person,130,167,215,214,400,216
frame_49_13.jpg,Person,139,13,205,177,400,216
frame_49_13.jpg,Person,198,25,249,133,400,216
frame_49_14.jpg,Person,105,1,162,129,400,216
frame_49_14.jpg,Person,141,15,204,171,400,216
frame_49_14.jpg,Person,68,0,118,128,400,216
frame_49_14.jpg,Person,133,168,217,215,400,216
frame_49_14.jpg,Person,204,39,275,166,400,216
frame_49_14.jpg,Person,204,11,264,132,400,216
frame_49_14.jpg,Person,227,66,327,170,400,216
frame_49_14.jpg,Person,239,95,358,212,400,216
frame_49_15.jpg,Person,105,1,153,129,400,216
frame_49_15.jpg,Person,205,42,273,167,400,216
frame_49_15.jpg,Person,137,166,219,215,400,216
frame_49_15.jpg,Person,202,22,248,132,400,216
frame_49_15.jpg,Person,143,14,202,146,400,216
frame_49_15.jpg,Person,63,0,118,128,400,216
frame_49_16.jpg,Person,205,41,273,166,400,216
frame_49_16.jpg,Person,105,1,151,126,400,216
frame_49_16.jpg,Person,144,14,199,145,400,216
frame_49_16.jpg,Person,206,21,247,130,400,216
frame_49_16.jpg,Person,139,161,219,215,400,216
frame_49_16.jpg,Person,293,60,325,125,400,216
frame_49_17.jpg,Person,205,41,273,166,400,216
frame_49_17.jpg,Person,105,2,151,127,400,216
frame_49_17.jpg,Person,145,14,199,145,400,216
frame_49_17.jpg,Person,206,21,248,130,400,216
frame_49_17.jpg,Person,139,161,219,215,400,216
frame_49_17.jpg,Person,292,60,325,125,400,216
frame_49_19.jpg,Person,198,20,245,131,400,216
frame_49_19.jpg,Person,105,2,148,130,400,216
frame_49_19.jpg,Person,141,18,196,147,400,216
frame_49_19.jpg,Person,62,1,118,129,400,216
frame_49_19.jpg,Person,205,22,291,166,400,216
frame_49_19.jpg,Person,225,68,304,171,400,216
frame_49_19.jpg,Person,205,20,300,211,400,216
frame_49_2.jpg,Person,139,13,207,154,400,216
frame_49_2.jpg,Person,91,4,134,129,400,216
frame_49_2.jpg,Person,212,2,293,164,400,216
frame_49_2.jpg,Person,122,2,155,128,400,216
frame_49_2.jpg,Person,291,59,327,147,400,216
frame_49_20.jpg,Person,138,18,194,154,400,216
frame_49_20.jpg,Person,147,153,218,214,400,216
frame_49_20.jpg,Person,228,66,306,168,400,216
frame_49_20.jpg,Person,205,15,295,167,400,216
frame_49_20.jpg,Person,294,57,329,112,400,216
frame_49_20.jpg,Person,194,18,246,169,400,216
frame_49_21.jpg,Person,140,18,194,158,400,216
frame_49_21.jpg,Person,195,18,243,129,400,216
frame_49_21.jpg,Person,60,2,112,132,400,216
frame_49_21.jpg,Person,229,5,264,111,400,216
frame_49_21.jpg,Person,205,9,293,211,400,216
frame_49_22.jpg,Person,136,15,194,172,400,216
frame_49_22.jpg,Person,205,13,292,165,400,216
frame_49_22.jpg,Person,59,1,109,133,400,216
frame_49_22.jpg,Person,192,17,243,129,400,216
frame_49_22.jpg,Person,106,3,143,130,400,216
frame_49_22.jpg,Person,294,54,332,114,400,216
frame_49_22.jpg,Person,192,16,243,178,400,216
frame_49_23.jpg,Person,193,15,242,128,400,216
frame_49_23.jpg,Person,134,15,194,183,400,216
frame_49_23.jpg,Person,148,155,215,215,400,216
frame_49_23.jpg,Person,207,13,293,164,400,216
frame_49_23.jpg,Person,106,6,143,130,400,216
frame_49_23.jpg,Person,59,1,108,134,400,216
frame_49_24.jpg,Person,146,157,213,215,400,216
frame_49_24.jpg,Person,193,16,241,127,400,216
frame_49_24.jpg,Person,132,15,192,184,400,216
frame_49_24.jpg,Person,206,32,295,166,400,216
frame_49_24.jpg,Person,106,0,152,130,400,216
frame_49_24.jpg,Person,60,1,111,131,400,216
frame_49_24.jpg,Person,230,84,302,164,400,216
frame_49_25.jpg,Person,146,157,213,215,400,216
frame_49_25.jpg,Person,193,16,241,127,400,216
frame_49_25.jpg,Person,131,14,193,185,400,216
frame_49_25.jpg,Person,206,32,295,166,400,216
frame_49_25.jpg,Person,105,1,150,131,400,216
frame_49_25.jpg,Person,60,1,110,130,400,216
frame_49_25.jpg,Person,230,84,302,164,400,216
frame_49_26.jpg,Person,193,20,241,128,400,216
frame_49_26.jpg,Person,139,15,190,161,400,216
frame_49_26.jpg,Person,106,6,143,129,400,216
frame_49_26.jpg,Person,230,84,302,163,400,216
frame_49_26.jpg,Person,61,9,107,130,400,216
frame_49_26.jpg,Person,204,36,293,165,400,216
frame_73_25.jpg,Person,284,0,309,56,704,480
frame_73_26.jpg,Person,285,0,309,56,704,480
frame_73_27.jpg,Person,288,0,310,58,704,480
frame_73_28.jpg,Person,285,0,310,56,704,480
frame_73_29.jpg,Person,286,0,312,54,704,480
frame_73_3.jpg,Person,280,0,312,69,704,480
frame_73_30.jpg,Person,287,0,312,54,704,480
frame_73_31.jpg,Person,286,0,313,52,704,480
frame_73_32.jpg,Person,286,0,313,52,704,480
frame_73_33.jpg,Person,290,0,314,52,704,480
frame_73_34.jpg,Person,288,0,312,52,704,480
frame_73_35.jpg,Person,287,0,306,52,704,480
frame_73_36.jpg,Person,287,0,306,52,704,480
frame_73_37.jpg,Person,286,0,305,52,704,480
frame_73_38.jpg,Person,286,0,305,52,704,480
frame_73_39.jpg,Person,287,0,305,48,704,480
frame_73_4.jpg,Person,280,0,311,69,704,480
frame_73_40.jpg,Person,287,0,305,46,704,480
frame_73_41.jpg,Person,287,0,309,46,704,480
frame_73_5.jpg,Person,280,0,310,70,704,480
frame_73_6.jpg,Person,282,0,310,69,704,480
frame_73_7.jpg,Person,282,0,309,69,704,480
frame_73_8.jpg,Person,283,0,310,68,704,480
frame_73_9.jpg,Person,284,0,312,66,704,480
frame_74_0.jpg,Person,295,80,407,342,704,480
frame_74_1.jpg,Person,297,76,406,342,704,480
frame_74_10.jpg,Person,301,61,397,295,704,480
frame_74_11.jpg,Person,300,55,395,288,704,480
frame_74_12.jpg,Person,300,54,395,288,704,480
frame_75_38.jpg,Person,351,333,507,478,704,480
frame_75_38.jpg,Person,16,343,228,477,704,480
frame_75_39.jpg,Person,351,346,512,477,704,480
frame_75_39.jpg,Person,10,358,213,478,704,480
frame_75_4.jpg,Person,328,142,431,383,704,480
frame_75_4.jpg,Person,188,116,309,426,704,480
frame_75_5.jpg,Person,185,117,307,425,704,480
frame_75_5.jpg,Person,329,143,431,384,704,480
frame_75_6.jpg,Person,182,117,305,424,704,480
frame_75_6.jpg,Person,330,146,429,384,704,480
frame_75_7.jpg,Person,174,119,301,424,704,480
frame_75_7.jpg,Person,336,150,429,392,704,480
frame_75_8.jpg,Person,173,120,300,425,704,480
frame_75_8.jpg,Person,338,153,428,410,704,480
frame_75_9.jpg,Person,168,124,297,430,704,480
frame_75_9.jpg,Person,337,160,429,431,704,480
frame_128_36.jpg,Person,709,190,860,504,1280,720
frame_128_37.jpg,Person,708,188,860,499,1280,720
frame_128_38.jpg,Person,698,188,849,495,1280,720
frame_128_39.jpg,Person,698,189,849,497,1280,720
frame_128_4.jpg,Person,739,198,888,508,1280,720
frame_128_40.jpg,Person,694,188,854,495,1280,720
frame_128_41.jpg,Person,689,190,841,492,1280,720
frame_128_42.jpg,Person,688,189,841,492,1280,720
frame_128_43.jpg,Person,688,189,841,492,1280,720
frame_128_44.jpg,Person,687,190,839,492,1280,720
frame_128_45.jpg,Person,687,188,832,489,1280,720
frame_128_46.jpg,Person,687,189,831,490,1280,720
frame_128_47.jpg,Person,685,189,822,492,1280,720
frame_128_48.jpg,Person,686,188,822,492,1280,720
frame_128_49.jpg,Person,686,188,821,492,1280,720
frame_128_5.jpg,Person,739,198,889,508,1280,720
frame_128_50.jpg,Person,683,188,790,492,1280,720
frame_128_51.jpg,Person,683,186,791,492,1280,720
frame_128_52.jpg,Person,683,186,790,491,1280,720
frame_128_53.jpg,Person,685,187,794,495,1280,720
frame_128_54.jpg,Person,685,186,790,489,1280,720
frame_128_55.jpg,Person,685,186,788,489,1280,720
frame_128_56.jpg,Person,683,185,790,491,1280,720
frame_93_61.jpg,Person,309,26,371,190,480,360
frame_93_62.jpg,Person,308,27,371,191,480,360
frame_93_63.jpg,Person,309,25,371,190,480,360
frame_93_64.jpg,Person,308,27,369,191,480,360
frame_93_65.jpg,Person,322,27,378,191,480,360
frame_93_7.jpg,Person,239,10,301,107,480,360
frame_93_8.jpg,Person,239,10,301,107,480,360
frame_93_9.jpg,Person,239,10,302,107,480,360
frame_94_0.jpg,Person,153,194,313,359,480,360
frame_94_0.jpg,Person,244,59,299,217,480,360
frame_94_0.jpg,Person,322,74,380,281,480,360
frame_94_0.jpg,Person,195,31,250,179,480,360
frame_94_0.jpg,Person,355,48,412,215,480,360
frame_94_0.jpg,Person,270,0,303,92,480,360
frame_94_1.jpg,Person,153,193,313,358,480,360
frame_94_1.jpg,Person,244,59,299,217,480,360
frame_94_1.jpg,Person,322,74,380,281,480,360
frame_94_1.jpg,Person,196,31,252,178,480,360
frame_94_1.jpg,Person,355,48,412,216,480,360
frame_94_1.jpg,Person,270,0,303,92,480,360
frame_94_10.jpg,Person,158,187,315,358,480,360
frame_94_10.jpg,Person,247,59,301,213,480,360
frame_94_10.jpg,Person,360,49,422,215,480,360
frame_94_10.jpg,Person,184,34,239,188,480,360
frame_94_10.jpg,Person,319,74,383,281,480,360
frame_94_10.jpg,Person,261,5,300,93,480,360
frame_94_11.jpg,Person,158,187,315,358,480,360
frame_94_11.jpg,Person,247,59,301,213,480,360
frame_94_11.jpg,Person,360,49,422,215,480,360
frame_94_11.jpg,Person,184,33,239,188,480,360
frame_94_11.jpg,Person,318,74,383,281,480,360
frame_94_11.jpg,Person,262,5,301,93,480,360
frame_94_12.jpg,Person,158,187,315,359,480,360
frame_94_12.jpg,Person,247,59,301,213,480,360
frame_94_12.jpg,Person,360,49,422,215,480,360
frame_94_12.jpg,Person,319,74,387,281,480,360
frame_94_12.jpg,Person,186,34,239,188,480,360
frame_94_12.jpg,Person,261,5,301,93,480,360
frame_94_13.jpg,Person,158,187,315,359,480,360
frame_94_13.jpg,Person,247,59,300,213,480,360
frame_94_13.jpg,Person,360,49,422,216,480,360
frame_94_13.jpg,Person,318,74,386,281,480,360
frame_94_13.jpg,Person,186,33,240,188,480,360
frame_94_13.jpg,Person,261,5,301,93,480,360
frame_94_14.jpg,Person,151,184,316,359,480,360
frame_94_14.jpg,Person,320,73,389,281,480,360
frame_94_14.jpg,Person,246,58,300,212,480,360
frame_94_14.jpg,Person,364,42,428,215,480,360
frame_94_14.jpg,Person,259,5,300,90,480,360
frame_94_14.jpg,Person,180,34,235,187,480,360
frame_94_15.jpg,Person,151,184,316,359,480,360
frame_94_15.jpg,Person,320,74,389,282,480,360
frame_94_15.jpg,Person,246,58,301,212,480,360
frame_94_15.jpg,Person,364,45,428,219,480,360
frame_94_15.jpg,Person,259,5,300,90,480,360
frame_94_15.jpg,Person,181,34,236,188,480,360
frame_94_16.jpg,Person,151,184,316,359,480,360
frame_94_16.jpg,Person,320,73,389,281,480,360
frame_94_16.jpg,Person,246,58,300,212,480,360
frame_94_16.jpg,Person,364,43,427,219,480,360
frame_94_16.jpg,Person,181,34,237,188,480,360
frame_94_16.jpg,Person,259,5,301,91,480,360
frame_94_17.jpg,Person,151,184,316,359,480,360
frame_94_17.jpg,Person,320,73,389,281,480,360
frame_94_17.jpg,Person,246,58,300,212,480,360
frame_94_17.jpg,Person,364,43,427,218,480,360
frame_94_17.jpg,Person,181,33,237,188,480,360
frame_94_17.jpg,Person,259,5,301,91,480,360
frame_94_18.jpg,Person,161,183,315,359,480,360
frame_94_18.jpg,Person,322,71,390,281,480,360
frame_94_18.jpg,Person,177,41,233,194,480,360
frame_94_18.jpg,Person,257,6,299,88,480,360
frame_94_18.jpg,Person,246,58,299,198,480,360
frame_94_18.jpg,Person,367,43,432,221,480,360
frame_94_19.jpg,Person,160,183,314,359,480,360
frame_94_19.jpg,Person,322,71,391,280,480,360
frame_94_19.jpg,Person,176,43,233,195,480,360
frame_94_19.jpg,Person,366,42,432,221,480,360
frame_94_19.jpg,Person,247,58,299,197,480,360
frame_94_19.jpg,Person,257,6,299,90,480,360
frame_94_2.jpg,Person,154,193,313,358,480,360
frame_94_2.jpg,Person,244,58,301,218,480,360
frame_94_2.jpg,Person,319,76,380,282,480,360
frame_94_2.jpg,Person,193,33,249,171,480,360
frame_94_2.jpg,Person,355,48,413,216,480,360
frame_94_2.jpg,Person,266,2,301,93,480,360
frame_94_20.jpg,Person,161,183,315,359,480,360
frame_94_20.jpg,Person,322,72,391,281,480,360
frame_94_20.jpg,Person,176,42,233,195,480,360
frame_94_20.jpg,Person,365,42,432,220,480,360
frame_94_20.jpg,Person,246,58,299,196,480,360
frame_94_20.jpg,Person,256,6,299,89,480,360
frame_94_21.jpg,Person,161,182,314,359,480,360
frame_94_21.jpg,Person,323,72,391,281,480,360
frame_94_21.jpg,Person,176,42,233,196,480,360
frame_94_21.jpg,Person,248,58,300,197,480,360
frame_94_21.jpg,Person,367,42,433,219,480,360
frame_94_21.jpg,Person,257,6,298,87,480,360
frame_94_22.jpg,Person,186,182,310,359,480,360
frame_94_22.jpg,Person,322,71,391,281,480,360
frame_94_22.jpg,Person,248,59,302,196,480,360
frame_94_22.jpg,Person,175,45,232,197,480,360
frame_94_22.jpg,Person,362,44,437,231,480,360
frame_94_22.jpg,Person,255,8,299,76,480,360
frame_94_23.jpg,Person,186,182,310,359,480,360
frame_94_23.jpg,Person,322,71,391,281,480,360
frame_94_23.jpg,Person,248,59,302,196,480,360
frame_94_23.jpg,Person,175,45,232,197,480,360
frame_94_23.jpg,Person,363,43,437,231,480,360
frame_94_23.jpg,Person,256,7,300,72,480,360
frame_94_23.jpg,Person,443,78,479,241,480,360
frame_94_23.jpg,Person,130,170,224,352,480,360
frame_122_22.jpg,Person,374,23,633,591,1280,720
frame_122_22.jpg,Person,0,104,48,269,1280,720
frame_122_23.jpg,Person,376,23,634,590,1280,720
frame_122_23.jpg,Person,0,110,49,269,1280,720
frame_122_24.jpg,Person,375,23,630,589,1280,720
frame_122_24.jpg,Person,0,122,48,274,1280,720
frame_122_25.jpg,Person,377,23,631,588,1280,720
frame_122_25.jpg,Person,0,125,46,281,1280,720
frame_122_26.jpg,Person,377,23,631,587,1280,720
frame_122_26.jpg,Person,0,131,44,417,1280,720
frame_122_27.jpg,Person,376,22,629,585,1280,720
frame_122_27.jpg,Person,0,124,42,429,1280,720
frame_122_28.jpg,Person,375,22,629,586,1280,720
frame_122_28.jpg,Person,0,128,38,418,1280,720
frame_122_29.jpg,Person,395,22,628,571,1280,720
frame_122_3.jpg,Person,269,32,558,625,1280,720
frame_122_30.jpg,Person,389,23,627,573,1280,720
frame_122_30.jpg,Person,0,156,48,510,1280,720
frame_122_31.jpg,Person,382,23,626,565,1280,720
frame_122_31.jpg,Person,0,135,49,517,1280,720
frame_122_32.jpg,Person,374,21,627,563,1280,720
frame_122_32.jpg,Person,0,95,50,511,1280,720
frame_122_33.jpg,Person,366,21,626,564,1280,720
frame_122_33.jpg,Person,0,117,50,515,1280,720
frame_122_34.jpg,Person,359,23,622,560,1280,720
frame_122_34.jpg,Person,0,107,51,511,1280,720
frame_122_35.jpg,Person,351,23,620,563,1280,720
frame_122_35.jpg,Person,0,140,52,505,1280,720
frame_122_36.jpg,Person,341,25,616,565,1280,720
frame_122_36.jpg,Person,0,145,60,515,1280,720
frame_7_0.jpg,Person,275,249,310,331,640,360
frame_7_0.jpg,Person,246,244,267,320,640,360
frame_7_0.jpg,Person,303,241,327,325,640,360
frame_7_0.jpg,Person,261,190,273,223,640,360
frame_7_0.jpg,Person,252,198,262,223,640,360
frame_7_1.jpg,Person,275,249,310,331,640,360
frame_7_1.jpg,Person,246,244,267,320,640,360
frame_7_1.jpg,Person,303,241,327,324,640,360
frame_7_1.jpg,Person,261,189,273,223,640,360
frame_7_1.jpg,Person,252,198,262,223,640,360
frame_7_10.jpg,Person,275,249,312,331,640,360
frame_7_10.jpg,Person,247,244,267,320,640,360
frame_7_10.jpg,Person,304,241,327,323,640,360
frame_7_10.jpg,Person,260,189,273,224,640,360
frame_7_10.jpg,Person,252,195,264,224,640,360
frame_7_11.jpg,Person,275,249,311,331,640,360
frame_7_11.jpg,Person,247,244,267,320,640,360
frame_7_11.jpg,Person,304,240,327,323,640,360
frame_7_11.jpg,Person,261,189,274,224,640,360
frame_7_11.jpg,Person,252,197,264,225,640,360
frame_7_12.jpg,Person,275,249,311,331,640,360
frame_7_12.jpg,Person,247,244,267,320,640,360
frame_7_12.jpg,Person,304,241,327,323,640,360
frame_7_12.jpg,Person,261,188,274,225,640,360
frame_7_12.jpg,Person,252,196,264,226,640,360
frame_7_13.jpg,Person,275,249,310,331,640,360
frame_7_13.jpg,Person,247,244,268,320,640,360
frame_7_13.jpg,Person,304,241,327,323,640,360
frame_7_13.jpg,Person,261,189,274,225,640,360
frame_7_13.jpg,Person,251,193,264,227,640,360
frame_7_14.jpg,Person,275,249,310,331,640,360
frame_7_14.jpg,Person,247,244,268,320,640,360
frame_7_14.jpg,Person,304,241,327,323,640,360
frame_7_14.jpg,Person,261,188,274,226,640,360
frame_7_14.jpg,Person,251,189,264,226,640,360
frame_7_15.jpg,Person,276,249,312,331,640,360
frame_7_15.jpg,Person,246,244,267,320,640,360
frame_7_15.jpg,Person,304,241,327,323,640,360
frame_7_15.jpg,Person,261,189,274,227,640,360
frame_7_15.jpg,Person,252,187,264,227,640,360
frame_7_15.jpg,Person,255,186,274,227,640,360
frame_14_42.jpg,Person,611,353,1218,730,1920,1080
frame_14_43.jpg,Person,605,361,1191,734,1920,1080
frame_14_44.jpg,Person,620,361,1214,734,1920,1080
frame_14_45.jpg,Person,623,362,1204,731,1920,1080
frame_14_46.jpg,Person,636,364,1245,732,1920,1080
frame_14_46.jpg,Person,484,496,917,704,1920,1080
frame_14_47.jpg,Person,640,379,1271,732,1920,1080
frame_14_47.jpg,Person,487,499,974,721,1920,1080
frame_14_48.jpg,Person,648,391,1244,733,1920,1080
frame_14_48.jpg,Person,487,492,964,718,1920,1080
frame_14_49.jpg,Person,504,374,1247,738,1920,1080
frame_14_5.jpg,Person,407,439,1029,727,1920,1080
frame_14_50.jpg,Person,661,397,1256,737,1920,1080
frame_14_50.jpg,Person,499,489,1031,732,1920,1080
frame_14_51.jpg,Person,660,399,1246,737,1920,1080
frame_14_51.jpg,Person,500,488,1036,734,1920,1080
frame_14_52.jpg,Person,671,398,1282,738,1920,1080
frame_14_52.jpg,Person,504,479,1026,736,1920,1080
frame_14_53.jpg,Person,672,398,1284,739,1920,1080
frame_14_53.jpg,Person,505,480,1038,737,1920,1080
frame_14_54.jpg,Person,510,391,1268,743,1920,1080
frame_14_55.jpg,Person,514,390,1282,746,1920,1080
frame_14_56.jpg,Person,514,398,1256,749,1920,1080
frame_14_57.jpg,Person,509,379,1251,747,1920,1080
frame_14_57.jpg,Person,710,389,1273,743,1920,1080
frame_14_58.jpg,Person,728,381,1276,744,1920,1080
frame_14_58.jpg,Person,508,484,920,745,1920,1080
frame_14_58.jpg,Person,509,372,1256,749,1920,1080
frame_27_6.jpg,Person,358,94,379,146,640,360
frame_27_6.jpg,Person,253,87,272,147,640,360
frame_27_6.jpg,Person,245,184,277,224,640,360
frame_27_6.jpg,Person,192,190,239,299,640,360
frame_27_7.jpg,Person,358,93,379,146,640,360
frame_27_7.jpg,Person,254,87,272,147,640,360
frame_27_7.jpg,Person,244,184,277,224,640,360
frame_27_7.jpg,Person,193,190,239,299,640,360
frame_27_8.jpg,Person,358,93,379,146,640,360
frame_27_8.jpg,Person,254,85,272,146,640,360
frame_27_8.jpg,Person,193,205,234,301,640,360
frame_27_8.jpg,Person,244,184,276,223,640,360
frame_27_8.jpg,Person,196,190,237,226,640,360
frame_27_8.jpg,Person,226,185,275,225,640,360
frame_27_9.jpg,Person,358,94,379,146,640,360
frame_27_9.jpg,Person,254,85,272,146,640,360
frame_27_9.jpg,Person,193,202,235,300,640,360
frame_27_9.jpg,Person,244,184,276,224,640,360
frame_27_9.jpg,Person,196,190,237,227,640,360
frame_28_0.jpg,Person,41,59,146,227,640,352
frame_28_0.jpg,Person,109,91,232,341,640,352
frame_28_0.jpg,Person,244,71,307,256,640,352
frame_28_1.jpg,Person,42,61,148,227,640,352
frame_28_1.jpg,Person,109,91,234,341,640,352
frame_28_1.jpg,Person,240,70,307,257,640,352
frame_28_1.jpg,Person,194,69,308,256,640,352
frame_28_10.jpg,Person,109,91,230,340,640,352
frame_28_10.jpg,Person,47,52,150,227,640,352
frame_28_10.jpg,Person,240,71,305,257,640,352
frame_28_10.jpg,Person,196,71,305,258,640,352
frame_28_11.jpg,Person,47,50,151,227,640,352
frame_28_11.jpg,Person,109,91,234,340,640,352
frame_28_11.jpg,Person,243,70,304,257,640,352
frame_28_11.jpg,Person,194,69,305,256,640,352
frame_28_12.jpg,Person,47,48,152,227,640,352
frame_28_12.jpg,Person,108,91,233,340,640,352
frame_28_12.jpg,Person,195,71,304,257,640,352
frame_28_13.jpg,Person,48,49,152,227,640,352
frame_28_13.jpg,Person,109,91,238,341,640,352
frame_28_13.jpg,Person,197,70,305,257,640,352
frame_28_14.jpg,Person,47,48,151,227,640,352
frame_28_14.jpg,Person,110,91,241,341,640,352
frame_28_14.jpg,Person,234,71,301,257,640,352
frame_28_15.jpg,Person,48,48,152,227,640,352
frame_28_15.jpg,Person,110,91,242,340,640,352
frame_28_15.jpg,Person,220,71,300,256,640,352
frame_28_16.jpg,Person,48,49,151,227,640,352
frame_28_16.jpg,Person,111,91,240,340,640,352
frame_28_16.jpg,Person,198,71,300,257,640,352
frame_28_17.jpg,Person,47,48,150,226,640,352
frame_28_17.jpg,Person,111,90,241,339,640,352
frame_28_17.jpg,Person,195,70,298,256,640,352
frame_28_18.jpg,Person,47,48,150,226,640,352
frame_28_18.jpg,Person,112,89,236,338,640,352
frame_28_18.jpg,Person,241,69,297,255,640,352
frame_28_18.jpg,Person,61,283,149,351,640,352
frame_28_19.jpg,Person,48,47,151,225,640,352
frame_28_19.jpg,Person,112,90,238,340,640,352
frame_28_19.jpg,Person,224,70,296,255,640,352
frame_28_2.jpg,Person,43,57,149,227,640,352
frame_28_2.jpg,Person,109,91,238,341,640,352
frame_28_2.jpg,Person,202,70,307,257,640,352
frame_28_20.jpg,Person,48,46,151,225,640,352
frame_28_20.jpg,Person,113,90,245,340,640,352
frame_28_20.jpg,Person,236,70,295,255,640,352
frame_28_21.jpg,Person,48,48,151,226,640,352
frame_28_21.jpg,Person,113,90,244,339,640,352
frame_28_21.jpg,Person,236,70,295,255,640,352
frame_28_22.jpg,Person,113,89,245,338,640,352
frame_28_22.jpg,Person,48,47,150,225,640,352
frame_28_22.jpg,Person,241,72,295,256,640,352
frame_28_23.jpg,Person,46,47,149,225,640,352
frame_28_23.jpg,Person,112,89,244,339,640,352
frame_28_23.jpg,Person,240,70,294,255,640,352
frame_28_24.jpg,Person,46,45,149,224,640,352
frame_28_24.jpg,Person,112,89,241,338,640,352
frame_28_24.jpg,Person,240,69,293,255,640,352
frame_28_25.jpg,Person,46,46,150,223,640,352
frame_28_25.jpg,Person,112,87,237,337,640,352
frame_28_25.jpg,Person,239,67,293,254,640,352
frame_28_26.jpg,Person,46,45,150,223,640,352
frame_28_26.jpg,Person,112,87,239,337,640,352
frame_28_26.jpg,Person,238,68,292,253,640,352
frame_28_27.jpg,Person,46,46,150,223,640,352
frame_28_27.jpg,Person,112,86,240,336,640,352
frame_28_27.jpg,Person,238,68,292,253,640,352
frame_28_28.jpg,Person,45,45,149,223,640,352
frame_28_28.jpg,Person,112,85,242,336,640,352
frame_28_28.jpg,Person,237,68,292,253,640,352
frame_28_28.jpg,Person,194,68,292,254,640,352
frame_28_29.jpg,Person,112,85,242,336,640,352
frame_28_29.jpg,Person,45,51,149,223,640,352
frame_28_29.jpg,Person,237,68,292,253,640,352
frame_28_3.jpg,Person,109,91,230,341,640,352
frame_28_3.jpg,Person,45,58,149,227,640,352
frame_28_3.jpg,Person,232,70,307,257,640,352
frame_28_30.jpg,Person,112,87,242,337,640,352
frame_28_30.jpg,Person,44,50,149,223,640,352
frame_28_30.jpg,Person,237,68,292,253,640,352
frame_28_31.jpg,Person,45,48,149,223,640,352
frame_28_31.jpg,Person,112,87,238,337,640,352
frame_28_31.jpg,Person,237,69,292,254,640,352
frame_96_47.jpg,Person,191,133,232,214,450,360
frame_96_47.jpg,Person,0,33,14,68,450,360
frame_96_48.jpg,Person,191,133,232,214,450,360
frame_96_48.jpg,Person,0,33,14,68,450,360
frame_96_49.jpg,Person,187,133,230,215,450,360
frame_96_49.jpg,Person,0,33,14,68,450,360
frame_96_49.jpg,Person,70,34,82,63,450,360
frame_96_5.jpg,Person,203,133,251,223,450,360
frame_96_5.jpg,Person,0,33,14,69,450,360
frame_96_6.jpg,Person,0,33,14,68,450,360
frame_96_7.jpg,Person,0,33,14,69,450,360
frame_96_8.jpg,Person,0,33,14,69,450,360
frame_96_9.jpg,Person,193,136,245,216,450,360
frame_96_9.jpg,Person,0,33,14,68,450,360
frame_97_0.jpg,Person,63,183,119,285,450,360
frame_97_0.jpg,Person,6,112,27,151,450,360
frame_97_0.jpg,Person,0,202,54,229,450,360
frame_97_1.jpg,Person,67,180,124,284,450,360
frame_97_1.jpg,Person,5,112,27,151,450,360
frame_97_10.jpg,Person,68,169,119,249,450,360
frame_97_10.jpg,Person,4,112,26,151,450,360
frame_97_10.jpg,Person,0,201,54,230,450,360
frame_97_11.jpg,Person,67,166,120,275,450,360
frame_97_11.jpg,Person,0,201,54,230,450,360
frame_97_11.jpg,Person,3,112,26,151,450,360
frame_97_12.jpg,Person,68,166,120,273,450,360
frame_97_12.jpg,Person,0,201,54,230,450,360
frame_97_12.jpg,Person,4,112,26,151,450,360
frame_97_13.jpg,Person,67,166,118,273,450,360
frame_97_13.jpg,Person,4,112,26,152,450,360
frame_97_13.jpg,Person,0,201,54,230,450,360
frame_97_14.jpg,Person,69,162,119,272,450,360
frame_97_14.jpg,Person,0,201,54,230,450,360
frame_97_14.jpg,Person,4,112,26,151,450,360
frame_97_15.jpg,Person,69,162,118,272,450,360
frame_97_15.jpg,Person,0,201,54,230,450,360
frame_97_15.jpg,Person,4,112,26,151,450,360
frame_97_16.jpg,Person,68,162,119,272,450,360
frame_97_16.jpg,Person,4,112,26,151,450,360
frame_97_16.jpg,Person,0,201,54,230,450,360
frame_95_10.jpg,Person,277,83,349,306,480,360
frame_95_10.jpg,Person,203,34,257,188,480,360
frame_95_10.jpg,Person,149,98,246,291,480,360
frame_95_10.jpg,Person,111,55,163,201,480,360
frame_95_10.jpg,Person,256,0,296,88,480,360
frame_95_10.jpg,Person,120,189,231,357,480,360
frame_95_11.jpg,Person,203,34,257,188,480,360
frame_95_11.jpg,Person,277,83,349,306,480,360
frame_95_11.jpg,Person,149,98,246,291,480,360
frame_95_11.jpg,Person,256,0,296,88,480,360
frame_95_11.jpg,Person,111,55,163,201,480,360
frame_95_12.jpg,Person,203,33,257,188,480,360
frame_95_12.jpg,Person,277,83,349,306,480,360
frame_95_12.jpg,Person,150,98,246,291,480,360
frame_95_12.jpg,Person,111,55,163,202,480,360
frame_95_12.jpg,Person,255,0,295,88,480,360
frame_95_12.jpg,Person,120,189,231,357,480,360
frame_95_13.jpg,Person,276,83,349,306,480,360
frame_95_13.jpg,Person,203,34,257,188,480,360
frame_95_13.jpg,Person,149,98,246,291,480,360
frame_95_13.jpg,Person,111,55,162,203,480,360
frame_95_13.jpg,Person,256,0,296,88,480,360
frame_95_14.jpg,Person,203,33,258,188,480,360
frame_95_14.jpg,Person,273,83,349,305,480,360
frame_95_14.jpg,Person,148,95,246,292,480,360
frame_95_14.jpg,Person,255,2,296,90,480,360
frame_95_14.jpg,Person,111,55,164,163,480,360
frame_95_15.jpg,Person,203,33,258,188,480,360
frame_95_15.jpg,Person,273,83,349,305,480,360
frame_95_15.jpg,Person,149,95,246,293,480,360
frame_95_15.jpg,Person,111,55,164,164,480,360
frame_95_15.jpg,Person,255,2,296,90,480,360
frame_95_16.jpg,Person,203,33,258,188,480,360
frame_95_16.jpg,Person,273,83,349,305,480,360
frame_95_16.jpg,Person,149,95,246,293,480,360
frame_95_16.jpg,Person,111,55,164,164,480,360
frame_95_16.jpg,Person,255,1,296,89,480,360
frame_95_16.jpg,Person,116,164,229,356,480,360
frame_95_17.jpg,Person,275,81,348,299,480,360
frame_95_17.jpg,Person,202,33,259,188,480,360
frame_95_17.jpg,Person,255,2,296,92,480,360
frame_95_17.jpg,Person,146,93,246,293,480,360
frame_95_17.jpg,Person,110,56,163,158,480,360
frame_95_18.jpg,Person,275,81,348,299,480,360
frame_95_18.jpg,Person,202,32,259,187,480,360
frame_95_18.jpg,Person,257,2,297,92,480,360
frame_95_18.jpg,Person,146,92,246,292,480,360
frame_95_18.jpg,Person,111,56,164,158,480,360
frame_95_19.jpg,Person,275,81,348,299,480,360
frame_95_19.jpg,Person,201,32,259,187,480,360
frame_95_19.jpg,Person,257,2,297,92,480,360
frame_95_19.jpg,Person,146,92,246,292,480,360
frame_95_19.jpg,Person,111,56,164,158,480,360
frame_95_19.jpg,Person,113,153,230,354,480,360
frame_95_2.jpg,Person,278,87,347,306,480,360
frame_95_2.jpg,Person,134,105,248,358,480,360
frame_95_2.jpg,Person,203,34,254,177,480,360
frame_95_2.jpg,Person,112,55,157,211,480,360
frame_95_2.jpg,Person,257,0,293,87,480,360
frame_95_20.jpg,Person,276,81,348,299,480,360
frame_95_20.jpg,Person,201,32,259,187,480,360
frame_95_20.jpg,Person,257,2,297,92,480,360
frame_95_20.jpg,Person,146,92,246,292,480,360
frame_95_20.jpg,Person,111,56,164,158,480,360
frame_95_20.jpg,Person,114,153,230,354,480,360
frame_95_21.jpg,Person,276,81,348,299,480,360
frame_95_21.jpg,Person,200,32,259,187,480,360
frame_95_21.jpg,Person,257,2,297,92,480,360
frame_95_21.jpg,Person,147,92,247,291,480,360
frame_95_21.jpg,Person,111,56,164,157,480,360
frame_95_21.jpg,Person,114,153,230,355,480,360
frame_95_22.jpg,Person,260,81,346,289,480,360
frame_95_22.jpg,Person,257,2,296,94,480,360
frame_95_22.jpg,Person,199,39,258,154,480,360
frame_95_22.jpg,Person,112,148,234,352,480,360
frame_95_22.jpg,Person,149,91,249,293,480,360
frame_95_22.jpg,Person,110,56,166,171,480,360
frame_95_23.jpg,Person,260,81,346,289,480,360
frame_95_23.jpg,Person,257,2,296,94,480,360
frame_95_23.jpg,Person,199,39,258,154,480,360
frame_95_23.jpg,Person,113,147,230,350,480,360
frame_95_23.jpg,Person,149,91,249,293,480,360
frame_95_23.jpg,Person,109,56,166,174,480,360
frame_95_24.jpg,Person,260,81,346,289,480,360
frame_95_24.jpg,Person,257,2,296,94,480,360
frame_95_24.jpg,Person,198,39,257,154,480,360
frame_95_24.jpg,Person,114,147,231,351,480,360
frame_95_24.jpg,Person,148,91,249,293,480,360
frame_95_24.jpg,Person,110,56,166,176,480,360
frame_95_25.jpg,Person,241,82,342,287,480,360
frame_95_25.jpg,Person,194,39,256,188,480,360
frame_95_25.jpg,Person,119,153,229,350,480,360
frame_95_25.jpg,Person,258,2,296,95,480,360
frame_95_25.jpg,Person,151,92,246,292,480,360
frame_95_25.jpg,Person,110,56,161,193,480,360
frame_95_26.jpg,Person,241,82,342,287,480,360
frame_95_26.jpg,Person,194,37,256,188,480,360
frame_95_26.jpg,Person,118,155,229,351,480,360
frame_95_26.jpg,Person,258,3,296,95,480,360
frame_95_26.jpg,Person,152,91,246,292,480,360
frame_95_26.jpg,Person,111,57,162,161,480,360
frame_95_27.jpg,Person,241,82,342,287,480,360
frame_95_27.jpg,Person,193,37,255,188,480,360
frame_95_27.jpg,Person,119,153,229,350,480,360
frame_95_27.jpg,Person,152,91,246,292,480,360
frame_95_27.jpg,Person,258,3,296,95,480,360
frame_95_27.jpg,Person,111,57,162,161,480,360
frame_95_27.jpg,Person,111,56,162,205,480,360
frame_95_28.jpg,Person,241,82,342,287,480,360
frame_95_28.jpg,Person,194,37,256,188,480,360
frame_95_28.jpg,Person,119,155,229,351,480,360
frame_95_28.jpg,Person,152,91,246,292,480,360
frame_95_28.jpg,Person,258,3,296,95,480,360
frame_95_28.jpg,Person,111,57,162,161,480,360
frame_95_29.jpg,Person,241,82,342,287,480,360
frame_95_29.jpg,Person,193,37,254,188,480,360
frame_95_29.jpg,Person,118,153,229,350,480,360
frame_95_29.jpg,Person,152,91,246,292,480,360
frame_95_29.jpg,Person,258,3,296,95,480,360
frame_95_29.jpg,Person,111,56,162,159,480,360
frame_121_0.jpg,Person,454,220,592,638,1280,720
frame_121_0.jpg,Person,908,357,1057,603,1280,720
frame_121_1.jpg,Person,454,220,592,638,1280,720
frame_121_1.jpg,Person,908,357,1057,603,1280,720
frame_41_6.jpg,Person,623,311,889,702,1280,720
frame_41_7.jpg,Person,625,281,909,694,1280,720
frame_41_8.jpg,Person,625,282,908,694,1280,720
frame_41_9.jpg,Person,625,281,909,696,1280,720
frame_147_55.jpg,Person,366,79,399,177,640,360
frame_147_55.jpg,Person,302,69,334,159,640,360
frame_147_55.jpg,Person,330,69,358,167,640,360
frame_147_55.jpg,Person,266,54,285,134,640,360
frame_147_55.jpg,Person,331,41,359,106,640,360
frame_147_55.jpg,Person,281,40,300,113,640,360
frame_147_55.jpg,Person,294,33,314,95,640,360
frame_147_56.jpg,Person,366,79,399,177,640,360
frame_147_56.jpg,Person,302,69,334,159,640,360
frame_147_56.jpg,Person,268,54,286,134,640,360
frame_147_56.jpg,Person,331,41,359,104,640,360
frame_147_56.jpg,Person,329,69,359,169,640,360
frame_147_56.jpg,Person,282,41,301,113,640,360
frame_147_56.jpg,Person,294,33,313,95,640,360
frame_147_57.jpg,Person,367,79,399,177,640,360
frame_147_57.jpg,Person,302,69,333,158,640,360
frame_147_57.jpg,Person,268,60,285,134,640,360
frame_147_57.jpg,Person,328,69,359,169,640,360
frame_147_57.jpg,Person,281,43,300,113,640,360
frame_147_57.jpg,Person,332,41,360,106,640,360
frame_147_57.jpg,Person,294,33,313,95,640,360
frame_147_58.jpg,Person,367,79,399,177,640,360
frame_147_58.jpg,Person,269,60,285,134,640,360
frame_147_58.jpg,Person,302,70,333,160,640,360
frame_147_58.jpg,Person,283,43,301,113,640,360
frame_147_58.jpg,Person,332,41,360,108,640,360
frame_147_58.jpg,Person,328,69,357,168,640,360
frame_147_58.jpg,Person,294,33,313,95,640,360
frame_147_59.jpg,Person,366,78,398,177,640,360
frame_147_59.jpg,Person,269,59,285,134,640,360
frame_147_59.jpg,Person,302,70,334,160,640,360
frame_147_59.jpg,Person,283,42,301,112,640,360
frame_147_59.jpg,Person,329,69,357,168,640,360
frame_147_59.jpg,Person,332,41,360,108,640,360
frame_147_59.jpg,Person,294,33,313,94,640,360
frame_147_6.jpg,Person,309,53,337,127,640,360
frame_147_6.jpg,Person,273,51,302,134,640,360
frame_147_6.jpg,Person,366,79,398,177,640,360
frame_147_6.jpg,Person,333,52,356,130,640,360
frame_147_6.jpg,Person,289,33,314,94,640,360
frame_147_6.jpg,Person,265,46,282,112,640,360
frame_147_6.jpg,Person,340,40,357,88,640,360
frame_147_6.jpg,Person,340,40,355,66,640,360
frame_147_7.jpg,Person,366,79,398,177,640,360
frame_147_7.jpg,Person,274,53,302,135,640,360
frame_147_7.jpg,Person,309,54,336,128,640,360
frame_147_7.jpg,Person,333,51,357,130,640,360
frame_147_7.jpg,Person,289,33,314,94,640,360
frame_147_7.jpg,Person,265,46,282,112,640,360
frame_147_7.jpg,Person,340,40,357,86,640,360
frame_147_7.jpg,Person,340,40,355,64,640,360
frame_147_8.jpg,Person,366,79,398,177,640,360
frame_147_8.jpg,Person,274,51,302,134,640,360
frame_147_8.jpg,Person,309,55,338,129,640,360
frame_147_8.jpg,Person,334,51,357,130,640,360
frame_147_8.jpg,Person,289,33,314,94,640,360
frame_147_8.jpg,Person,265,46,282,112,640,360
frame_147_8.jpg,Person,341,40,355,64,640,360
frame_147_9.jpg,Person,333,51,358,130,640,360
frame_147_9.jpg,Person,274,51,302,134,640,360
frame_147_9.jpg,Person,309,54,337,128,640,360
frame_147_9.jpg,Person,289,33,314,95,640,360
frame_147_9.jpg,Person,365,79,398,177,640,360
frame_147_9.jpg,Person,265,46,282,112,640,360
frame_147_9.jpg,Person,341,39,355,62,640,360
frame_148_0.jpg,Person,153,192,215,258,480,360
frame_148_0.jpg,Person,261,126,297,207,480,360
frame_148_0.jpg,Person,336,207,399,297,480,360
frame_148_1.jpg,Person,153,192,215,258,480,360
frame_148_1.jpg,Person,261,126,297,208,480,360
frame_148_1.jpg,Person,336,208,400,297,480,360
frame_148_10.jpg,Person,261,126,297,208,480,360
frame_148_10.jpg,Person,154,192,215,257,480,360
frame_148_10.jpg,Person,335,207,399,290,480,360
frame_148_11.jpg,Person,260,126,297,208,480,360
frame_148_11.jpg,Person,153,191,214,256,480,360
frame_148_11.jpg,Person,335,207,399,290,480,360
frame_148_12.jpg,Person,260,126,297,208,480,360
frame_148_12.jpg,Person,153,192,214,257,480,360
frame_148_12.jpg,Person,332,207,398,288,480,360
frame_148_13.jpg,Person,260,126,297,207,480,360
frame_148_13.jpg,Person,153,192,214,257,480,360
frame_148_13.jpg,Person,333,208,398,289,480,360
frame_148_14.jpg,Person,260,126,297,207,480,360
frame_148_14.jpg,Person,153,192,214,257,480,360
frame_148_14.jpg,Person,331,207,398,288,480,360
frame_148_15.jpg,Person,260,126,297,207,480,360
frame_148_15.jpg,Person,153,192,214,257,480,360
frame_148_15.jpg,Person,331,207,398,288,480,360
frame_148_16.jpg,Person,260,126,297,207,480,360
frame_148_16.jpg,Person,330,207,398,288,480,360
frame_148_16.jpg,Person,153,192,214,257,480,360
frame_148_17.jpg,Person,260,126,297,207,480,360
frame_148_17.jpg,Person,153,192,215,257,480,360
frame_148_17.jpg,Person,330,207,398,288,480,360
frame_148_18.jpg,Person,261,126,297,207,480,360
frame_148_18.jpg,Person,153,192,214,257,480,360
frame_148_18.jpg,Person,330,208,398,288,480,360
frame_105_17.jpg,Person,291,247,336,347,640,360
frame_105_17.jpg,Person,191,130,214,194,640,360
frame_105_17.jpg,Person,0,223,20,311,640,360
frame_105_17.jpg,Person,193,234,235,308,640,360
frame_105_17.jpg,Person,191,327,238,359,640,360
frame_105_17.jpg,Person,327,174,349,245,640,360
frame_105_17.jpg,Person,438,138,466,205,640,360
frame_105_17.jpg,Person,243,163,271,235,640,360
frame_105_17.jpg,Person,282,128,299,199,640,360
frame_105_17.jpg,Person,101,238,143,338,640,360
frame_105_17.jpg,Person,509,229,549,302,640,360
frame_105_17.jpg,Person,572,188,602,251,640,360
frame_105_17.jpg,Person,42,22,63,81,640,360
frame_105_17.jpg,Person,100,184,130,223,640,360
frame_105_17.jpg,Person,149,147,174,205,640,360
frame_105_17.jpg,Person,367,98,385,149,640,360
frame_105_18.jpg,Person,292,248,337,347,640,360
frame_105_18.jpg,Person,192,235,234,323,640,360
frame_105_18.jpg,Person,0,222,18,311,640,360
frame_105_18.jpg,Person,325,174,348,257,640,360
frame_105_18.jpg,Person,192,131,218,196,640,360
frame_105_18.jpg,Person,511,231,548,307,640,360
frame_105_18.jpg,Person,101,236,130,304,640,360
frame_105_18.jpg,Person,196,327,238,359,640,360
frame_105_18.jpg,Person,442,139,468,207,640,360
frame_105_18.jpg,Person,244,164,271,236,640,360
frame_105_18.jpg,Person,572,188,603,251,640,360
frame_105_18.jpg,Person,42,23,63,82,640,360
frame_105_18.jpg,Person,281,128,298,199,640,360
frame_105_18.jpg,Person,98,184,135,256,640,360
frame_105_18.jpg,Person,147,149,170,211,640,360
frame_105_18.jpg,Person,100,236,142,338,640,360
frame_105_19.jpg,Person,292,248,339,347,640,360
frame_105_19.jpg,Person,191,235,233,320,640,360
frame_105_19.jpg,Person,512,232,548,308,640,360
frame_105_19.jpg,Person,192,131,221,198,640,360
frame_105_19.jpg,Person,100,235,129,305,640,360
frame_105_19.jpg,Person,573,190,604,252,640,360
frame_105_19.jpg,Person,244,163,271,235,640,360
frame_105_19.jpg,Person,193,327,238,359,640,360
frame_105_19.jpg,Person,325,174,348,255,640,360
frame_105_19.jpg,Person,443,140,469,207,640,360
frame_105_19.jpg,Person,42,22,63,81,640,360
frame_105_19.jpg,Person,0,223,17,312,640,360
frame_105_19.jpg,Person,98,185,127,226,640,360
frame_105_19.jpg,Person,282,128,300,199,640,360
frame_105_19.jpg,Person,145,149,174,206,640,360
frame_105_19.jpg,Person,369,99,388,149,640,360
frame_105_19.jpg,Person,538,167,552,206,640,360
frame_105_2.jpg,Person,289,241,334,341,640,360
frame_105_2.jpg,Person,187,124,207,185,640,360
frame_105_2.jpg,Person,431,140,458,207,640,360
frame_105_2.jpg,Person,572,194,602,252,640,360
frame_105_2.jpg,Person,326,155,351,238,640,360
frame_105_2.jpg,Person,105,185,137,257,640,360
frame_105_2.jpg,Person,165,139,193,203,640,360
frame_105_2.jpg,Person,105,247,131,305,640,360
frame_105_2.jpg,Person,230,168,263,240,640,360
frame_105_2.jpg,Person,271,125,297,191,640,360
frame_105_2.jpg,Person,189,327,239,359,640,360
frame_105_2.jpg,Person,224,236,259,298,640,360
frame_105_2.jpg,Person,0,193,40,286,640,360
frame_105_2.jpg,Person,537,166,551,201,640,360
frame_105_2.jpg,Person,43,22,63,81,640,360
frame_105_2.jpg,Person,359,98,376,149,640,360
frame_105_2.jpg,Person,534,196,551,243,640,360
frame_105_20.jpg,Person,295,248,340,347,640,360
frame_105_20.jpg,Person,189,235,232,326,640,360
frame_105_20.jpg,Person,513,234,549,308,640,360
frame_105_20.jpg,Person,194,132,222,199,640,360
frame_105_20.jpg,Person,324,176,348,256,640,360
frame_105_20.jpg,Person,100,234,129,299,640,360
frame_105_20.jpg,Person,97,185,137,256,640,360
frame_105_20.jpg,Person,193,327,238,359,640,360
frame_105_20.jpg,Person,446,139,469,208,640,360
frame_105_20.jpg,Person,245,162,271,235,640,360
frame_105_20.jpg,Person,139,149,167,218,640,360
frame_105_20.jpg,Person,0,223,16,311,640,360
frame_105_20.jpg,Person,573,190,604,252,640,360
frame_105_20.jpg,Person,42,22,63,81,640,360
frame_105_20.jpg,Person,282,129,300,200,640,360
frame_105_20.jpg,Person,370,99,388,148,640,360
frame_105_20.jpg,Person,538,166,551,205,640,360
frame_105_21.jpg,Person,296,250,341,348,640,360
frame_105_21.jpg,Person,188,238,232,327,640,360
frame_105_21.jpg,Person,513,236,549,310,640,360
frame_105_21.jpg,Person,323,177,347,255,640,360
frame_105_21.jpg,Person,100,232,129,300,640,360
frame_105_21.jpg,Person,244,162,269,235,640,360
frame_105_21.jpg,Person,194,132,218,197,640,360
frame_105_21.jpg,Person,189,327,238,359,640,360
frame_105_21.jpg,Person,448,140,470,203,640,360
frame_105_21.jpg,Person,42,22,63,81,640,360
frame_105_21.jpg,Person,371,99,389,149,640,360
frame_105_21.jpg,Person,280,129,299,200,640,360
frame_105_21.jpg,Person,538,166,551,205,640,360
frame_105_21.jpg,Person,574,190,604,251,640,360
frame_105_21.jpg,Person,136,150,165,219,640,360
frame_105_21.jpg,Person,441,129,462,182,640,360
frame_105_22.jpg,Person,188,238,232,328,640,360
frame_105_22.jpg,Person,297,250,342,348,640,360
frame_105_22.jpg,Person,512,236,549,311,640,360
frame_105_22.jpg,Person,320,177,347,257,640,360
frame_105_22.jpg,Person,195,133,219,197,640,360
frame_105_22.jpg,Person,244,162,269,235,640,360
frame_105_22.jpg,Person,189,327,238,359,640,360
frame_105_22.jpg,Person,448,140,471,208,640,360
frame_105_22.jpg,Person,100,232,129,302,640,360
frame_105_22.jpg,Person,135,150,164,219,640,360
frame_105_22.jpg,Person,371,98,389,149,640,360
frame_105_22.jpg,Person,96,186,137,255,640,360
frame_105_22.jpg,Person,42,23,63,82,640,360
frame_105_22.jpg,Person,280,130,299,200,640,360
frame_105_22.jpg,Person,538,166,552,205,640,360
frame_105_22.jpg,Person,574,191,604,252,640,360
frame_105_23.jpg,Person,186,239,232,331,640,360
frame_105_23.jpg,Person,298,250,343,348,640,360
frame_105_23.jpg,Person,512,237,549,310,640,360
frame_105_23.jpg,Person,196,134,221,204,640,360
frame_105_23.jpg,Person,100,230,142,336,640,360
frame_105_23.jpg,Person,449,141,472,211,640,360
frame_105_23.jpg,Person,244,161,267,235,640,360
frame_105_23.jpg,Person,573,192,604,252,640,360
frame_105_23.jpg,Person,189,327,239,359,640,360
frame_105_23.jpg,Person,318,177,346,254,640,360
frame_105_23.jpg,Person,279,130,300,200,640,360
frame_105_23.jpg,Person,442,129,462,182,640,360
frame_105_23.jpg,Person,370,99,389,150,640,360
frame_105_23.jpg,Person,135,151,159,222,640,360
frame_105_23.jpg,Person,43,22,63,81,640,360
frame_105_23.jpg,Person,537,166,551,206,640,360
frame_105_23.jpg,Person,100,230,132,303,640,360
frame_105_24.jpg,Person,299,252,345,348,640,360
frame_105_24.jpg,Person,184,240,231,325,640,360
frame_105_24.jpg,Person,512,238,549,312,640,360
frame_105_24.jpg,Person,573,192,604,252,640,360
frame_105_24.jpg,Person,196,134,221,203,640,360
frame_105_24.jpg,Person,100,229,132,300,640,360
frame_105_24.jpg,Person,244,161,266,235,640,360
frame_105_24.jpg,Person,449,141,473,211,640,360
frame_105_24.jpg,Person,314,177,344,256,640,360
frame_105_24.jpg,Person,189,327,238,359,640,360
frame_105_24.jpg,Person,279,130,300,200,640,360
frame_105_24.jpg,Person,43,22,63,81,640,360
frame_105_24.jpg,Person,135,154,160,221,640,360
frame_105_24.jpg,Person,441,130,463,183,640,360
frame_105_24.jpg,Person,371,99,390,148,640,360
frame_105_24.jpg,Person,537,165,551,206,640,360
frame_105_24.jpg,Person,96,188,124,226,640,360
frame_105_25.jpg,Person,184,240,232,330,640,360
frame_105_25.jpg,Person,299,252,345,348,640,360
frame_105_25.jpg,Person,512,238,550,316,640,360
frame_105_25.jpg,Person,573,192,604,252,640,360
frame_105_25.jpg,Person,197,134,221,203,640,360
frame_105_25.jpg,Person,244,161,266,235,640,360
frame_105_25.jpg,Person,279,130,301,200,640,360
frame_105_25.jpg,Person,315,178,344,256,640,360
frame_105_25.jpg,Person,450,143,473,213,640,360
frame_105_25.jpg,Person,189,327,238,359,640,360
frame_105_25.jpg,Person,98,227,129,293,640,360
frame_105_25.jpg,Person,441,130,465,184,640,360
frame_105_25.jpg,Person,43,22,63,81,640,360
frame_105_25.jpg,Person,371,99,391,148,640,360
frame_105_25.jpg,Person,537,166,551,206,640,360
frame_105_25.jpg,Person,0,247,26,328,640,360
frame_105_26.jpg,Person,182,240,232,327,640,360
frame_105_26.jpg,Person,298,252,347,347,640,360
frame_105_26.jpg,Person,511,240,550,324,640,360
frame_105_26.jpg,Person,198,134,222,203,640,360
frame_105_26.jpg,Person,573,192,604,252,640,360
frame_105_26.jpg,Person,0,251,26,328,640,360
frame_105_26.jpg,Person,98,227,141,328,640,360
frame_105_26.jpg,Person,451,143,476,213,640,360
frame_105_26.jpg,Person,277,129,300,200,640,360
frame_105_26.jpg,Person,189,327,239,359,640,360
frame_105_26.jpg,Person,317,181,343,255,640,360
frame_105_26.jpg,Person,244,161,266,235,640,360
frame_105_26.jpg,Person,442,130,466,184,640,360
frame_105_26.jpg,Person,371,99,391,148,640,360
frame_105_26.jpg,Person,96,187,133,254,640,360
frame_105_26.jpg,Person,42,22,61,81,640,360
frame_105_26.jpg,Person,535,166,550,206,640,360
frame_105_27.jpg,Person,181,240,232,325,640,360
frame_105_27.jpg,Person,298,252,347,347,640,360
frame_105_27.jpg,Person,512,241,550,325,640,360
frame_105_27.jpg,Person,0,251,26,329,640,360
frame_105_27.jpg,Person,199,134,222,203,640,360
frame_105_27.jpg,Person,574,192,604,252,640,360
frame_105_27.jpg,Person,99,227,142,328,640,360
frame_105_27.jpg,Person,452,142,476,213,640,360
frame_105_27.jpg,Person,314,181,342,256,640,360
frame_105_27.jpg,Person,189,327,239,359,640,360
frame_105_27.jpg,Person,278,129,300,200,640,360
frame_105_27.jpg,Person,243,161,266,234,640,360
frame_105_27.jpg,Person,441,129,465,184,640,360
frame_105_27.jpg,Person,97,188,131,254,640,360
frame_105_27.jpg,Person,371,99,391,148,640,360
frame_105_27.jpg,Person,535,166,550,206,640,360
frame_105_27.jpg,Person,43,22,63,81,640,360
frame_105_27.jpg,Person,131,151,149,222,640,360
frame_105_28.jpg,Person,299,252,349,347,640,360
frame_105_28.jpg,Person,180,241,233,326,640,360
frame_105_28.jpg,Person,511,244,550,330,640,360
frame_105_28.jpg,Person,199,134,222,203,640,360
frame_105_28.jpg,Person,574,192,604,252,640,360
frame_105_28.jpg,Person,0,253,26,332,640,360
frame_105_28.jpg,Person,306,177,341,260,640,360
frame_105_28.jpg,Person,189,327,239,359,640,360
frame_105_28.jpg,Person,277,129,300,202,640,360
frame_105_28.jpg,Person,243,159,267,235,640,360
frame_105_28.jpg,Person,441,131,467,185,640,360
frame_105_28.jpg,Person,450,144,477,213,640,360
frame_105_28.jpg,Person,372,100,392,149,640,360
frame_105_28.jpg,Person,130,152,152,222,640,360
frame_105_28.jpg,Person,518,195,552,253,640,360
frame_105_28.jpg,Person,43,22,63,81,640,360
frame_105_29.jpg,Person,299,253,350,348,640,360
frame_105_29.jpg,Person,179,241,230,332,640,360
frame_105_29.jpg,Person,199,135,222,203,640,360
frame_105_29.jpg,Person,0,254,26,333,640,360
frame_105_29.jpg,Person,511,244,550,332,640,360
frame_105_29.jpg,Person,573,192,602,252,640,360
frame_105_29.jpg,Person,277,129,301,202,640,360
frame_105_29.jpg,Person,241,159,266,235,640,360
frame_105_29.jpg,Person,188,327,238,359,640,360
frame_105_29.jpg,Person,449,145,479,213,640,360
frame_105_29.jpg,Person,440,130,467,185,640,360
frame_105_29.jpg,Person,316,180,340,260,640,360
frame_105_29.jpg,Person,372,100,392,149,640,360
frame_105_29.jpg,Person,532,167,552,207,640,360
frame_105_29.jpg,Person,518,195,551,253,640,360
frame_105_29.jpg,Person,43,22,63,81,640,360
frame_105_29.jpg,Person,301,180,340,260,640,360
frame_105_29.jpg,Person,129,151,149,222,640,360
frame_105_3.jpg,Person,290,241,334,340,640,360
frame_105_3.jpg,Person,432,141,460,207,640,360
frame_105_3.jpg,Person,187,124,207,185,640,360
frame_105_3.jpg,Person,572,193,602,251,640,360
frame_105_3.jpg,Person,326,156,351,240,640,360
frame_105_3.jpg,Person,165,139,191,203,640,360
frame_105_3.jpg,Person,231,167,264,239,640,360
frame_105_3.jpg,Person,105,184,137,256,640,360
frame_105_3.jpg,Person,104,247,131,305,640,360
frame_105_3.jpg,Person,225,238,259,298,640,360
frame_105_3.jpg,Person,272,125,298,191,640,360
frame_105_3.jpg,Person,0,205,33,286,640,360
frame_105_3.jpg,Person,189,327,239,359,640,360
frame_105_3.jpg,Person,537,167,551,202,640,360
frame_105_3.jpg,Person,359,98,376,149,640,360
frame_105_3.jpg,Person,43,22,63,81,640,360
frame_105_3.jpg,Person,3,188,18,218,640,360
frame_105_3.jpg,Person,535,197,551,243,640,360
frame_105_30.jpg,Person,298,252,351,347,640,360
frame_105_30.jpg,Person,199,136,222,204,640,360
frame_105_30.jpg,Person,178,242,231,334,640,360
frame_105_30.jpg,Person,0,256,26,336,640,360
frame_105_30.jpg,Person,511,246,550,333,640,360
frame_105_30.jpg,Person,300,179,339,260,640,360
frame_105_30.jpg,Person,241,159,267,235,640,360
frame_105_30.jpg,Person,573,192,602,252,640,360
frame_105_30.jpg,Person,277,129,301,206,640,360
frame_105_30.jpg,Person,188,327,238,359,640,360
frame_105_30.jpg,Person,448,146,479,214,640,360
frame_105_30.jpg,Person,441,130,467,185,640,360
frame_105_30.jpg,Person,372,100,392,149,640,360
frame_105_30.jpg,Person,43,22,63,81,640,360
frame_105_30.jpg,Person,518,195,551,253,640,360
frame_105_31.jpg,Person,299,254,351,348,640,360
frame_105_31.jpg,Person,200,135,223,206,640,360
frame_105_31.jpg,Person,512,248,551,333,640,360
frame_105_31.jpg,Person,178,242,231,332,640,360
frame_105_31.jpg,Person,573,192,602,252,640,360
frame_105_31.jpg,Person,239,158,266,235,640,360
frame_105_31.jpg,Person,277,129,301,207,640,360
frame_105_31.jpg,Person,188,327,238,359,640,360
frame_105_31.jpg,Person,449,146,480,214,640,360
frame_105_31.jpg,Person,0,258,26,336,640,360
frame_105_31.jpg,Person,440,131,467,185,640,360
frame_105_31.jpg,Person,315,179,337,260,640,360
frame_105_31.jpg,Person,96,188,126,243,640,360
frame_105_31.jpg,Person,297,179,337,260,640,360
frame_105_31.jpg,Person,43,22,63,81,640,360
frame_105_31.jpg,Person,372,100,392,149,640,360
frame_105_32.jpg,Person,299,254,351,348,640,360
frame_105_32.jpg,Person,200,135,223,206,640,360
frame_105_32.jpg,Person,573,192,602,252,640,360
frame_105_32.jpg,Person,0,258,26,335,640,360
frame_105_32.jpg,Person,512,248,551,333,640,360
frame_105_32.jpg,Person,239,158,265,235,640,360
frame_105_32.jpg,Person,296,178,336,259,640,360
frame_105_32.jpg,Person,178,242,233,332,640,360
frame_105_32.jpg,Person,275,130,300,208,640,360
frame_105_32.jpg,Person,189,327,239,359,640,360
frame_105_32.jpg,Person,449,146,480,214,640,360
frame_105_32.jpg,Person,440,131,468,185,640,360
frame_105_32.jpg,Person,96,189,126,243,640,360
frame_105_32.jpg,Person,43,22,63,81,640,360
frame_105_32.jpg,Person,373,100,392,149,640,360
frame_105_33.jpg,Person,300,254,352,347,640,360
frame_105_33.jpg,Person,178,242,231,326,640,360
frame_105_33.jpg,Person,573,192,602,251,640,360
frame_105_33.jpg,Person,200,137,224,207,640,360
frame_105_33.jpg,Person,294,181,335,259,640,360
frame_105_33.jpg,Person,237,158,264,236,640,360
frame_105_33.jpg,Person,513,251,552,334,640,360
frame_105_33.jpg,Person,0,259,26,334,640,360
frame_105_33.jpg,Person,440,131,468,184,640,360
frame_105_33.jpg,Person,452,148,481,214,640,360
frame_105_33.jpg,Person,189,327,239,359,640,360
frame_105_33.jpg,Person,274,133,299,206,640,360
frame_105_33.jpg,Person,95,190,124,242,640,360
frame_105_33.jpg,Person,122,158,148,223,640,360
frame_105_33.jpg,Person,43,22,63,81,640,360
frame_105_34.jpg,Person,300,255,351,348,640,360
frame_105_34.jpg,Person,450,148,481,214,640,360
frame_105_34.jpg,Person,573,192,602,252,640,360
frame_105_34.jpg,Person,200,138,224,208,640,360
frame_105_34.jpg,Person,178,242,231,326,640,360
frame_105_34.jpg,Person,236,158,263,235,640,360
frame_105_34.jpg,Person,294,179,335,258,640,360
frame_105_34.jpg,Person,0,259,26,334,640,360
frame_105_34.jpg,Person,513,252,553,336,640,360
frame_105_34.jpg,Person,273,134,299,207,640,360
frame_105_34.jpg,Person,189,327,239,359,640,360
frame_105_34.jpg,Person,440,132,468,186,640,360
frame_105_34.jpg,Person,95,190,124,241,640,360
frame_105_34.jpg,Person,523,195,560,254,640,360
frame_105_34.jpg,Person,241,139,255,173,640,360
frame_105_34.jpg,Person,43,22,63,81,640,360
frame_117_31.jpg,Person,12,196,223,569,1280,720
frame_117_31.jpg,Person,481,163,657,314,1280,720
frame_117_31.jpg,Person,310,260,546,569,1280,720
frame_117_31.jpg,Person,758,188,911,299,1280,720
frame_117_49.jpg,Person,17,199,220,570,1280,720
frame_117_49.jpg,Person,449,162,623,307,1280,720
frame_117_49.jpg,Person,192,279,446,570,1280,720
frame_117_49.jpg,Person,773,193,916,298,1280,720
frame_117_49.jpg,Person,0,309,98,705,1280,720
frame_118_19.jpg,Person,483,134,660,370,1280,720
frame_118_41.jpg,Person,442,129,612,374,1280,720
frame_119_10.jpg,Person,13,129,140,469,1280,720
frame_119_39.jpg,Person,1,315,276,712,1280,720
frame_119_54.jpg,Person,110,507,438,718,1280,720
frame_11_2.jpg,Person,1216,193,1485,703,1920,1080
frame_11_2.jpg,Person,880,216,1129,786,1920,1080
frame_11_36.jpg,Person,1108,437,1417,1070,1920,1080
frame_11_36.jpg,Person,905,263,1165,645,1920,1080
frame_11_7.jpg,Person,876,214,1151,786,1920,1080
frame_11_7.jpg,Person,1206,191,1478,705,1920,1080
frame_121_10.jpg,Person,448,222,604,639,1280,720
frame_121_30.jpg,Person,460,226,591,638,1280,720
frame_121_49.jpg,Person,459,225,587,639,1280,720
frame_122_21.jpg,Person,371,22,636,592,1280,720
frame_122_21.jpg,Person,0,104,51,269,1280,720
frame_122_21.jpg,Person,0,103,50,398,1280,720
frame_122_37.jpg,Person,329,26,612,566,1280,720
frame_122_37.jpg,Person,0,145,90,541,1280,720
frame_122_56.jpg,Person,304,19,590,566,1280,720
frame_122_56.jpg,Person,153,199,323,654,1280,720
frame_122_56.jpg,Person,0,73,46,287,1280,720
frame_123_20.jpg,Person,333,188,593,713,1280,720
frame_123_20.jpg,Person,550,178,741,447,1280,720
frame_123_40.jpg,Person,384,258,621,714,1280,720
frame_123_40.jpg,Person,597,176,742,446,1280,720
frame_123_57.jpg,Person,385,250,638,714,1280,720
frame_123_57.jpg,Person,500,170,709,445,1280,720
frame_123_57.jpg,Person,586,171,709,448,1280,720
frame_5_14.jpg,Person,146,121,262,236,426,240
frame_5_15.jpg,Person,142,121,268,236,426,240
frame_5_16.jpg,Person,139,122,265,236,426,240
frame_5_17.jpg,Person,137,122,266,236,426,240
frame_5_18.jpg,Person,136,122,263,236,426,240
frame_5_19.jpg,Person,126,123,264,237,426,240
frame_5_2.jpg,Person,161,121,282,236,426,240
frame_5_20.jpg,Person,125,125,251,236,426,240
frame_5_21.jpg,Person,121,126,246,236,426,240
frame_5_22.jpg,Person,122,127,250,237,426,240
frame_5_23.jpg,Person,115,126,248,236,426,240
frame_5_24.jpg,Person,110,125,249,236,426,240
frame_5_25.jpg,Person,106,124,248,236,426,240
frame_5_26.jpg,Person,101,123,250,236,426,240
frame_5_27.jpg,Person,101,122,248,235,426,240
frame_5_28.jpg,Person,95,123,248,236,426,240
frame_5_29.jpg,Person,95,123,248,236,426,240
frame_5_3.jpg,Person,159,120,280,236,426,240
frame_5_30.jpg,Person,97,126,248,236,426,240
frame_5_31.jpg,Person,97,126,249,236,426,240
frame_5_32.jpg,Person,97,126,246,236,426,240
frame_29_23.jpg,Person,289,0,334,95,640,360
frame_29_24.jpg,Person,294,0,342,99,640,360
frame_29_24.jpg,Person,225,0,245,61,640,360
frame_29_25.jpg,Person,300,0,349,100,640,360
frame_29_25.jpg,Person,225,1,249,64,640,360
frame_29_26.jpg,Person,311,0,366,111,640,360
frame_29_27.jpg,Person,324,1,372,117,640,360
frame_29_28.jpg,Person,331,3,377,118,640,360
frame_29_28.jpg,Person,235,0,262,64,640,360
frame_29_29.jpg,Person,338,4,381,117,640,360
frame_29_29.jpg,Person,237,0,263,64,640,360
frame_53_40.jpg,Person,825,384,1030,717,1280,720
frame_53_40.jpg,Person,554,232,878,712,1280,720
frame_53_40.jpg,Person,204,490,464,717,1280,720
frame_53_40.jpg,Person,217,158,421,618,1280,720
frame_53_40.jpg,Person,146,91,307,551,1280,720
frame_53_40.jpg,Person,0,171,209,714,1280,720
frame_53_40.jpg,Person,77,48,197,359,1280,720
frame_53_40.jpg,Person,303,81,370,163,1280,720
frame_53_41.jpg,Person,825,383,1030,716,1280,720
frame_53_41.jpg,Person,548,232,878,712,1280,720
frame_53_41.jpg,Person,204,491,463,717,1280,720
frame_53_41.jpg,Person,217,160,422,616,1280,720
frame_53_41.jpg,Person,0,180,209,714,1280,720
frame_53_41.jpg,Person,147,91,309,580,1280,720
frame_53_41.jpg,Person,78,49,197,361,1280,720
frame_53_41.jpg,Person,303,81,370,166,1280,720
frame_53_41.jpg,Person,301,81,410,339,1280,720
frame_53_42.jpg,Person,826,383,1030,717,1280,720
frame_53_42.jpg,Person,548,233,878,712,1280,720
frame_53_42.jpg,Person,204,491,463,717,1280,720
frame_53_42.jpg,Person,218,162,422,614,1280,720
frame_53_42.jpg,Person,37,337,211,716,1280,720
frame_53_42.jpg,Person,146,91,309,576,1280,720
frame_53_42.jpg,Person,77,49,198,361,1280,720
frame_53_42.jpg,Person,304,81,410,338,1280,720
frame_53_42.jpg,Person,306,82,372,168,1280,720
frame_53_42.jpg,Person,0,458,61,716,1280,720
frame_53_43.jpg,Person,824,383,1029,717,1280,720
frame_53_43.jpg,Person,546,233,877,713,1280,720
frame_53_43.jpg,Person,203,491,462,716,1280,720
frame_53_43.jpg,Person,217,162,421,613,1280,720
frame_53_43.jpg,Person,37,338,209,716,1280,720
frame_53_43.jpg,Person,148,93,310,541,1280,720
frame_53_43.jpg,Person,79,49,199,363,1280,720
frame_53_43.jpg,Person,304,81,410,339,1280,720
frame_53_43.jpg,Person,0,462,62,715,1280,720
frame_53_43.jpg,Person,305,82,372,170,1280,720
frame_53_44.jpg,Person,548,234,878,712,1280,720
frame_53_44.jpg,Person,824,383,1029,717,1280,720
frame_53_44.jpg,Person,202,492,462,716,1280,720
frame_53_44.jpg,Person,213,162,420,616,1280,720
frame_53_44.jpg,Person,148,93,309,530,1280,720
frame_53_44.jpg,Person,37,341,210,716,1280,720
frame_53_44.jpg,Person,79,49,207,360,1280,720
frame_53_44.jpg,Person,302,83,410,345,1280,720
frame_53_44.jpg,Person,0,467,61,715,1280,720
frame_53_44.jpg,Person,303,82,372,171,1280,720
frame_53_44.jpg,Person,0,130,208,713,1280,720
frame_53_45.jpg,Person,537,235,877,710,1280,720
frame_53_45.jpg,Person,823,385,1030,717,1280,720
frame_53_45.jpg,Person,200,493,461,716,1280,720
frame_53_45.jpg,Person,216,160,421,613,1280,720
frame_53_45.jpg,Person,38,337,211,716,1280,720
frame_53_45.jpg,Person,149,94,313,533,1280,720
frame_53_45.jpg,Person,81,48,202,361,1280,720
frame_53_45.jpg,Person,305,84,373,172,1280,720
frame_53_45.jpg,Person,0,463,60,714,1280,720
frame_53_45.jpg,Person,304,85,410,341,1280,720
frame_53_46.jpg,Person,539,237,876,711,1280,720
frame_53_46.jpg,Person,823,385,1031,716,1280,720
frame_53_46.jpg,Person,200,495,461,717,1280,720
frame_53_46.jpg,Person,216,162,417,614,1280,720
frame_53_46.jpg,Person,41,333,208,716,1280,720
frame_53_46.jpg,Person,151,94,312,531,1280,720
frame_53_46.jpg,Person,80,49,218,363,1280,720
frame_53_46.jpg,Person,303,84,374,174,1280,720
frame_53_46.jpg,Person,0,469,62,716,1280,720
frame_53_46.jpg,Person,0,138,92,532,1280,720
frame_53_47.jpg,Person,544,238,877,707,1280,720
frame_53_47.jpg,Person,823,387,1031,717,1280,720
frame_53_47.jpg,Person,217,162,416,614,1280,720
frame_53_47.jpg,Person,199,495,461,716,1280,720
frame_53_47.jpg,Person,41,333,207,716,1280,720
frame_53_47.jpg,Person,153,95,313,531,1280,720
frame_53_47.jpg,Person,82,48,236,365,1280,720
frame_53_47.jpg,Person,0,136,96,527,1280,720
frame_53_47.jpg,Person,302,84,375,175,1280,720
frame_53_47.jpg,Person,0,460,56,715,1280,720
frame_53_48.jpg,Person,546,240,877,702,1280,720
frame_53_48.jpg,Person,823,386,1030,716,1280,720
frame_53_48.jpg,Person,211,163,416,614,1280,720
frame_53_48.jpg,Person,41,335,208,716,1280,720
frame_53_48.jpg,Person,197,496,459,717,1280,720
frame_53_48.jpg,Person,153,95,313,531,1280,720
frame_53_48.jpg,Person,81,50,237,366,1280,720
frame_53_48.jpg,Person,305,85,374,176,1280,720
frame_53_48.jpg,Person,0,137,97,530,1280,720
frame_53_48.jpg,Person,0,462,56,716,1280,720
frame_53_49.jpg,Person,546,239,877,706,1280,720
frame_53_49.jpg,Person,820,388,1029,716,1280,720
frame_53_49.jpg,Person,215,165,412,611,1280,720
frame_53_49.jpg,Person,41,338,209,716,1280,720
frame_53_49.jpg,Person,194,498,457,718,1280,720
frame_53_49.jpg,Person,154,95,316,531,1280,720
frame_53_49.jpg,Person,0,136,96,534,1280,720
frame_53_49.jpg,Person,80,50,236,368,1280,720
frame_53_49.jpg,Person,306,86,375,175,1280,720
frame_53_49.jpg,Person,0,468,62,716,1280,720
frame_53_49.jpg,Person,305,86,411,339,1280,720
frame_53_5.jpg,Person,672,245,883,714,1280,720
frame_53_5.jpg,Person,831,389,1029,717,1280,720
frame_53_5.jpg,Person,16,332,204,716,1280,720
frame_53_5.jpg,Person,209,143,447,640,1280,720
frame_53_5.jpg,Person,85,58,213,538,1280,720
frame_53_5.jpg,Person,153,98,297,502,1280,720
frame_53_5.jpg,Person,292,83,353,147,1280,720
frame_53_6.jpg,Person,676,244,883,713,1280,720
frame_53_6.jpg,Person,13,330,202,716,1280,720
frame_53_6.jpg,Person,83,58,210,536,1280,720
frame_53_6.jpg,Person,209,144,445,638,1280,720
frame_53_6.jpg,Person,847,390,1028,712,1280,720
frame_53_6.jpg,Person,152,97,299,504,1280,720
frame_53_6.jpg,Person,296,84,360,150,1280,720
frame_53_6.jpg,Person,153,97,299,684,1280,720
frame_53_6.jpg,Person,0,157,114,517,1280,720
frame_53_7.jpg,Person,677,244,883,713,1280,720
frame_53_7.jpg,Person,12,331,203,715,1280,720
frame_53_7.jpg,Person,86,59,209,537,1280,720
frame_53_7.jpg,Person,199,141,440,681,1280,720
frame_53_7.jpg,Person,804,388,1029,713,1280,720
frame_53_7.jpg,Person,153,98,301,504,1280,720
frame_53_7.jpg,Person,153,97,303,691,1280,720
frame_53_7.jpg,Person,296,83,362,150,1280,720
frame_53_7.jpg,Person,0,157,116,442,1280,720
frame_53_8.jpg,Person,677,243,881,712,1280,720
frame_53_8.jpg,Person,16,333,202,717,1280,720
frame_53_8.jpg,Person,192,146,401,716,1280,720
frame_53_8.jpg,Person,87,56,212,539,1280,720
frame_53_8.jpg,Person,152,101,306,499,1280,720
frame_53_8.jpg,Person,853,390,1028,712,1280,720
frame_53_8.jpg,Person,0,160,116,445,1280,720
frame_53_8.jpg,Person,300,84,363,151,1280,720
frame_53_9.jpg,Person,679,244,880,711,1280,720
frame_53_9.jpg,Person,2,328,202,716,1280,720
frame_53_9.jpg,Person,194,146,403,717,1280,720
frame_53_9.jpg,Person,89,59,209,538,1280,720
frame_53_9.jpg,Person,152,101,308,503,1280,720
frame_53_9.jpg,Person,853,390,1029,714,1280,720
frame_53_9.jpg,Person,0,161,116,463,1280,720
frame_53_9.jpg,Person,303,85,365,153,1280,720
frame_53_9.jpg,Person,152,101,311,709,1280,720
frame_54_0.jpg,Person,0,130,64,567,1280,720
frame_54_0.jpg,Person,110,19,201,333,1280,720
frame_54_0.jpg,Person,165,40,248,367,1280,720
frame_54_1.jpg,Person,0,129,64,568,1280,720
frame_54_1.jpg,Person,110,19,201,333,1280,720
frame_54_1.jpg,Person,165,39,248,367,1280,720
frame_54_10.jpg,Person,0,96,76,562,1280,720
frame_54_10.jpg,Person,108,10,240,392,1280,720
frame_54_11.jpg,Person,0,93,76,561,1280,720
frame_54_11.jpg,Person,107,5,222,393,1280,720
frame_54_12.jpg,Person,0,84,75,561,1280,720
frame_54_12.jpg,Person,108,2,248,397,1280,720
frame_54_13.jpg,Person,108,3,252,406,1280,720
frame_54_13.jpg,Person,0,84,74,562,1280,720
frame_54_14.jpg,Person,0,81,72,562,1280,720
frame_54_14.jpg,Person,109,4,253,416,1280,720
frame_54_15.jpg,Person,0,80,72,561,1280,720
frame_54_15.jpg,Person,112,4,253,422,1280,720
frame_54_16.jpg,Person,0,78,76,559,1280,720
frame_54_16.jpg,Person,113,8,253,421,1280,720
frame_54_16.jpg,Person,108,7,166,332,1280,720
frame_54_17.jpg,Person,117,14,253,422,1280,720
frame_54_17.jpg,Person,0,79,76,558,1280,720
frame_54_17.jpg,Person,108,14,163,332,1280,720
frame_54_18.jpg,Person,114,13,253,423,1280,720
frame_54_18.jpg,Person,0,79,78,556,1280,720
frame_54_19.jpg,Person,120,14,254,423,1280,720
frame_54_19.jpg,Person,0,79,76,555,1280,720
frame_54_19.jpg,Person,110,7,175,333,1280,720
frame_36_24.jpg,Person,411,69,473,248,640,360
frame_36_24.jpg,Person,466,79,507,231,640,360
frame_36_24.jpg,Person,397,72,431,185,640,360
frame_36_24.jpg,Person,302,46,319,71,640,360
frame_36_24.jpg,Person,404,38,420,76,640,360
frame_36_24.jpg,Person,422,33,438,72,640,360
frame_36_25.jpg,Person,411,69,472,248,640,360
frame_36_25.jpg,Person,396,72,430,185,640,360
frame_36_25.jpg,Person,466,77,507,230,640,360
frame_36_25.jpg,Person,302,46,319,71,640,360
frame_36_25.jpg,Person,402,38,419,76,640,360
frame_36_25.jpg,Person,422,33,438,72,640,360
frame_36_26.jpg,Person,411,69,473,247,640,360
frame_36_26.jpg,Person,466,82,507,229,640,360
frame_36_26.jpg,Person,396,72,430,186,640,360
frame_36_26.jpg,Person,302,46,319,71,640,360
frame_36_26.jpg,Person,403,38,420,76,640,360
frame_36_26.jpg,Person,422,33,438,73,640,360
frame_36_27.jpg,Person,411,69,472,248,640,360
frame_36_27.jpg,Person,466,82,507,229,640,360
frame_36_27.jpg,Person,396,73,429,185,640,360
frame_36_27.jpg,Person,302,46,319,71,640,360
frame_36_27.jpg,Person,403,38,421,76,640,360
frame_36_27.jpg,Person,422,33,438,73,640,360
frame_36_28.jpg,Person,421,68,473,245,640,360
frame_36_28.jpg,Person,397,72,432,185,640,360
frame_36_28.jpg,Person,466,82,507,230,640,360
frame_36_28.jpg,Person,303,46,321,71,640,360
frame_36_28.jpg,Person,405,38,420,75,640,360
frame_36_28.jpg,Person,422,34,438,76,640,360
frame_36_29.jpg,Person,397,73,434,184,640,360
frame_36_29.jpg,Person,466,88,507,230,640,360
frame_36_29.jpg,Person,424,69,474,241,640,360
frame_36_29.jpg,Person,303,46,320,71,640,360
frame_36_29.jpg,Person,405,38,421,75,640,360
frame_36_3.jpg,Person,337,76,431,249,640,360
frame_36_3.jpg,Person,377,78,420,198,640,360
frame_36_3.jpg,Person,280,47,300,91,640,360
frame_36_3.jpg,Person,416,40,431,77,640,360
frame_36_3.jpg,Person,400,46,413,80,640,360
frame_36_3.jpg,Person,415,24,430,46,640,360
frame_36_30.jpg,Person,398,73,434,185,640,360
frame_36_30.jpg,Person,424,68,473,241,640,360
frame_36_30.jpg,Person,466,89,507,230,640,360
frame_36_30.jpg,Person,406,38,422,75,640,360
frame_36_30.jpg,Person,303,45,320,70,640,360
frame_36_30.jpg,Person,423,34,439,75,640,360
frame_36_31.jpg,Person,397,71,434,184,640,360
frame_36_31.jpg,Person,427,67,476,242,640,360
frame_36_31.jpg,Person,467,91,508,230,640,360
frame_36_31.jpg,Person,304,46,322,71,640,360
frame_36_32.jpg,Person,398,71,434,184,640,360
frame_36_32.jpg,Person,428,66,476,241,640,360
frame_36_32.jpg,Person,467,90,508,230,640,360
frame_36_32.jpg,Person,304,46,322,71,640,360
frame_36_33.jpg,Person,435,66,492,247,640,360
frame_36_33.jpg,Person,398,69,439,177,640,360
frame_36_33.jpg,Person,467,90,508,229,640,360
frame_36_33.jpg,Person,307,46,320,71,640,360
frame_36_33.jpg,Person,425,32,441,77,640,360
frame_36_34.jpg,Person,435,66,491,247,640,360
frame_36_34.jpg,Person,399,69,439,177,640,360
frame_36_34.jpg,Person,424,32,441,77,640,360
frame_36_34.jpg,Person,308,47,320,73,640,360
frame_36_35.jpg,Person,435,66,491,247,640,360
frame_36_35.jpg,Person,398,69,438,177,640,360
frame_36_35.jpg,Person,424,32,440,77,640,360
frame_36_36.jpg,Person,399,69,440,175,640,360
frame_36_36.jpg,Person,436,67,485,241,640,360
frame_36_36.jpg,Person,468,90,508,246,640,360
frame_36_36.jpg,Person,426,33,441,77,640,360
frame_36_37.jpg,Person,399,69,439,175,640,360
frame_36_37.jpg,Person,437,67,481,241,640,360
frame_36_37.jpg,Person,468,89,508,246,640,360
frame_36_37.jpg,Person,425,32,441,77,640,360
frame_36_38.jpg,Person,398,69,441,175,640,360
frame_36_38.jpg,Person,436,66,481,241,640,360
frame_36_38.jpg,Person,466,85,508,246,640,360
frame_36_38.jpg,Person,426,32,441,77,640,360
frame_36_39.jpg,Person,398,69,441,175,640,360
frame_36_39.jpg,Person,437,67,480,242,640,360
frame_36_39.jpg,Person,466,81,508,242,640,360
frame_36_39.jpg,Person,437,66,501,244,640,360
frame_36_39.jpg,Person,427,33,440,76,640,360
frame_36_4.jpg,Person,337,86,433,250,640,360
frame_36_4.jpg,Person,381,78,424,187,640,360
frame_36_4.jpg,Person,281,47,301,89,640,360
frame_36_4.jpg,Person,415,39,431,78,640,360
frame_36_4.jpg,Person,415,24,430,45,640,360
frame_36_4.jpg,Person,465,82,505,229,640,360
frame_36_4.jpg,Person,400,45,414,82,640,360
frame_36_40.jpg,Person,398,69,441,175,640,360
frame_36_40.jpg,Person,437,66,499,244,640,360
frame_36_40.jpg,Person,466,84,507,240,640,360
frame_36_40.jpg,Person,427,33,440,77,640,360
frame_36_41.jpg,Person,399,70,442,174,640,360
frame_36_41.jpg,Person,442,66,502,247,640,360
frame_36_41.jpg,Person,429,32,442,76,640,360
frame_36_41.jpg,Person,470,87,507,230,640,360
frame_36_41.jpg,Person,412,37,428,71,640,360
frame_36_41.jpg,Person,313,44,332,71,640,360
frame_36_42.jpg,Person,442,66,502,247,640,360
frame_36_42.jpg,Person,398,70,441,175,640,360
frame_36_42.jpg,Person,429,32,442,76,640,360
frame_36_42.jpg,Person,411,36,428,70,640,360
frame_36_42.jpg,Person,312,45,331,73,640,360
frame_36_43.jpg,Person,442,66,502,247,640,360
frame_36_43.jpg,Person,398,69,442,174,640,360
frame_36_43.jpg,Person,429,32,442,76,640,360
frame_36_43.jpg,Person,412,37,428,71,640,360
frame_36_43.jpg,Person,312,44,332,73,640,360
frame_36_43.jpg,Person,469,88,508,229,640,360
frame_36_44.jpg,Person,442,67,504,247,640,360
frame_36_44.jpg,Person,401,68,443,174,640,360
frame_36_44.jpg,Person,429,32,444,75,640,360
frame_36_44.jpg,Person,313,44,332,73,640,360
frame_36_44.jpg,Person,410,36,427,67,640,360
frame_36_45.jpg,Person,442,66,503,247,640,360
frame_36_45.jpg,Person,402,69,443,174,640,360
frame_36_45.jpg,Person,311,44,332,74,640,360
frame_36_45.jpg,Person,429,32,444,76,640,360
frame_36_45.jpg,Person,410,36,427,68,640,360
frame_36_46.jpg,Person,442,66,502,247,640,360
frame_36_46.jpg,Person,404,69,443,173,640,360
frame_36_46.jpg,Person,312,45,334,75,640,360
frame_36_46.jpg,Person,430,32,446,75,640,360
frame_36_46.jpg,Person,472,88,507,230,640,360
frame_36_46.jpg,Person,410,36,427,65,640,360
frame_36_47.jpg,Person,442,66,502,247,640,360
frame_36_47.jpg,Person,404,69,443,174,640,360
frame_36_47.jpg,Person,312,45,334,75,640,360
frame_36_47.jpg,Person,430,32,446,76,640,360
frame_36_47.jpg,Person,410,37,427,65,640,360
frame_36_47.jpg,Person,473,88,507,230,640,360
frame_36_48.jpg,Person,441,66,502,247,640,360
frame_36_48.jpg,Person,404,69,445,174,640,360
frame_36_48.jpg,Person,312,44,334,74,640,360
frame_36_48.jpg,Person,431,32,446,76,640,360
frame_36_48.jpg,Person,412,37,428,67,640,360
frame_36_49.jpg,Person,442,67,504,247,640,360
frame_36_49.jpg,Person,404,68,447,172,640,360
frame_36_49.jpg,Person,313,44,335,74,640,360
frame_36_49.jpg,Person,431,32,446,72,640,360
frame_36_49.jpg,Person,412,37,428,65,640,360
frame_36_5.jpg,Person,337,84,433,250,640,360
frame_36_5.jpg,Person,382,79,425,188,640,360
frame_36_5.jpg,Person,416,40,432,78,640,360
frame_36_5.jpg,Person,281,47,301,90,640,360
frame_36_5.jpg,Person,400,44,414,83,640,360
frame_36_5.jpg,Person,415,24,430,45,640,360
frame_36_5.jpg,Person,465,80,506,229,640,360
frame_36_6.jpg,Person,343,75,434,250,640,360
frame_36_6.jpg,Person,387,77,426,189,640,360
frame_36_6.jpg,Person,417,39,433,78,640,360
frame_36_6.jpg,Person,286,46,303,79,640,360
frame_36_6.jpg,Person,416,24,432,44,640,360
frame_36_6.jpg,Person,466,80,507,229,640,360
frame_36_7.jpg,Person,342,75,433,250,640,360
frame_36_7.jpg,Person,387,77,426,188,640,360
frame_36_7.jpg,Person,466,79,505,228,640,360
frame_36_7.jpg,Person,417,39,432,78,640,360
frame_36_7.jpg,Person,285,47,303,90,640,360
frame_36_7.jpg,Person,416,24,432,44,640,360
frame_36_8.jpg,Person,353,72,436,249,640,360
frame_36_8.jpg,Person,395,76,430,185,640,360
frame_36_8.jpg,Person,291,47,305,71,640,360
frame_36_8.jpg,Person,416,40,434,78,640,360
frame_36_9.jpg,Person,352,72,435,249,640,360
frame_36_9.jpg,Person,392,77,430,185,640,360
frame_36_9.jpg,Person,292,46,306,70,640,360
frame_36_9.jpg,Person,420,41,433,78,640,360
frame_6_43.jpg,Person,96,153,162,308,640,360
frame_6_43.jpg,Person,295,110,338,208,640,360
frame_6_44.jpg,Person,95,153,162,308,640,360
frame_6_44.jpg,Person,295,109,343,208,640,360
frame_6_45.jpg,Person,98,151,162,308,640,360
frame_6_45.jpg,Person,304,109,340,207,640,360
frame_6_46.jpg,Person,98,151,162,308,640,360
frame_6_46.jpg,Person,303,109,340,207,640,360
frame_6_47.jpg,Person,100,151,162,308,640,360
frame_6_47.jpg,Person,313,108,344,199,640,360
frame_6_48.jpg,Person,100,151,162,309,640,360
frame_6_48.jpg,Person,313,108,345,201,640,360
frame_6_49.jpg,Person,102,151,162,309,640,360
frame_6_49.jpg,Person,322,108,347,201,640,360
frame_6_5.jpg,Person,33,168,104,325,640,360
frame_6_5.jpg,Person,216,114,262,223,640,360
frame_6_50.jpg,Person,103,151,163,309,640,360
frame_6_50.jpg,Person,322,108,347,201,640,360
frame_6_51.jpg,Person,105,149,162,308,640,360
frame_6_51.jpg,Person,326,108,352,201,640,360
frame_6_52.jpg,Person,105,149,163,308,640,360
frame_6_52.jpg,Person,326,108,352,201,640,360
frame_6_53.jpg,Person,107,149,174,309,640,360
frame_6_53.jpg,Person,326,109,356,201,640,360
frame_6_54.jpg,Person,107,149,174,309,640,360
frame_6_54.jpg,Person,326,108,356,201,640,360
frame_6_55.jpg,Person,109,149,174,309,640,360
frame_6_55.jpg,Person,326,110,360,201,640,360
frame_6_56.jpg,Person,109,149,174,309,640,360
frame_6_56.jpg,Person,326,109,360,200,640,360
frame_6_57.jpg,Person,111,148,174,309,640,360
frame_6_57.jpg,Person,327,111,364,201,640,360
frame_6_58.jpg,Person,112,147,176,308,640,360
frame_6_58.jpg,Person,327,111,364,201,640,360
frame_6_59.jpg,Person,115,147,175,309,640,360
frame_6_59.jpg,Person,344,111,367,158,640,360
frame_6_59.jpg,Person,329,111,368,198,640,360
frame_6_6.jpg,Person,34,168,104,326,640,360
frame_6_6.jpg,Person,216,114,261,223,640,360
frame_6_60.jpg,Person,114,147,175,309,640,360
frame_6_60.jpg,Person,329,112,368,199,640,360
frame_6_60.jpg,Person,344,111,367,158,640,360
frame_6_61.jpg,Person,117,145,175,308,640,360
frame_6_61.jpg,Person,348,111,371,155,640,360
frame_6_62.jpg,Person,117,145,175,308,640,360
frame_6_62.jpg,Person,346,111,372,158,640,360
frame_6_62.jpg,Person,350,111,371,145,640,360
frame_6_7.jpg,Person,36,168,104,326,640,360
frame_6_7.jpg,Person,216,115,263,221,640,360
frame_6_8.jpg,Person,35,167,103,327,640,360
frame_6_8.jpg,Person,217,115,272,220,640,360
frame_6_9.jpg,Person,38,167,104,327,640,360
frame_6_9.jpg,Person,219,114,268,219,640,360
frame_139_11.jpg,Person,497,72,739,509,1280,720
frame_139_12.jpg,Person,449,70,737,499,1280,720
frame_139_13.jpg,Person,443,70,737,500,1280,720
frame_139_16.jpg,Person,512,61,739,477,1280,720
frame_139_17.jpg,Person,512,60,740,475,1280,720
frame_139_2.jpg,Person,873,617,979,719,1280,720
frame_139_2.jpg,Person,500,72,731,514,1280,720
frame_139_24.jpg,Person,530,64,747,496,1280,720
frame_139_25.jpg,Person,531,65,747,496,1280,720
frame_139_26.jpg,Person,532,68,756,489,1280,720
frame_148_19.jpg,Person,261,126,297,207,480,360
frame_148_19.jpg,Person,330,208,398,288,480,360
frame_148_19.jpg,Person,153,192,214,257,480,360
frame_148_49.jpg,Person,261,126,297,207,480,360
frame_148_49.jpg,Person,155,192,215,258,480,360
frame_148_49.jpg,Person,328,212,396,278,480,360
frame_148_49.jpg,Person,325,107,356,165,480,360
frame_149_15.jpg,Person,201,107,235,228,480,360
frame_149_15.jpg,Person,331,111,399,250,480,360
frame_149_15.jpg,Person,261,103,309,221,480,360
frame_149_15.jpg,Person,1,184,108,336,480,360
frame_149_15.jpg,Person,226,253,434,334,480,360
frame_149_15.jpg,Person,226,253,342,318,480,360
frame_149_33.jpg,Person,204,109,236,228,480,360
frame_149_33.jpg,Person,332,111,390,251,480,360
frame_149_33.jpg,Person,260,104,311,219,480,360
frame_149_33.jpg,Person,225,253,338,318,480,360
frame_149_7.jpg,Person,201,107,235,229,480,360
frame_149_7.jpg,Person,270,105,310,225,480,360
frame_149_7.jpg,Person,330,114,404,252,480,360
frame_149_7.jpg,Person,3,173,117,334,480,360
frame_149_7.jpg,Person,225,254,356,318,480,360
frame_14_25.jpg,Person,437,415,1180,728,1920,1080
frame_14_41.jpg,Person,611,366,1205,729,1920,1080
frame_14_59.jpg,Person,731,390,1278,747,1920,1080
frame_14_59.jpg,Person,514,379,1262,752,1920,1080
frame_14_78.jpg,Person,775,383,1394,744,1920,1080
frame_14_78.jpg,Person,577,516,1056,741,1920,1080
frame_150_26.jpg,Person,267,60,299,153,640,360
frame_150_26.jpg,Person,131,94,205,223,640,360
frame_150_26.jpg,Person,205,50,254,129,640,360
frame_150_26.jpg,Person,174,91,208,119,640,360
frame_16_20.jpg,Person,156,55,186,116,640,360
frame_16_20.jpg,Person,499,92,563,199,640,360
frame_16_20.jpg,Person,37,98,107,203,640,360
frame_16_20.jpg,Person,220,122,265,187,640,360
frame_16_20.jpg,Person,405,73,463,183,640,360
frame_16_20.jpg,Person,394,85,419,168,640,360
frame_16_37.jpg,Person,158,55,186,116,640,360
frame_16_37.jpg,Person,486,199,548,320,640,360
frame_16_37.jpg,Person,220,123,265,188,640,360
frame_16_37.jpg,Person,406,76,462,184,640,360
frame_16_37.jpg,Person,499,93,562,213,640,360
frame_16_37.jpg,Person,34,115,100,198,640,360
frame_16_37.jpg,Person,392,85,416,169,640,360
frame_16_57.jpg,Person,501,93,554,199,640,360
frame_16_57.jpg,Person,156,58,186,116,640,360
frame_16_57.jpg,Person,31,91,83,192,640,360
frame_16_57.jpg,Person,411,77,444,183,640,360
frame_16_57.jpg,Person,219,123,268,189,640,360
frame_16_57.jpg,Person,59,80,92,148,640,360
frame_16_57.jpg,Person,394,78,417,169,640,360
frame_17_39.jpg,Person,563,126,619,234,640,360
frame_17_39.jpg,Person,510,107,559,228,640,360
frame_17_39.jpg,Person,154,190,249,322,640,360
frame_17_39.jpg,Person,414,72,470,171,640,360
frame_17_39.jpg,Person,97,176,165,253,640,360
frame_17_61.jpg,Person,562,126,615,234,640,360
frame_17_61.jpg,Person,508,110,560,228,640,360
frame_17_61.jpg,Person,158,187,250,323,640,360
frame_17_61.jpg,Person,416,81,450,171,640,360
frame_17_61.jpg,Person,241,81,283,177,640,360
frame_17_61.jpg,Person,102,179,182,309,640,360
frame_17_61.jpg,Person,432,64,471,117,640,360
frame_17_61.jpg,Person,199,122,241,185,640,360
frame_17_61.jpg,Person,167,140,235,221,640,360
frame_18_25.jpg,Person,231,15,264,120,640,360
frame_18_25.jpg,Person,334,70,398,186,640,360
frame_18_25.jpg,Person,367,32,421,167,640,360
frame_18_25.jpg,Person,205,38,233,124,640,360
frame_34_33.jpg,Person,417,70,508,247,640,360
frame_34_34.jpg,Person,417,70,508,247,640,360
frame_34_35.jpg,Person,418,70,508,247,640,360
frame_34_35.jpg,Person,338,40,377,259,640,360
frame_34_36.jpg,Person,417,70,509,247,640,360
frame_34_36.jpg,Person,339,41,375,249,640,360
frame_34_37.jpg,Person,416,70,509,247,640,360
frame_34_37.jpg,Person,340,41,376,253,640,360
frame_34_38.jpg,Person,417,70,509,247,640,360
frame_34_38.jpg,Person,339,41,376,198,640,360
frame_34_39.jpg,Person,415,70,508,247,640,360
frame_34_39.jpg,Person,341,41,381,200,640,360
frame_34_4.jpg,Person,425,67,515,244,640,360
frame_34_40.jpg,Person,414,70,509,247,640,360
frame_34_40.jpg,Person,342,40,384,199,640,360
frame_34_41.jpg,Person,415,70,509,248,640,360
frame_34_41.jpg,Person,343,41,396,198,640,360
frame_34_42.jpg,Person,415,70,508,248,640,360
frame_34_42.jpg,Person,343,41,401,150,640,360
frame_34_43.jpg,Person,415,68,509,248,640,360
frame_34_43.jpg,Person,349,42,402,145,640,360
frame_34_44.jpg,Person,415,66,509,247,640,360
frame_34_44.jpg,Person,344,42,402,197,640,360
frame_34_45.jpg,Person,416,67,508,246,640,360
frame_34_45.jpg,Person,347,43,405,199,640,360
frame_34_46.jpg,Person,415,67,508,247,640,360
frame_34_46.jpg,Person,349,43,409,197,640,360
frame_34_47.jpg,Person,416,67,508,246,640,360
frame_34_47.jpg,Person,349,42,408,219,640,360
frame_34_48.jpg,Person,416,67,508,246,640,360
frame_34_48.jpg,Person,348,41,409,212,640,360
frame_34_49.jpg,Person,416,67,508,246,640,360
frame_34_49.jpg,Person,350,42,416,222,640,360
frame_34_5.jpg,Person,425,67,514,245,640,360
frame_34_6.jpg,Person,424,68,513,245,640,360
frame_34_7.jpg,Person,424,68,513,246,640,360
frame_34_8.jpg,Person,425,68,513,246,640,360
frame_34_9.jpg,Person,425,68,513,245,640,360
frame_35_0.jpg,Person,210,15,429,304,640,360
frame_35_0.jpg,Person,0,107,187,305,640,360
frame_35_0.jpg,Person,558,122,639,302,640,360
frame_35_0.jpg,Person,390,206,544,304,640,360
frame_35_1.jpg,Person,210,15,430,305,640,360
frame_35_1.jpg,Person,0,106,187,305,640,360
frame_35_1.jpg,Person,559,122,639,302,640,360
frame_35_1.jpg,Person,508,80,599,300,640,360
frame_35_1.jpg,Person,391,206,543,303,640,360
frame_35_10.jpg,Person,173,14,383,304,640,360
frame_35_10.jpg,Person,0,106,192,305,640,360
frame_35_10.jpg,Person,407,219,525,304,640,360
frame_35_10.jpg,Person,558,18,639,314,640,360
frame_35_10.jpg,Person,503,89,600,302,640,360
frame_35_11.jpg,Person,171,15,385,303,640,360
frame_35_11.jpg,Person,0,107,194,305,640,360
frame_35_11.jpg,Person,408,220,522,304,640,360
frame_35_11.jpg,Person,559,116,639,306,640,360
frame_35_11.jpg,Person,558,18,639,312,640,360
frame_35_12.jpg,Person,169,9,386,303,640,360
frame_35_12.jpg,Person,0,106,196,305,640,360
frame_35_12.jpg,Person,497,89,598,303,640,360
frame_35_12.jpg,Person,558,116,639,305,640,360
frame_35_12.jpg,Person,557,31,638,307,640,360
frame_35_12.jpg,Person,412,224,521,304,640,360
frame_35_13.jpg,Person,168,7,385,303,640,360
frame_35_13.jpg,Person,0,106,196,305,640,360
frame_35_13.jpg,Person,557,116,638,306,640,360
frame_35_13.jpg,Person,557,23,639,305,640,360
frame_35_14.jpg,Person,168,5,384,304,640,360
frame_35_14.jpg,Person,0,107,194,305,640,360
frame_35_14.jpg,Person,557,116,639,304,640,360
frame_35_14.jpg,Person,557,30,639,304,640,360
frame_35_15.jpg,Person,167,6,380,304,640,360
frame_35_15.jpg,Person,0,107,190,305,640,360
frame_35_15.jpg,Person,557,36,639,304,640,360
frame_35_15.jpg,Person,557,117,638,305,640,360
frame_35_16.jpg,Person,168,6,379,304,640,360
frame_35_16.jpg,Person,0,107,192,304,640,360
frame_35_16.jpg,Person,557,118,638,305,640,360
frame_35_17.jpg,Person,168,5,379,304,640,360
frame_35_17.jpg,Person,0,107,192,305,640,360
frame_35_17.jpg,Person,557,118,638,305,640,360
frame_35_18.jpg,Person,167,7,380,305,640,360
frame_35_18.jpg,Person,0,105,184,304,640,360
frame_35_18.jpg,Person,557,118,639,346,640,360
frame_35_19.jpg,Person,168,8,380,304,640,360
frame_35_19.jpg,Person,0,108,181,305,640,360
frame_35_19.jpg,Person,557,119,639,343,640,360
frame_35_19.jpg,Person,464,113,543,249,640,360
frame_21_63.jpg,Person,16,0,214,298,640,314
frame_21_64.jpg,Person,19,0,215,298,640,314
frame_21_65.jpg,Person,0,0,205,296,640,314
frame_21_65.jpg,Person,63,147,124,292,640,314
frame_21_66.jpg,Person,0,0,205,296,640,314
frame_21_66.jpg,Person,63,145,125,291,640,314
frame_21_67.jpg,Person,62,146,125,290,640,314
frame_21_67.jpg,Person,0,0,202,292,640,314
frame_21_68.jpg,Person,0,0,204,294,640,314
frame_21_69.jpg,Person,0,0,202,292,640,314
frame_21_7.jpg,Person,253,0,415,247,640,314
frame_21_7.jpg,Person,172,0,269,208,640,314
frame_21_7.jpg,Person,23,0,180,302,640,314
frame_21_70.jpg,Person,0,0,200,292,640,314
frame_21_8.jpg,Person,256,0,415,225,640,314
frame_21_8.jpg,Person,173,1,269,205,640,314
frame_21_8.jpg,Person,16,0,176,300,640,314
frame_21_9.jpg,Person,257,1,415,227,640,314
frame_21_9.jpg,Person,172,1,270,206,640,314
frame_21_9.jpg,Person,7,0,176,304,640,314
frame_22_0.jpg,Person,146,26,219,220,640,360
frame_22_0.jpg,Person,269,77,335,182,640,360
frame_22_0.jpg,Person,210,48,260,125,640,360
frame_22_1.jpg,Person,462,67,527,238,640,360
frame_22_1.jpg,Person,146,26,219,220,640,360
frame_22_1.jpg,Person,265,78,335,186,640,360
frame_22_1.jpg,Person,210,48,260,126,640,360
frame_22_10.jpg,Person,384,62,480,254,640,360
frame_22_10.jpg,Person,146,25,220,220,640,360
frame_22_10.jpg,Person,264,78,335,188,640,360
frame_22_10.jpg,Person,209,48,260,126,640,360
frame_22_11.jpg,Person,384,62,480,254,640,360
frame_22_11.jpg,Person,146,25,219,220,640,360
frame_22_11.jpg,Person,266,77,335,186,640,360
frame_22_11.jpg,Person,212,48,259,124,640,360
frame_22_12.jpg,Person,384,62,480,254,640,360
frame_22_12.jpg,Person,146,27,218,220,640,360
frame_22_12.jpg,Person,264,78,335,188,640,360
frame_22_12.jpg,Person,214,48,259,123,640,360
frame_22_13.jpg,Person,380,63,440,254,640,360
frame_22_13.jpg,Person,145,18,220,220,640,360
frame_22_13.jpg,Person,433,67,480,239,640,360
frame_22_13.jpg,Person,268,78,336,186,640,360
frame_22_13.jpg,Person,210,49,293,127,640,360
frame_22_13.jpg,Person,212,48,259,126,640,360
frame_22_14.jpg,Person,377,64,444,267,640,360
frame_22_14.jpg,Person,144,15,221,220,640,360
frame_22_14.jpg,Person,272,78,335,183,640,360
frame_22_14.jpg,Person,212,49,293,127,640,360
frame_22_15.jpg,Person,377,64,445,267,640,360
frame_22_15.jpg,Person,144,15,221,220,640,360
frame_22_15.jpg,Person,211,48,293,126,640,360
frame_22_15.jpg,Person,278,78,336,182,640,360
frame_22_15.jpg,Person,211,49,258,127,640,360
frame_22_16.jpg,Person,378,64,446,267,640,360
frame_22_16.jpg,Person,144,16,219,220,640,360
frame_22_16.jpg,Person,276,78,336,182,640,360
frame_22_16.jpg,Person,211,49,293,127,640,360
frame_22_16.jpg,Person,210,48,259,127,640,360
frame_22_17.jpg,Person,319,61,420,284,640,360
frame_22_17.jpg,Person,143,16,220,219,640,360
frame_22_17.jpg,Person,266,78,336,188,640,360
frame_22_17.jpg,Person,211,48,293,126,640,360
frame_22_17.jpg,Person,210,48,259,127,640,360
frame_22_18.jpg,Person,320,61,421,284,640,360
frame_22_18.jpg,Person,142,16,219,220,640,360
frame_22_18.jpg,Person,266,77,335,186,640,360
frame_22_18.jpg,Person,211,48,293,126,640,360
frame_22_18.jpg,Person,212,49,259,127,640,360
frame_22_19.jpg,Person,320,61,422,284,640,360
frame_22_19.jpg,Person,142,17,219,221,640,360
frame_22_19.jpg,Person,266,78,335,188,640,360
frame_22_19.jpg,Person,214,48,294,126,640,360
frame_22_19.jpg,Person,213,48,259,126,640,360
frame_22_2.jpg,Person,463,67,529,239,640,360
frame_22_2.jpg,Person,147,26,219,220,640,360
frame_22_2.jpg,Person,268,78,336,185,640,360
frame_22_2.jpg,Person,210,48,260,126,640,360
frame_22_20.jpg,Person,320,61,422,284,640,360
frame_22_20.jpg,Person,143,17,221,221,640,360
frame_22_20.jpg,Person,264,78,335,188,640,360
frame_22_20.jpg,Person,214,48,293,125,640,360
frame_22_20.jpg,Person,214,48,259,126,640,360
frame_22_21.jpg,Person,318,60,421,283,640,360
frame_22_21.jpg,Person,143,15,221,220,640,360
frame_22_21.jpg,Person,267,78,336,186,640,360
frame_22_21.jpg,Person,216,48,294,125,640,360
frame_22_21.jpg,Person,215,48,259,125,640,360
frame_58_39.jpg,Person,300,182,379,339,480,360
frame_58_39.jpg,Person,195,117,252,190,480,360
frame_58_4.jpg,Person,299,170,375,339,480,360
frame_58_4.jpg,Person,195,118,253,190,480,360
frame_58_40.jpg,Person,300,182,379,339,480,360
frame_58_40.jpg,Person,195,117,252,191,480,360
frame_58_40.jpg,Person,148,96,181,141,480,360
frame_58_41.jpg,Person,300,182,379,339,480,360
frame_58_41.jpg,Person,195,117,252,191,480,360
frame_58_41.jpg,Person,148,97,184,143,480,360
frame_58_42.jpg,Person,300,182,379,339,480,360
frame_58_42.jpg,Person,195,117,252,190,480,360
frame_58_42.jpg,Person,148,97,181,142,480,360
frame_58_43.jpg,Person,300,182,378,339,480,360
frame_58_43.jpg,Person,195,117,252,190,480,360
frame_58_43.jpg,Person,150,96,182,141,480,360
frame_58_44.jpg,Person,300,182,378,339,480,360
frame_58_44.jpg,Person,195,117,252,190,480,360
frame_58_44.jpg,Person,148,97,182,142,480,360
frame_58_45.jpg,Person,300,182,377,340,480,360
frame_58_45.jpg,Person,195,117,252,190,480,360
frame_58_45.jpg,Person,148,97,182,141,480,360
frame_58_46.jpg,Person,300,182,377,340,480,360
frame_58_46.jpg,Person,195,117,252,190,480,360
frame_58_46.jpg,Person,148,97,181,142,480,360
frame_58_47.jpg,Person,300,182,377,340,480,360
frame_58_47.jpg,Person,195,117,252,190,480,360
frame_58_47.jpg,Person,148,97,182,142,480,360
frame_58_48.jpg,Person,301,180,377,339,480,360
frame_58_48.jpg,Person,195,117,252,190,480,360
frame_58_48.jpg,Person,148,97,181,142,480,360
frame_58_49.jpg,Person,300,180,376,340,480,360
frame_58_49.jpg,Person,195,117,252,190,480,360
frame_58_49.jpg,Person,148,97,181,142,480,360
frame_58_5.jpg,Person,299,171,375,339,480,360
frame_58_5.jpg,Person,195,118,253,190,480,360
frame_58_50.jpg,Person,300,180,375,340,480,360
frame_58_50.jpg,Person,195,117,252,191,480,360
frame_58_50.jpg,Person,148,97,182,142,480,360
frame_58_51.jpg,Person,300,179,375,340,480,360
frame_58_51.jpg,Person,195,117,252,190,480,360
frame_58_51.jpg,Person,148,97,182,141,480,360
frame_58_52.jpg,Person,300,178,375,339,480,360
frame_58_52.jpg,Person,195,117,252,191,480,360
frame_58_52.jpg,Person,148,98,181,142,480,360
frame_58_53.jpg,Person,300,179,375,339,480,360
frame_58_53.jpg,Person,195,117,252,191,480,360
frame_58_53.jpg,Person,148,97,181,141,480,360
frame_58_54.jpg,Person,300,179,375,339,480,360
frame_58_54.jpg,Person,195,117,252,191,480,360
frame_58_54.jpg,Person,148,97,181,141,480,360
frame_58_55.jpg,Person,301,178,375,339,480,360
frame_58_55.jpg,Person,195,117,252,191,480,360
frame_58_55.jpg,Person,148,98,181,142,480,360
frame_58_56.jpg,Person,300,178,373,339,480,360
frame_58_56.jpg,Person,195,117,252,190,480,360
frame_58_56.jpg,Person,148,97,181,141,480,360
frame_58_57.jpg,Person,300,177,373,339,480,360
frame_58_57.jpg,Person,195,117,252,191,480,360
frame_58_58.jpg,Person,301,177,373,338,480,360
frame_58_58.jpg,Person,195,117,252,191,480,360
frame_58_58.jpg,Person,148,98,181,142,480,360
frame_58_59.jpg,Person,300,177,372,339,480,360
frame_58_59.jpg,Person,195,117,252,190,480,360
frame_58_59.jpg,Person,149,97,181,141,480,360
frame_58_6.jpg,Person,299,170,375,339,480,360
frame_58_6.jpg,Person,195,117,253,190,480,360
frame_58_7.jpg,Person,300,171,376,339,480,360
frame_58_7.jpg,Person,195,117,253,190,480,360
frame_58_8.jpg,Person,299,172,375,340,480,360
frame_58_8.jpg,Person,195,117,253,190,480,360
frame_44_29.jpg,Person,351,51,427,177,480,360
frame_44_29.jpg,Person,230,18,316,250,480,360
frame_44_29.jpg,Person,423,34,473,176,480,360
frame_44_29.jpg,Person,292,0,336,84,480,360
frame_44_29.jpg,Person,6,204,91,290,480,360
frame_44_29.jpg,Person,141,5,193,82,480,360
frame_44_29.jpg,Person,14,32,104,143,480,360
frame_44_29.jpg,Person,151,156,241,268,480,360
frame_44_29.jpg,Person,338,11,394,112,480,360
frame_44_54.jpg,Person,318,55,426,179,480,360
frame_44_54.jpg,Person,233,13,326,258,480,360
frame_44_54.jpg,Person,422,33,473,176,480,360
frame_44_54.jpg,Person,10,31,103,174,480,360
frame_44_54.jpg,Person,336,12,392,110,480,360
frame_44_54.jpg,Person,149,20,194,69,480,360
frame_44_54.jpg,Person,387,46,435,141,480,360
frame_45_22.jpg,Person,238,83,338,281,626,360
frame_45_22.jpg,Person,88,73,180,300,626,360
frame_45_22.jpg,Person,171,74,244,177,626,360
frame_45_22.jpg,Person,172,108,226,177,626,360
frame_45_4.jpg,Person,84,75,182,303,626,360
frame_45_4.jpg,Person,238,85,338,284,626,360
frame_45_4.jpg,Person,171,75,227,180,626,360
frame_47_0.jpg,Person,91,25,214,232,626,360
frame_47_0.jpg,Person,19,9,112,212,626,360
frame_47_0.jpg,Person,180,170,426,353,626,360
frame_47_0.jpg,Person,190,3,272,113,626,360
frame_47_31.jpg,Person,37,17,168,256,626,360
frame_47_31.jpg,Person,189,4,269,78,626,360
frame_47_31.jpg,Person,219,72,377,282,626,360
frame_48_11.jpg,Person,267,93,423,307,626,360
frame_48_11.jpg,Person,11,3,186,284,626,360
frame_48_29.jpg,Person,108,145,290,355,626,360
frame_48_29.jpg,Person,311,137,490,349,626,360
frame_48_29.jpg,Person,109,138,189,321,626,360
frame_48_29.jpg,Person,13,5,136,196,626,360
frame_48_29.jpg,Person,121,4,180,144,626,360
frame_49_1.jpg,Person,137,13,207,145,400,216
frame_49_1.jpg,Person,91,4,135,130,400,216
frame_49_1.jpg,Person,199,18,253,125,400,216
frame_49_1.jpg,Person,245,59,309,177,400,216
frame_49_1.jpg,Person,137,133,215,214,400,216
frame_49_1.jpg,Person,213,36,294,163,400,216
frame_49_1.jpg,Person,240,110,348,211,400,216
frame_49_1.jpg,Person,297,51,327,142,400,216
frame_49_27.jpg,Person,135,16,188,161,400,216
frame_49_27.jpg,Person,193,16,239,127,400,216
frame_49_27.jpg,Person,142,168,207,215,400,216
frame_49_27.jpg,Person,103,4,146,130,400,216
frame_49_27.jpg,Person,61,7,107,130,400,216
frame_49_27.jpg,Person,230,84,301,162,400,216
frame_4_40.jpg,Person,16,40,40,73,426,240
frame_4_40.jpg,Person,0,34,7,63,426,240
frame_50_28.jpg,Person,163,104,215,241,480,360
frame_50_28.jpg,Person,119,87,162,206,480,360
frame_50_28.jpg,Person,258,101,312,247,480,360
frame_50_28.jpg,Person,218,77,254,194,480,360
frame_50_28.jpg,Person,277,51,313,120,480,360
frame_50_28.jpg,Person,303,85,341,209,480,360
frame_50_28.jpg,Person,192,99,228,208,480,360
frame_50_28.jpg,Person,333,242,393,357,480,360
frame_50_6.jpg,Person,126,105,191,242,480,360
frame_50_6.jpg,Person,305,82,346,202,480,360
frame_50_6.jpg,Person,192,93,227,207,480,360
frame_50_6.jpg,Person,221,84,259,197,480,360
frame_50_6.jpg,Person,261,83,313,218,480,360
frame_50_6.jpg,Person,273,49,309,98,480,360
frame_50_6.jpg,Person,331,243,392,359,480,360
frame_50_6.jpg,Person,185,50,220,96,480,360
frame_50_6.jpg,Person,193,52,243,114,480,360
frame_51_46.jpg,Person,46,30,71,91,480,360
frame_51_46.jpg,Person,75,23,100,76,480,360
frame_53_21.jpg,Person,830,395,1030,717,1280,720
frame_53_21.jpg,Person,669,243,878,710,1280,720
frame_53_21.jpg,Person,142,93,319,706,1280,720
frame_53_21.jpg,Person,0,204,199,713,1280,720
frame_53_21.jpg,Person,88,57,202,536,1280,720
frame_53_21.jpg,Person,306,90,371,155,1280,720
frame_53_21.jpg,Person,210,149,560,714,1280,720
frame_53_21.jpg,Person,223,150,407,668,1280,720
frame_53_21.jpg,Person,22,336,199,715,1280,720
frame_53_21.jpg,Person,306,90,423,375,1280,720
frame_124_42.jpg,Person,533,178,987,452,1280,720
frame_124_42.jpg,Person,89,51,175,223,1280,720
frame_124_42.jpg,Person,576,116,656,230,1280,720
frame_124_42.jpg,Person,375,436,1036,711,1280,720
frame_124_42.jpg,Person,0,69,72,218,1280,720
frame_124_43.jpg,Person,533,178,987,452,1280,720
frame_124_43.jpg,Person,89,51,177,222,1280,720
frame_124_43.jpg,Person,575,116,654,226,1280,720
frame_124_43.jpg,Person,375,437,1036,712,1280,720
frame_124_43.jpg,Person,0,66,68,215,1280,720
frame_124_44.jpg,Person,533,178,986,452,1280,720
frame_124_44.jpg,Person,89,51,177,222,1280,720
frame_124_44.jpg,Person,575,115,654,226,1280,720
frame_124_44.jpg,Person,374,437,1043,712,1280,720
frame_124_44.jpg,Person,0,67,68,216,1280,720
frame_124_45.jpg,Person,533,178,986,452,1280,720
frame_124_45.jpg,Person,89,51,177,222,1280,720
frame_124_45.jpg,Person,575,115,654,226,1280,720
frame_124_45.jpg,Person,375,437,1054,712,1280,720
frame_124_45.jpg,Person,0,67,68,216,1280,720
frame_124_46.jpg,Person,534,181,984,453,1280,720
frame_124_46.jpg,Person,92,58,181,224,1280,720
frame_124_46.jpg,Person,576,116,648,220,1280,720
frame_124_46.jpg,Person,376,438,924,711,1280,720
frame_124_46.jpg,Person,0,63,68,215,1280,720
frame_124_46.jpg,Person,178,47,260,148,1280,720
frame_124_46.jpg,Person,40,51,106,222,1280,720
frame_124_47.jpg,Person,533,181,982,453,1280,720
frame_124_47.jpg,Person,374,438,1023,712,1280,720
frame_124_47.jpg,Person,577,115,647,220,1280,720
frame_124_47.jpg,Person,91,54,181,223,1280,720
frame_124_47.jpg,Person,0,61,66,214,1280,720
frame_124_48.jpg,Person,533,181,982,450,1280,720
frame_124_48.jpg,Person,374,440,1018,712,1280,720
frame_124_48.jpg,Person,577,115,647,222,1280,720
frame_124_48.jpg,Person,90,54,181,223,1280,720
frame_124_48.jpg,Person,0,62,66,215,1280,720
frame_124_49.jpg,Person,533,180,984,450,1280,720
frame_124_49.jpg,Person,374,440,1028,712,1280,720
frame_124_49.jpg,Person,94,56,183,223,1280,720
frame_124_49.jpg,Person,577,116,647,224,1280,720
frame_124_49.jpg,Person,0,61,67,214,1280,720
frame_124_5.jpg,Person,531,174,877,453,1280,720
frame_124_5.jpg,Person,367,403,1088,712,1280,720
frame_124_5.jpg,Person,576,115,664,228,1280,720
frame_124_5.jpg,Person,96,47,175,224,1280,720
frame_124_5.jpg,Person,0,60,69,218,1280,720
frame_124_5.jpg,Person,177,50,257,148,1280,720
frame_124_5.jpg,Person,49,53,115,220,1280,720
frame_124_50.jpg,Person,534,181,985,452,1280,720
frame_124_50.jpg,Person,95,55,185,224,1280,720
frame_124_50.jpg,Person,374,440,1020,712,1280,720
frame_124_50.jpg,Person,577,116,647,218,1280,720
frame_124_50.jpg,Person,0,59,66,214,1280,720
frame_124_50.jpg,Person,39,52,102,221,1280,720
frame_124_51.jpg,Person,534,181,985,452,1280,720
frame_124_51.jpg,Person,95,55,185,225,1280,720
frame_124_51.jpg,Person,375,440,1022,711,1280,720
frame_124_51.jpg,Person,576,116,646,218,1280,720
frame_124_51.jpg,Person,0,59,66,214,1280,720
frame_124_51.jpg,Person,38,52,103,221,1280,720
frame_124_52.jpg,Person,535,181,985,452,1280,720
frame_124_52.jpg,Person,95,55,185,224,1280,720
frame_124_52.jpg,Person,376,440,1022,711,1280,720
frame_124_52.jpg,Person,576,116,646,218,1280,720
frame_124_52.jpg,Person,0,59,67,214,1280,720
frame_124_52.jpg,Person,40,53,104,221,1280,720
frame_124_53.jpg,Person,534,181,985,452,1280,720
frame_124_53.jpg,Person,375,440,1032,711,1280,720
frame_124_53.jpg,Person,96,55,189,225,1280,720
frame_124_53.jpg,Person,576,116,646,220,1280,720
frame_124_53.jpg,Person,0,58,66,215,1280,720
frame_124_53.jpg,Person,37,52,108,222,1280,720
frame_124_54.jpg,Person,535,182,985,452,1280,720
frame_124_54.jpg,Person,375,440,1028,711,1280,720
frame_124_54.jpg,Person,91,52,198,224,1280,720
frame_124_54.jpg,Person,576,116,646,220,1280,720
frame_124_54.jpg,Person,0,58,66,215,1280,720
frame_124_54.jpg,Person,36,52,110,222,1280,720
frame_124_55.jpg,Person,534,182,985,452,1280,720
frame_124_55.jpg,Person,375,440,1020,711,1280,720
frame_124_55.jpg,Person,93,52,198,223,1280,720
frame_124_55.jpg,Person,576,116,645,220,1280,720
frame_124_55.jpg,Person,0,58,66,215,1280,720
frame_124_55.jpg,Person,35,52,110,222,1280,720
frame_124_56.jpg,Person,534,182,985,451,1280,720
frame_124_56.jpg,Person,375,440,1022,711,1280,720
frame_124_56.jpg,Person,91,52,198,224,1280,720
frame_124_56.jpg,Person,576,116,646,220,1280,720
frame_124_56.jpg,Person,0,58,66,215,1280,720
frame_124_56.jpg,Person,36,52,110,222,1280,720
frame_124_57.jpg,Person,535,183,985,450,1280,720
frame_124_57.jpg,Person,376,440,1019,712,1280,720
frame_124_57.jpg,Person,98,55,200,224,1280,720
frame_124_57.jpg,Person,576,115,647,219,1280,720
frame_124_57.jpg,Person,0,58,66,215,1280,720
frame_124_57.jpg,Person,34,53,113,221,1280,720
frame_124_58.jpg,Person,535,183,985,450,1280,720
frame_124_58.jpg,Person,377,440,1019,712,1280,720
frame_124_58.jpg,Person,98,55,200,224,1280,720
frame_124_58.jpg,Person,576,116,647,220,1280,720
frame_124_58.jpg,Person,0,58,66,216,1280,720
frame_124_58.jpg,Person,34,53,113,221,1280,720
frame_124_59.jpg,Person,535,182,985,450,1280,720
frame_124_59.jpg,Person,377,440,1022,712,1280,720
frame_124_59.jpg,Person,101,56,200,224,1280,720
frame_124_59.jpg,Person,576,115,647,219,1280,720
frame_124_59.jpg,Person,0,58,67,216,1280,720
frame_124_59.jpg,Person,34,52,115,220,1280,720
frame_124_6.jpg,Person,530,174,876,453,1280,720
frame_124_6.jpg,Person,575,116,664,228,1280,720
frame_124_6.jpg,Person,368,404,1074,712,1280,720
frame_124_6.jpg,Person,97,47,175,224,1280,720
frame_124_6.jpg,Person,0,60,69,218,1280,720
frame_124_6.jpg,Person,178,50,258,147,1280,720
frame_124_6.jpg,Person,49,53,117,220,1280,720
frame_124_7.jpg,Person,530,174,875,453,1280,720
frame_124_7.jpg,Person,368,406,1052,712,1280,720
frame_124_7.jpg,Person,575,115,661,226,1280,720
frame_124_7.jpg,Person,0,61,69,219,1280,720
frame_124_7.jpg,Person,96,42,175,224,1280,720
frame_23_15.jpg,Person,126,169,297,285,640,360
frame_23_15.jpg,Person,317,59,344,129,640,360
frame_23_15.jpg,Person,66,134,129,194,640,360
frame_23_15.jpg,Person,189,106,255,164,640,360
frame_23_15.jpg,Person,291,106,334,158,640,360
frame_23_15.jpg,Person,474,186,548,299,640,360
frame_23_16.jpg,Person,317,60,344,130,640,360
frame_23_16.jpg,Person,127,169,298,286,640,360
frame_23_16.jpg,Person,66,134,130,193,640,360
frame_23_16.jpg,Person,189,105,255,164,640,360
frame_23_16.jpg,Person,292,106,336,158,640,360
frame_23_16.jpg,Person,150,191,298,284,640,360
frame_23_17.jpg,Person,318,59,344,130,640,360
frame_23_17.jpg,Person,127,169,298,286,640,360
frame_23_17.jpg,Person,67,133,130,192,640,360
frame_23_17.jpg,Person,189,105,255,163,640,360
frame_23_17.jpg,Person,473,186,548,300,640,360
frame_23_17.jpg,Person,292,106,336,156,640,360
frame_23_18.jpg,Person,127,169,299,285,640,360
frame_23_18.jpg,Person,66,134,130,195,640,360
frame_23_18.jpg,Person,317,60,341,130,640,360
frame_23_18.jpg,Person,189,105,255,163,640,360
frame_23_18.jpg,Person,474,186,548,299,640,360
frame_23_18.jpg,Person,150,190,298,283,640,360
frame_23_19.jpg,Person,127,169,299,284,640,360
frame_23_19.jpg,Person,316,60,340,135,640,360
frame_23_19.jpg,Person,66,134,130,194,640,360
frame_23_19.jpg,Person,189,105,255,163,640,360
frame_23_19.jpg,Person,474,186,548,300,640,360
frame_23_19.jpg,Person,150,191,297,283,640,360
frame_23_19.jpg,Person,291,106,329,158,640,360
frame_23_2.jpg,Person,322,55,349,129,640,360
frame_23_2.jpg,Person,60,134,130,203,640,360
frame_23_2.jpg,Person,127,169,299,285,640,360
frame_23_2.jpg,Person,188,105,255,164,640,360
frame_23_2.jpg,Person,148,191,297,284,640,360
frame_23_2.jpg,Person,306,105,335,140,640,360
frame_23_2.jpg,Person,171,103,192,126,640,360
frame_23_20.jpg,Person,127,170,298,286,640,360
frame_23_20.jpg,Person,315,61,340,135,640,360
frame_23_20.jpg,Person,64,134,130,196,640,360
frame_23_20.jpg,Person,473,185,548,300,640,360
frame_23_20.jpg,Person,189,105,254,163,640,360
frame_23_20.jpg,Person,292,106,330,157,640,360
frame_23_21.jpg,Person,127,169,298,285,640,360
frame_23_21.jpg,Person,315,61,340,134,640,360
frame_23_21.jpg,Person,67,134,130,191,640,360
frame_23_21.jpg,Person,474,186,548,300,640,360
frame_23_21.jpg,Person,189,106,254,164,640,360
frame_23_21.jpg,Person,292,106,330,157,640,360
frame_23_21.jpg,Person,171,103,192,127,640,360
frame_23_22.jpg,Person,67,133,130,190,640,360
frame_23_22.jpg,Person,127,169,299,284,640,360
frame_23_22.jpg,Person,292,106,330,158,640,360
frame_23_22.jpg,Person,189,105,253,164,640,360
frame_23_22.jpg,Person,472,186,547,302,640,360
frame_23_22.jpg,Person,171,103,192,127,640,360
frame_23_22.jpg,Person,151,193,297,283,640,360
frame_23_22.jpg,Person,312,63,340,135,640,360
frame_23_23.jpg,Person,67,134,130,190,640,360
frame_23_23.jpg,Person,311,62,339,137,640,360
frame_23_23.jpg,Person,126,169,298,284,640,360
frame_23_23.jpg,Person,291,106,329,158,640,360
frame_23_23.jpg,Person,188,104,253,163,640,360
frame_23_23.jpg,Person,474,185,548,300,640,360
frame_23_23.jpg,Person,171,103,192,127,640,360
frame_23_23.jpg,Person,152,192,298,283,640,360
frame_23_24.jpg,Person,311,62,339,137,640,360
frame_23_24.jpg,Person,127,169,299,285,640,360
frame_23_24.jpg,Person,67,134,130,190,640,360
frame_23_24.jpg,Person,291,106,329,158,640,360
frame_23_24.jpg,Person,188,106,253,164,640,360
frame_23_24.jpg,Person,472,185,547,301,640,360
frame_23_24.jpg,Person,171,103,192,127,640,360
frame_23_24.jpg,Person,150,192,297,283,640,360
frame_23_25.jpg,Person,127,169,299,284,640,360
frame_23_25.jpg,Person,311,62,339,134,640,360
frame_23_25.jpg,Person,67,134,130,190,640,360
frame_23_25.jpg,Person,291,106,328,158,640,360
frame_23_25.jpg,Person,188,105,253,163,640,360
frame_23_25.jpg,Person,171,103,192,127,640,360
frame_23_25.jpg,Person,188,105,226,140,640,360
frame_23_26.jpg,Person,127,169,298,284,640,360
frame_23_26.jpg,Person,67,134,130,190,640,360
frame_23_26.jpg,Person,291,106,328,158,640,360
frame_23_26.jpg,Person,309,59,337,128,640,360
frame_23_26.jpg,Person,171,103,192,127,640,360
frame_23_26.jpg,Person,188,105,226,140,640,360
frame_23_26.jpg,Person,188,104,251,163,640,360
frame_23_27.jpg,Person,306,57,335,128,640,360
frame_23_27.jpg,Person,127,169,299,284,640,360
frame_23_27.jpg,Person,67,133,130,190,640,360
frame_23_27.jpg,Person,291,105,330,158,640,360
frame_23_27.jpg,Person,188,105,226,140,640,360
frame_23_27.jpg,Person,472,184,547,302,640,360
frame_23_27.jpg,Person,171,103,192,127,640,360
frame_23_27.jpg,Person,188,105,252,164,640,360
frame_23_28.jpg,Person,306,57,335,128,640,360
frame_23_28.jpg,Person,127,169,299,284,640,360
frame_23_28.jpg,Person,67,134,130,190,640,360
frame_23_28.jpg,Person,188,105,225,140,640,360
frame_23_28.jpg,Person,291,105,330,158,640,360
frame_23_28.jpg,Person,171,103,192,127,640,360
frame_23_29.jpg,Person,306,57,335,128,640,360
frame_23_29.jpg,Person,127,169,299,284,640,360
frame_23_29.jpg,Person,67,134,130,190,640,360
frame_23_29.jpg,Person,291,105,330,158,640,360
frame_23_29.jpg,Person,188,105,226,140,640,360
frame_23_29.jpg,Person,171,103,192,127,640,360
frame_23_3.jpg,Person,321,55,348,129,640,360
frame_23_3.jpg,Person,60,134,130,203,640,360
frame_23_3.jpg,Person,127,169,298,284,640,360
frame_23_3.jpg,Person,188,105,255,164,640,360
frame_23_3.jpg,Person,148,192,298,283,640,360
frame_23_30.jpg,Person,306,58,335,128,640,360
frame_23_30.jpg,Person,127,169,299,284,640,360
frame_23_30.jpg,Person,67,134,130,190,640,360
frame_23_30.jpg,Person,291,105,330,158,640,360
frame_23_30.jpg,Person,188,105,225,140,640,360
frame_23_30.jpg,Person,171,103,192,127,640,360
frame_23_31.jpg,Person,306,57,335,128,640,360
frame_23_31.jpg,Person,127,170,299,284,640,360
frame_23_31.jpg,Person,67,134,130,190,640,360
frame_23_31.jpg,Person,291,105,330,159,640,360
frame_23_31.jpg,Person,188,105,226,140,640,360
frame_23_32.jpg,Person,307,57,335,128,640,360
frame_23_32.jpg,Person,126,169,297,282,640,360
frame_23_32.jpg,Person,67,134,130,190,640,360
frame_23_32.jpg,Person,291,105,330,159,640,360
frame_23_32.jpg,Person,188,105,226,140,640,360
frame_23_32.jpg,Person,171,103,192,127,640,360
frame_24_52.jpg,Person,127,168,299,273,640,360
frame_24_52.jpg,Person,279,60,344,208,640,360
frame_24_52.jpg,Person,364,83,390,136,640,360
frame_24_52.jpg,Person,231,76,261,159,640,360
frame_24_52.jpg,Person,258,64,287,130,640,360
frame_24_52.jpg,Person,193,99,229,173,640,360
frame_24_52.jpg,Person,408,87,442,166,640,360
frame_24_53.jpg,Person,127,168,299,273,640,360
frame_24_53.jpg,Person,279,60,344,207,640,360
frame_24_53.jpg,Person,364,82,390,135,640,360
frame_24_53.jpg,Person,230,76,259,159,640,360
frame_24_53.jpg,Person,258,63,287,130,640,360
frame_24_53.jpg,Person,408,87,442,166,640,360
frame_24_53.jpg,Person,193,99,229,173,640,360
frame_24_54.jpg,Person,128,168,300,272,640,360
frame_24_54.jpg,Person,280,60,345,207,640,360
frame_24_54.jpg,Person,230,76,259,159,640,360
frame_24_54.jpg,Person,365,83,391,136,640,360
frame_24_54.jpg,Person,258,63,288,130,640,360
frame_24_54.jpg,Person,193,99,229,173,640,360
frame_24_55.jpg,Person,127,168,299,272,640,360
frame_24_55.jpg,Person,280,60,344,208,640,360
frame_24_55.jpg,Person,363,82,390,135,640,360
frame_24_55.jpg,Person,230,76,259,159,640,360
frame_24_55.jpg,Person,258,64,286,130,640,360
frame_24_55.jpg,Person,278,81,291,103,640,360
frame_24_55.jpg,Person,192,99,226,173,640,360
frame_24_55.jpg,Person,408,87,442,167,640,360
frame_24_56.jpg,Person,126,167,299,272,640,360
frame_24_56.jpg,Person,280,58,343,209,640,360
frame_24_56.jpg,Person,365,83,391,135,640,360
frame_24_56.jpg,Person,257,64,286,130,640,360
frame_24_56.jpg,Person,230,77,259,159,640,360
frame_24_56.jpg,Person,192,98,227,173,640,360
frame_24_56.jpg,Person,82,140,127,187,640,360
frame_24_56.jpg,Person,408,87,442,166,640,360
frame_24_57.jpg,Person,126,168,299,273,640,360
frame_24_57.jpg,Person,280,58,344,208,640,360
frame_24_57.jpg,Person,365,82,391,135,640,360
frame_24_57.jpg,Person,257,64,285,130,640,360
frame_24_57.jpg,Person,230,77,259,159,640,360
frame_24_57.jpg,Person,408,87,441,168,640,360
frame_24_57.jpg,Person,191,98,228,173,640,360
frame_24_57.jpg,Person,82,140,127,186,640,360
frame_24_58.jpg,Person,126,168,299,273,640,360
frame_24_58.jpg,Person,280,58,344,207,640,360
frame_24_58.jpg,Person,365,82,391,135,640,360
frame_24_58.jpg,Person,257,64,285,130,640,360
frame_24_58.jpg,Person,230,77,259,159,640,360
frame_24_58.jpg,Person,408,87,442,167,640,360
frame_24_58.jpg,Person,82,140,125,186,640,360
frame_24_58.jpg,Person,191,98,227,173,640,360
frame_24_59.jpg,Person,127,168,301,271,640,360
frame_24_59.jpg,Person,280,58,344,207,640,360
frame_24_59.jpg,Person,257,64,286,130,640,360
frame_24_59.jpg,Person,364,82,391,135,640,360
frame_24_59.jpg,Person,230,76,259,157,640,360
frame_24_59.jpg,Person,279,78,294,104,640,360
frame_24_59.jpg,Person,408,87,442,167,640,360
frame_24_59.jpg,Person,192,98,226,173,640,360
frame_24_6.jpg,Person,126,168,297,282,640,360
frame_24_6.jpg,Person,263,67,294,128,640,360
frame_24_6.jpg,Person,410,92,428,115,640,360
frame_24_6.jpg,Person,231,86,263,159,640,360
frame_24_6.jpg,Person,189,102,227,171,640,360
frame_24_6.jpg,Person,370,84,388,104,640,360
frame_24_7.jpg,Person,127,169,298,283,640,360
frame_24_7.jpg,Person,263,68,295,128,640,360
frame_24_7.jpg,Person,410,93,428,117,640,360
frame_24_7.jpg,Person,189,102,229,173,640,360
frame_24_7.jpg,Person,231,83,264,159,640,360
frame_24_8.jpg,Person,128,168,298,281,640,360
frame_24_8.jpg,Person,262,68,293,128,640,360
frame_24_8.jpg,Person,410,93,428,117,640,360
frame_24_8.jpg,Person,189,103,227,175,640,360
frame_24_8.jpg,Person,231,82,264,159,640,360
frame_24_8.jpg,Person,168,106,223,174,640,360
frame_24_9.jpg,Person,127,169,298,283,640,360
frame_24_9.jpg,Person,410,93,428,117,640,360
frame_24_9.jpg,Person,262,69,294,129,640,360
frame_24_9.jpg,Person,231,80,264,159,640,360
frame_24_9.jpg,Person,189,103,229,174,640,360
frame_24_9.jpg,Person,369,84,388,104,640,360
frame_24_9.jpg,Person,167,106,222,173,640,360
frame_30_32.jpg,Person,327,73,407,207,640,360
frame_30_32.jpg,Person,246,179,356,303,640,360
frame_30_33.jpg,Person,237,177,356,302,640,360
frame_30_33.jpg,Person,324,74,413,209,640,360
frame_30_34.jpg,Person,323,77,418,209,640,360
frame_30_34.jpg,Person,236,178,355,299,640,360
frame_30_35.jpg,Person,322,80,427,228,640,360
frame_30_36.jpg,Person,321,81,428,241,640,360
frame_30_36.jpg,Person,238,181,340,313,640,360
frame_30_37.jpg,Person,320,81,428,259,640,360
frame_30_37.jpg,Person,236,176,333,308,640,360
frame_30_38.jpg,Person,319,81,426,258,640,360
frame_30_38.jpg,Person,233,160,328,327,640,360
frame_30_39.jpg,Person,318,88,414,258,640,360
frame_30_39.jpg,Person,222,157,326,337,640,360
frame_30_4.jpg,Person,316,39,400,189,640,360
frame_30_4.jpg,Person,329,189,404,299,640,360
frame_30_40.jpg,Person,316,92,407,259,640,360
frame_30_40.jpg,Person,213,161,326,327,640,360
frame_30_42.jpg,Person,309,102,396,259,640,360
frame_30_42.jpg,Person,198,151,321,342,640,360
frame_30_43.jpg,Person,182,155,329,342,640,360
frame_30_43.jpg,Person,306,100,392,264,640,360
frame_30_44.jpg,Person,168,156,340,343,640,360
frame_30_44.jpg,Person,305,98,388,261,640,360
frame_30_45.jpg,Person,153,154,343,346,640,360
frame_30_45.jpg,Person,306,97,388,265,640,360
frame_30_46.jpg,Person,144,149,341,353,640,360
frame_30_46.jpg,Person,143,100,386,353,640,360
frame_30_47.jpg,Person,120,116,326,358,640,360
frame_30_47.jpg,Person,295,96,391,290,640,360
frame_30_5.jpg,Person,315,37,401,195,640,360
frame_30_6.jpg,Person,316,34,396,195,640,360
frame_30_7.jpg,Person,328,30,384,176,640,360
frame_30_7.jpg,Person,321,192,400,300,640,360
frame_30_8.jpg,Person,330,27,384,170,640,360
frame_30_8.jpg,Person,320,189,402,299,640,360
frame_30_9.jpg,Person,330,25,384,160,640,360
frame_30_9.jpg,Person,330,187,388,299,640,360
frame_31_0.jpg,Person,1,161,48,264,640,360
frame_31_1.jpg,Person,3,162,49,264,640,360
frame_19_3.jpg,Person,45,0,123,153,640,314
frame_19_3.jpg,Person,340,173,476,311,640,314
frame_19_3.jpg,Person,3,0,123,153,640,314
frame_19_30.jpg,Person,345,173,485,311,640,314
frame_19_30.jpg,Person,16,0,161,197,640,314
frame_19_31.jpg,Person,344,172,484,311,640,314
frame_19_4.jpg,Person,341,173,478,311,640,314
frame_19_4.jpg,Person,40,0,123,153,640,314
frame_19_5.jpg,Person,44,0,123,153,640,314
frame_19_5.jpg,Person,341,174,476,312,640,314
frame_19_51.jpg,Person,349,173,477,311,640,314
frame_19_51.jpg,Person,18,1,177,169,640,314
frame_19_52.jpg,Person,349,172,481,311,640,314
frame_19_52.jpg,Person,18,1,177,169,640,314
frame_19_53.jpg,Person,349,173,479,311,640,314
frame_19_53.jpg,Person,18,0,176,166,640,314
frame_19_54.jpg,Person,349,173,480,311,640,314
frame_19_54.jpg,Person,18,0,181,173,640,314
frame_3_3.jpg,Person,172,149,253,342,480,360
frame_3_3.jpg,Person,216,64,263,174,480,360
frame_3_3.jpg,Person,381,161,475,316,480,360
frame_3_3.jpg,Person,411,107,477,188,480,360
frame_3_3.jpg,Person,33,128,154,317,480,360
frame_3_3.jpg,Person,67,88,124,164,480,360
frame_3_3.jpg,Person,0,150,50,338,480,360
frame_3_30.jpg,Person,180,149,266,354,480,360
frame_3_30.jpg,Person,63,169,150,352,480,360
frame_3_30.jpg,Person,216,64,261,175,480,360
frame_3_30.jpg,Person,386,97,451,271,480,360
frame_3_31.jpg,Person,180,149,266,354,480,360
frame_3_31.jpg,Person,64,169,150,352,480,360
frame_3_31.jpg,Person,216,64,261,175,480,360
frame_3_31.jpg,Person,385,96,450,271,480,360
frame_3_31.jpg,Person,51,90,101,173,480,360
frame_3_32.jpg,Person,180,149,266,354,480,360
frame_3_32.jpg,Person,65,171,153,353,480,360
frame_3_32.jpg,Person,216,63,260,174,480,360
frame_3_32.jpg,Person,52,90,103,177,480,360
frame_3_32.jpg,Person,385,95,451,271,480,360
frame_3_33.jpg,Person,180,149,266,354,480,360
frame_3_33.jpg,Person,65,171,153,352,480,360
frame_3_33.jpg,Person,217,63,261,174,480,360
frame_3_33.jpg,Person,52,90,103,176,480,360
frame_3_33.jpg,Person,385,95,450,270,480,360
frame_3_34.jpg,Person,179,150,266,356,480,360
frame_3_34.jpg,Person,68,171,151,353,480,360
frame_3_34.jpg,Person,216,63,260,174,480,360
frame_3_34.jpg,Person,53,89,104,176,480,360
frame_3_34.jpg,Person,386,118,442,270,480,360
frame_3_35.jpg,Person,179,150,266,356,480,360
frame_3_35.jpg,Person,68,171,152,353,480,360
frame_3_35.jpg,Person,216,64,260,175,480,360
frame_3_35.jpg,Person,53,89,104,178,480,360
frame_3_35.jpg,Person,386,117,444,271,480,360
frame_3_36.jpg,Person,180,150,266,355,480,360
frame_3_36.jpg,Person,215,64,260,176,480,360
frame_3_36.jpg,Person,386,94,451,269,480,360
frame_3_36.jpg,Person,68,172,150,354,480,360
frame_3_36.jpg,Person,54,90,106,178,480,360
frame_3_36.jpg,Person,20,171,150,353,480,360
frame_3_37.jpg,Person,179,150,266,355,480,360
frame_3_37.jpg,Person,215,64,260,176,480,360
frame_3_37.jpg,Person,54,90,106,177,480,360
frame_3_37.jpg,Person,68,171,150,353,480,360
frame_3_37.jpg,Person,386,96,451,269,480,360
frame_3_37.jpg,Person,19,170,150,353,480,360
frame_3_38.jpg,Person,180,150,267,356,480,360
frame_3_38.jpg,Person,63,172,149,354,480,360
frame_3_38.jpg,Person,215,64,260,176,480,360
frame_3_38.jpg,Person,386,94,452,270,480,360
frame_3_38.jpg,Person,54,90,106,176,480,360
frame_3_39.jpg,Person,180,150,267,355,480,360
frame_3_39.jpg,Person,62,172,149,354,480,360
frame_3_39.jpg,Person,215,64,260,176,480,360
frame_3_39.jpg,Person,386,94,452,270,480,360
frame_3_39.jpg,Person,54,90,106,176,480,360
frame_3_4.jpg,Person,174,148,254,341,480,360
frame_3_4.jpg,Person,217,64,263,176,480,360
frame_3_4.jpg,Person,385,154,475,315,480,360
frame_3_4.jpg,Person,411,107,476,190,480,360
frame_3_4.jpg,Person,37,128,154,316,480,360
frame_3_4.jpg,Person,68,88,123,165,480,360
frame_3_40.jpg,Person,179,150,266,355,480,360
frame_3_40.jpg,Person,61,174,149,354,480,360
frame_3_40.jpg,Person,215,64,260,175,480,360
frame_3_40.jpg,Person,386,94,452,269,480,360
frame_3_40.jpg,Person,54,90,106,176,480,360
frame_3_41.jpg,Person,179,150,267,355,480,360
frame_3_41.jpg,Person,61,174,149,354,480,360
frame_3_41.jpg,Person,215,64,260,175,480,360
frame_3_41.jpg,Person,386,95,451,268,480,360
frame_3_41.jpg,Person,54,89,106,175,480,360
frame_3_42.jpg,Person,56,174,149,353,480,360
frame_3_42.jpg,Person,180,150,267,355,480,360
frame_3_42.jpg,Person,215,64,260,170,480,360
frame_3_42.jpg,Person,54,90,106,176,480,360
frame_3_42.jpg,Person,385,94,452,259,480,360
frame_3_43.jpg,Person,57,174,149,353,480,360
frame_3_43.jpg,Person,180,150,267,355,480,360
frame_3_43.jpg,Person,215,64,260,170,480,360
frame_3_43.jpg,Person,54,89,106,176,480,360
frame_3_43.jpg,Person,386,94,453,259,480,360
frame_3_44.jpg,Person,180,150,267,355,480,360
frame_3_44.jpg,Person,51,176,149,354,480,360
frame_3_44.jpg,Person,54,90,105,179,480,360
frame_3_44.jpg,Person,385,93,454,266,480,360
frame_3_44.jpg,Person,216,63,261,165,480,360
frame_3_44.jpg,Person,216,63,261,132,480,360
frame_3_45.jpg,Person,180,150,267,355,480,360
frame_3_45.jpg,Person,387,93,455,266,480,360
frame_3_45.jpg,Person,55,90,106,179,480,360
frame_3_45.jpg,Person,51,176,148,354,480,360
frame_3_45.jpg,Person,217,63,261,165,480,360
frame_3_45.jpg,Person,217,62,261,131,480,360
frame_3_46.jpg,Person,180,150,267,355,480,360
frame_3_46.jpg,Person,45,176,148,354,480,360
frame_3_46.jpg,Person,388,93,454,261,480,360
frame_3_46.jpg,Person,55,90,107,180,480,360
frame_3_46.jpg,Person,218,61,262,162,480,360
frame_3_47.jpg,Person,180,150,267,355,480,360
frame_3_47.jpg,Person,45,176,148,354,480,360
frame_3_47.jpg,Person,55,90,106,180,480,360
frame_3_47.jpg,Person,387,93,454,261,480,360
frame_3_47.jpg,Person,218,61,262,162,480,360
frame_3_48.jpg,Person,180,150,267,355,480,360
frame_3_48.jpg,Person,388,93,453,259,480,360
frame_3_48.jpg,Person,221,61,263,161,480,360
frame_3_48.jpg,Person,10,177,146,351,480,360
frame_3_48.jpg,Person,55,90,106,184,480,360
frame_3_48.jpg,Person,55,89,115,222,480,360
frame_3_49.jpg,Person,180,150,267,355,480,360
frame_3_49.jpg,Person,388,93,453,259,480,360
frame_3_49.jpg,Person,221,61,263,161,480,360
frame_3_49.jpg,Person,10,177,146,351,480,360
frame_3_49.jpg,Person,55,90,106,184,480,360
frame_3_5.jpg,Person,173,149,254,341,480,360
frame_3_5.jpg,Person,216,64,263,176,480,360
frame_3_5.jpg,Person,384,153,475,316,480,360
frame_3_5.jpg,Person,35,129,154,317,480,360
frame_3_5.jpg,Person,412,107,476,189,480,360
frame_3_5.jpg,Person,68,88,123,166,480,360
frame_3_50.jpg,Person,180,150,267,355,480,360
frame_3_50.jpg,Person,8,178,139,353,480,360
frame_3_50.jpg,Person,56,90,108,185,480,360
frame_3_50.jpg,Person,224,61,265,161,480,360
frame_3_50.jpg,Person,388,92,454,259,480,360
frame_3_51.jpg,Person,180,150,267,355,480,360
frame_3_51.jpg,Person,8,178,140,353,480,360
frame_3_51.jpg,Person,56,90,108,186,480,360
frame_3_51.jpg,Person,224,61,265,161,480,360
frame_3_51.jpg,Person,388,93,454,259,480,360
frame_3_52.jpg,Person,180,150,267,355,480,360
frame_3_52.jpg,Person,389,93,454,259,480,360
frame_3_52.jpg,Person,4,180,127,354,480,360
frame_3_52.jpg,Person,229,61,267,160,480,360
frame_3_52.jpg,Person,55,89,109,187,480,360
frame_3_53.jpg,Person,180,150,268,355,480,360
frame_3_53.jpg,Person,4,178,127,353,480,360
frame_3_53.jpg,Person,229,62,266,160,480,360
frame_3_53.jpg,Person,389,93,454,259,480,360
frame_3_53.jpg,Person,55,89,109,186,480,360
frame_3_54.jpg,Person,180,151,267,355,480,360
frame_3_54.jpg,Person,1,185,126,354,480,360
frame_3_54.jpg,Person,56,89,110,186,480,360
frame_3_54.jpg,Person,389,93,455,259,480,360
frame_3_54.jpg,Person,232,61,267,158,480,360
frame_3_54.jpg,Person,55,90,114,228,480,360
frame_3_55.jpg,Person,179,151,267,355,480,360
frame_3_55.jpg,Person,1,185,126,354,480,360
frame_3_55.jpg,Person,389,91,454,258,480,360
frame_3_55.jpg,Person,233,61,267,159,480,360
frame_3_55.jpg,Person,55,89,117,246,480,360
frame_3_55.jpg,Person,56,90,109,188,480,360
frame_3_56.jpg,Person,179,151,267,355,480,360
frame_3_56.jpg,Person,389,91,455,258,480,360
frame_3_56.jpg,Person,55,90,117,260,480,360
frame_3_56.jpg,Person,25,186,125,355,480,360
frame_3_57.jpg,Person,179,151,267,355,480,360
frame_3_57.jpg,Person,389,92,455,259,480,360
frame_3_57.jpg,Person,24,185,125,354,480,360
frame_3_57.jpg,Person,54,90,117,259,480,360
frame_3_57.jpg,Person,56,90,110,188,480,360
frame_4_41.jpg,Person,16,40,39,72,426,240
frame_4_42.jpg,Person,15,40,36,72,426,240
frame_4_44.jpg,Person,190,29,202,62,426,240
frame_4_45.jpg,Person,190,29,201,62,426,240
frame_4_46.jpg,Person,190,30,203,63,426,240
frame_4_47.jpg,Person,190,30,203,63,426,240
frame_4_5.jpg,Person,0,106,22,148,426,240
frame_4_5.jpg,Person,15,63,54,116,426,240
frame_4_5.jpg,Person,131,31,156,60,426,240
frame_4_5.jpg,Person,68,57,96,106,426,240
frame_4_6.jpg,Person,0,106,22,148,426,240
frame_4_6.jpg,Person,15,64,54,116,426,240
frame_4_6.jpg,Person,68,57,97,106,426,240
frame_4_6.jpg,Person,132,31,156,60,426,240
frame_4_7.jpg,Person,0,111,20,147,426,240
frame_4_7.jpg,Person,133,31,157,60,426,240
frame_4_7.jpg,Person,65,56,88,105,426,240
frame_4_8.jpg,Person,11,62,43,115,426,240
frame_4_8.jpg,Person,133,32,157,60,426,240
frame_50_0.jpg,Person,119,109,187,242,480,360
frame_50_0.jpg,Person,222,85,262,199,480,360
frame_50_0.jpg,Person,305,81,347,201,480,360
frame_50_0.jpg,Person,194,94,227,207,480,360
frame_50_0.jpg,Person,263,75,313,214,480,360
frame_50_0.jpg,Person,193,55,241,112,480,360
frame_50_0.jpg,Person,273,50,308,96,480,360
frame_50_0.jpg,Person,331,243,392,359,480,360
frame_50_0.jpg,Person,138,88,169,162,480,360
frame_50_0.jpg,Person,187,49,221,94,480,360
frame_50_1.jpg,Person,119,110,187,242,480,360
frame_50_1.jpg,Person,222,85,262,199,480,360
frame_50_1.jpg,Person,305,81,347,201,480,360
frame_50_1.jpg,Person,194,94,227,207,480,360
frame_50_1.jpg,Person,262,77,311,215,480,360
frame_50_1.jpg,Person,273,50,308,96,480,360
frame_50_1.jpg,Person,193,54,242,112,480,360
frame_50_1.jpg,Person,331,243,392,359,480,360
frame_50_1.jpg,Person,138,88,169,162,480,360
frame_50_1.jpg,Person,187,49,221,94,480,360
frame_50_10.jpg,Person,134,106,194,242,480,360
frame_50_10.jpg,Person,305,81,346,206,480,360
frame_50_10.jpg,Person,191,93,227,207,480,360
frame_50_10.jpg,Person,256,84,313,220,480,360
frame_50_10.jpg,Person,219,82,258,198,480,360
frame_50_10.jpg,Person,273,50,309,100,480,360
frame_50_10.jpg,Person,332,243,393,357,480,360
frame_50_10.jpg,Person,186,49,221,98,480,360
frame_50_11.jpg,Person,135,105,194,242,480,360
frame_50_11.jpg,Person,305,81,346,207,480,360
frame_50_11.jpg,Person,191,93,227,207,480,360
frame_50_11.jpg,Person,255,84,312,220,480,360
frame_50_11.jpg,Person,219,82,258,197,480,360
frame_50_11.jpg,Person,273,50,309,100,480,360
frame_50_11.jpg,Person,332,243,393,357,480,360
frame_50_11.jpg,Person,129,88,153,141,480,360
frame_50_12.jpg,Person,138,105,197,242,480,360
frame_50_12.jpg,Person,304,82,346,208,480,360
frame_50_12.jpg,Person,190,93,227,207,480,360
frame_50_12.jpg,Person,253,84,312,220,480,360
frame_50_12.jpg,Person,219,80,257,197,480,360
frame_50_12.jpg,Person,273,49,309,100,480,360
frame_50_12.jpg,Person,127,89,152,153,480,360
frame_50_12.jpg,Person,333,243,393,356,480,360
frame_50_13.jpg,Person,140,106,198,242,480,360
frame_50_13.jpg,Person,304,81,346,207,480,360
frame_50_13.jpg,Person,190,93,227,207,480,360
frame_50_13.jpg,Person,253,84,312,220,480,360
frame_50_13.jpg,Person,219,81,257,197,480,360
frame_50_13.jpg,Person,274,50,310,101,480,360
frame_50_13.jpg,Person,127,89,153,155,480,360
frame_50_13.jpg,Person,332,243,393,357,480,360
frame_50_14.jpg,Person,140,106,198,241,480,360
frame_50_14.jpg,Person,190,93,227,207,480,360
frame_50_14.jpg,Person,304,81,345,207,480,360
frame_50_14.jpg,Person,253,83,313,220,480,360
frame_50_14.jpg,Person,218,81,257,197,480,360
frame_50_14.jpg,Person,274,50,310,101,480,360
frame_50_14.jpg,Person,126,88,153,155,480,360
frame_50_14.jpg,Person,333,242,393,355,480,360
frame_50_14.jpg,Person,195,58,230,99,480,360
frame_50_15.jpg,Person,143,107,201,242,480,360
frame_50_15.jpg,Person,190,92,228,207,480,360
frame_50_15.jpg,Person,305,83,344,209,480,360
frame_50_15.jpg,Person,252,83,313,230,480,360
frame_50_15.jpg,Person,218,79,255,195,480,360
frame_50_15.jpg,Person,274,50,310,103,480,360
frame_50_15.jpg,Person,124,88,155,167,480,360
frame_50_15.jpg,Person,333,243,393,355,480,360
frame_50_16.jpg,Person,144,107,202,242,480,360
frame_50_16.jpg,Person,190,92,227,207,480,360
frame_50_16.jpg,Person,305,83,344,209,480,360
frame_50_16.jpg,Person,256,85,313,232,480,360
frame_50_16.jpg,Person,218,79,255,194,480,360
frame_50_16.jpg,Person,274,50,309,103,480,360
frame_50_16.jpg,Person,333,243,393,355,480,360
frame_50_16.jpg,Person,124,88,153,191,480,360
frame_50_17.jpg,Person,147,106,203,241,480,360
frame_50_17.jpg,Person,190,93,228,207,480,360
frame_50_17.jpg,Person,304,83,343,209,480,360
frame_50_17.jpg,Person,218,79,256,195,480,360
frame_50_17.jpg,Person,257,89,313,223,480,360
frame_50_17.jpg,Person,123,88,162,196,480,360
frame_50_17.jpg,Person,275,50,311,105,480,360
frame_50_17.jpg,Person,333,243,393,355,480,360
frame_50_18.jpg,Person,149,110,205,242,480,360
frame_50_18.jpg,Person,190,93,228,207,480,360
frame_50_18.jpg,Person,304,84,343,209,480,360
frame_50_18.jpg,Person,218,77,256,194,480,360
frame_50_18.jpg,Person,254,89,313,220,480,360
frame_50_18.jpg,Person,123,88,161,196,480,360
frame_50_18.jpg,Person,275,50,311,106,480,360
frame_50_18.jpg,Person,333,243,393,355,480,360
frame_50_19.jpg,Person,149,110,205,242,480,360
frame_50_19.jpg,Person,304,84,343,209,480,360
frame_50_19.jpg,Person,190,93,227,206,480,360
frame_50_19.jpg,Person,218,77,255,194,480,360
frame_50_19.jpg,Person,251,91,312,221,480,360
frame_50_19.jpg,Person,123,88,161,196,480,360
frame_50_19.jpg,Person,275,50,311,106,480,360
frame_50_19.jpg,Person,333,243,393,355,480,360
frame_50_2.jpg,Person,121,108,189,241,480,360
frame_50_2.jpg,Person,305,81,346,201,480,360
frame_50_2.jpg,Person,221,84,261,198,480,360
frame_50_2.jpg,Person,194,93,228,206,480,360
frame_50_2.jpg,Person,261,73,312,213,480,360
frame_50_2.jpg,Person,192,54,241,112,480,360
frame_50_2.jpg,Person,273,50,308,98,480,360
frame_50_2.jpg,Person,331,243,392,359,480,360
frame_50_2.jpg,Person,186,49,221,95,480,360
frame_50_2.jpg,Person,139,88,169,162,480,360
frame_50_20.jpg,Person,151,114,205,242,480,360
frame_50_20.jpg,Person,188,93,227,206,480,360
frame_50_20.jpg,Person,304,85,344,209,480,360
frame_50_20.jpg,Person,218,77,255,194,480,360
frame_50_20.jpg,Person,258,91,313,220,480,360
frame_50_20.jpg,Person,120,90,159,195,480,360
frame_50_20.jpg,Person,276,51,312,109,480,360
frame_50_20.jpg,Person,333,242,393,355,480,360
frame_50_21.jpg,Person,151,108,206,241,480,360
frame_50_21.jpg,Person,189,93,227,206,480,360
frame_50_21.jpg,Person,303,85,343,209,480,360
frame_50_21.jpg,Person,218,77,255,194,480,360
frame_50_21.jpg,Person,254,91,313,221,480,360
frame_50_21.jpg,Person,276,51,312,111,480,360
frame_50_21.jpg,Person,121,93,165,198,480,360
frame_50_21.jpg,Person,333,242,393,355,480,360
frame_50_21.jpg,Person,187,49,222,91,480,360
frame_50_22.jpg,Person,152,115,207,241,480,360
frame_50_22.jpg,Person,218,77,254,194,480,360
frame_50_22.jpg,Person,303,85,343,209,480,360
frame_50_22.jpg,Person,190,105,227,207,480,360
frame_50_22.jpg,Person,277,51,313,114,480,360
frame_50_22.jpg,Person,257,96,312,224,480,360
frame_50_22.jpg,Person,119,92,168,201,480,360
frame_50_22.jpg,Person,333,243,393,355,480,360
frame_50_22.jpg,Person,188,50,223,92,480,360
frame_50_23.jpg,Person,152,108,207,242,480,360
frame_50_23.jpg,Person,307,85,343,209,480,360
frame_50_23.jpg,Person,218,78,254,194,480,360
frame_50_23.jpg,Person,190,107,227,207,480,360
frame_50_23.jpg,Person,119,89,164,201,480,360
frame_50_23.jpg,Person,277,51,313,114,480,360
frame_50_23.jpg,Person,255,97,312,222,480,360
frame_50_23.jpg,Person,333,243,393,355,480,360
frame_50_23.jpg,Person,189,50,223,92,480,360
frame_50_24.jpg,Person,152,108,207,242,480,360
frame_50_24.jpg,Person,218,77,254,194,480,360
frame_50_24.jpg,Person,305,85,343,209,480,360
frame_50_24.jpg,Person,119,88,166,202,480,360
frame_50_24.jpg,Person,255,96,313,223,480,360
frame_50_24.jpg,Person,277,51,313,114,480,360
frame_50_24.jpg,Person,189,103,227,207,480,360
frame_50_24.jpg,Person,333,243,393,355,480,360
frame_50_24.jpg,Person,188,48,221,93,480,360
frame_50_25.jpg,Person,119,87,160,205,480,360
frame_50_25.jpg,Person,152,104,211,242,480,360
frame_50_25.jpg,Person,218,77,253,194,480,360
frame_50_25.jpg,Person,303,84,342,208,480,360
frame_50_25.jpg,Person,254,96,311,246,480,360
frame_50_25.jpg,Person,191,105,227,206,480,360
frame_50_25.jpg,Person,277,51,312,118,480,360
frame_50_25.jpg,Person,333,243,393,355,480,360
frame_50_25.jpg,Person,193,57,226,96,480,360
frame_50_26.jpg,Person,152,104,211,241,480,360
frame_50_26.jpg,Person,119,87,159,205,480,360
frame_50_26.jpg,Person,218,77,253,194,480,360
frame_50_26.jpg,Person,256,97,312,246,480,360
frame_50_26.jpg,Person,303,84,342,208,480,360
frame_50_26.jpg,Person,191,107,227,207,480,360
frame_50_26.jpg,Person,277,51,312,118,480,360
frame_50_26.jpg,Person,333,243,393,355,480,360
frame_50_26.jpg,Person,216,47,245,86,480,360
frame_50_26.jpg,Person,195,57,226,96,480,360
frame_50_27.jpg,Person,160,104,213,242,480,360
frame_50_27.jpg,Person,119,88,162,206,480,360
frame_50_27.jpg,Person,218,77,253,194,480,360
frame_50_27.jpg,Person,302,85,341,209,480,360
frame_50_27.jpg,Person,258,97,312,247,480,360
frame_50_27.jpg,Person,277,51,312,120,480,360
frame_50_27.jpg,Person,191,94,228,207,480,360
frame_50_27.jpg,Person,333,243,393,357,480,360
frame_149_8.jpg,Person,201,107,235,229,480,360
frame_149_8.jpg,Person,270,105,310,225,480,360
frame_149_8.jpg,Person,329,114,402,252,480,360
frame_149_8.jpg,Person,3,174,117,336,480,360
frame_149_8.jpg,Person,226,254,358,318,480,360
frame_149_9.jpg,Person,201,106,235,229,480,360
frame_149_9.jpg,Person,329,114,400,252,480,360
frame_149_9.jpg,Person,266,103,339,222,480,360
frame_149_9.jpg,Person,3,182,111,336,480,360
frame_149_9.jpg,Person,226,254,352,318,480,360
frame_14_0.jpg,Person,491,439,1043,720,1920,1080
frame_14_1.jpg,Person,489,438,1039,721,1920,1080
frame_14_10.jpg,Person,401,430,1019,726,1920,1080
frame_14_11.jpg,Person,400,424,1023,724,1920,1080
frame_14_12.jpg,Person,412,425,1038,727,1920,1080
frame_14_13.jpg,Person,412,424,1042,723,1920,1080
frame_14_14.jpg,Person,418,418,1052,720,1920,1080
frame_14_15.jpg,Person,424,426,1050,728,1920,1080
frame_14_16.jpg,Person,421,424,1115,726,1920,1080
frame_14_17.jpg,Person,415,415,1058,725,1920,1080
frame_14_18.jpg,Person,412,423,1123,724,1920,1080
frame_14_19.jpg,Person,415,422,1121,725,1920,1080
frame_14_2.jpg,Person,493,436,1044,718,1920,1080
frame_14_20.jpg,Person,415,423,1139,728,1920,1080
frame_14_21.jpg,Person,422,340,1140,731,1920,1080
frame_14_22.jpg,Person,421,420,1145,725,1920,1080
frame_14_23.jpg,Person,425,409,1169,726,1920,1080
frame_14_24.jpg,Person,502,424,1171,727,1920,1080
frame_14_24.jpg,Person,428,334,1174,725,1920,1080
frame_38_43.jpg,Person,596,221,1017,710,1280,720
frame_38_44.jpg,Person,611,223,1019,711,1280,720
frame_38_44.jpg,Person,699,63,786,233,1280,720
frame_38_45.jpg,Person,641,226,1021,714,1280,720
frame_38_45.jpg,Person,704,48,785,231,1280,720
frame_38_46.jpg,Person,631,228,1022,714,1280,720
frame_38_46.jpg,Person,706,45,785,238,1280,720
frame_38_47.jpg,Person,634,232,1024,712,1280,720
frame_38_47.jpg,Person,714,45,784,240,1280,720
frame_38_48.jpg,Person,639,234,1022,714,1280,720
frame_38_48.jpg,Person,715,44,783,250,1280,720
frame_38_48.jpg,Person,715,44,809,293,1280,720
frame_38_49.jpg,Person,643,236,1022,712,1280,720
frame_38_49.jpg,Person,718,41,789,268,1280,720
frame_38_5.jpg,Person,539,141,1002,684,1280,720
frame_38_50.jpg,Person,642,238,1021,712,1280,720
frame_38_50.jpg,Person,724,38,807,331,1280,720
frame_38_51.jpg,Person,641,240,1019,712,1280,720
frame_38_51.jpg,Person,730,42,812,358,1280,720
frame_38_52.jpg,Person,641,240,1016,711,1280,720
frame_38_52.jpg,Person,731,66,809,360,1280,720
frame_38_53.jpg,Person,639,238,1014,712,1280,720
frame_38_54.jpg,Person,637,242,1012,712,1280,720
frame_38_55.jpg,Person,634,243,1011,710,1280,720
frame_38_56.jpg,Person,632,244,1009,711,1280,720
frame_38_57.jpg,Person,631,245,1010,712,1280,720
frame_38_58.jpg,Person,631,245,1009,712,1280,720
frame_38_59.jpg,Person,634,246,1014,712,1280,720
frame_38_6.jpg,Person,567,1,892,254,1280,720
frame_38_7.jpg,Person,547,3,841,279,1280,720
frame_38_8.jpg,Person,543,34,1000,640,1280,720
frame_38_9.jpg,Person,546,7,815,310,1280,720
frame_61_45.jpg,Person,146,58,246,211,636,360
frame_61_45.jpg,Person,208,58,256,208,636,360
frame_61_45.jpg,Person,88,47,116,165,636,360
frame_61_45.jpg,Person,176,24,215,96,636,360
frame_61_46.jpg,Person,146,58,245,211,636,360
frame_61_46.jpg,Person,88,47,116,165,636,360
frame_61_46.jpg,Person,209,58,255,208,636,360
frame_61_46.jpg,Person,176,24,216,96,636,360
frame_61_47.jpg,Person,147,58,245,211,636,360
frame_61_47.jpg,Person,208,57,255,208,636,360
frame_61_47.jpg,Person,88,47,116,165,636,360
frame_61_47.jpg,Person,176,26,215,96,636,360
frame_61_48.jpg,Person,147,58,242,211,636,360
frame_61_48.jpg,Person,210,57,256,208,636,360
frame_61_48.jpg,Person,89,47,116,165,636,360
frame_61_48.jpg,Person,177,28,216,96,636,360
frame_61_49.jpg,Person,150,58,240,212,636,360
frame_61_49.jpg,Person,88,47,116,166,636,360
frame_61_49.jpg,Person,208,58,256,206,636,360
frame_61_49.jpg,Person,177,25,217,94,636,360
frame_61_5.jpg,Person,152,78,254,261,636,360
frame_61_5.jpg,Person,87,48,120,164,636,360
frame_61_5.jpg,Person,207,66,251,212,636,360
frame_61_5.jpg,Person,153,24,186,123,636,360
frame_61_50.jpg,Person,150,58,226,212,636,360
frame_61_50.jpg,Person,207,56,256,206,636,360
frame_61_50.jpg,Person,88,47,116,166,636,360
frame_61_50.jpg,Person,177,26,216,96,636,360
frame_61_51.jpg,Person,151,58,223,212,636,360
frame_61_51.jpg,Person,209,55,256,203,636,360
frame_61_51.jpg,Person,88,47,116,166,636,360
frame_61_51.jpg,Person,177,27,216,94,636,360
frame_61_52.jpg,Person,152,59,216,213,636,360
frame_61_52.jpg,Person,210,54,256,200,636,360
frame_61_52.jpg,Person,88,47,116,166,636,360
frame_61_52.jpg,Person,177,25,218,91,636,360
frame_61_53.jpg,Person,151,58,216,213,636,360
frame_61_53.jpg,Person,88,47,115,166,636,360
frame_61_53.jpg,Person,210,56,255,198,636,360
frame_61_53.jpg,Person,177,25,218,91,636,360
frame_61_54.jpg,Person,152,60,216,214,636,360
frame_61_54.jpg,Person,88,47,116,166,636,360
frame_61_54.jpg,Person,210,55,255,196,636,360
frame_61_54.jpg,Person,177,26,218,88,636,360
frame_61_55.jpg,Person,153,60,224,214,636,360
frame_61_55.jpg,Person,208,61,254,195,636,360
frame_61_55.jpg,Person,88,49,115,167,636,360
frame_61_55.jpg,Person,177,27,221,83,636,360
frame_61_56.jpg,Person,154,59,226,213,636,360
frame_61_56.jpg,Person,206,54,252,196,636,360
frame_61_56.jpg,Person,87,50,115,168,636,360
frame_61_56.jpg,Person,177,25,222,88,636,360
frame_61_57.jpg,Person,154,60,226,213,636,360
frame_61_57.jpg,Person,205,54,251,195,636,360
frame_61_57.jpg,Person,87,50,115,168,636,360
frame_61_57.jpg,Person,176,30,221,86,636,360
frame_61_58.jpg,Person,155,60,227,214,636,360
frame_61_58.jpg,Person,206,54,250,196,636,360
frame_61_58.jpg,Person,87,49,115,169,636,360
frame_61_58.jpg,Person,177,31,220,85,636,360
frame_61_59.jpg,Person,155,60,227,214,636,360
frame_61_59.jpg,Person,205,53,248,195,636,360
frame_61_59.jpg,Person,87,49,115,168,636,360
frame_61_59.jpg,Person,177,30,220,86,636,360
frame_61_6.jpg,Person,152,77,255,256,636,360
frame_61_6.jpg,Person,87,48,118,164,636,360
frame_61_6.jpg,Person,154,24,187,123,636,360
frame_61_6.jpg,Person,207,65,252,210,636,360
frame_61_7.jpg,Person,154,76,257,242,636,360
frame_61_7.jpg,Person,86,48,115,165,636,360
frame_61_7.jpg,Person,154,24,187,124,636,360
frame_61_7.jpg,Person,208,65,246,211,636,360
frame_61_8.jpg,Person,156,76,253,242,636,360
frame_61_8.jpg,Person,86,49,115,165,636,360
frame_61_8.jpg,Person,208,65,249,210,636,360
frame_61_8.jpg,Person,156,23,188,125,636,360
frame_61_9.jpg,Person,157,75,251,243,636,360
frame_61_9.jpg,Person,208,65,248,211,636,360
frame_61_9.jpg,Person,87,49,115,165,636,360
frame_61_9.jpg,Person,157,22,189,125,636,360
frame_62_10.jpg,Person,211,103,288,324,704,480
frame_62_11.jpg,Person,211,103,288,325,704,480
frame_62_12.jpg,Person,213,103,288,324,704,480
frame_134_9.jpg,Person,872,258,1076,644,1280,720
frame_135_0.jpg,Person,1075,269,1203,459,1280,720
frame_135_0.jpg,Person,674,359,801,628,1280,720
frame_135_0.jpg,Person,853,233,981,419,1280,720
frame_135_1.jpg,Person,674,359,803,634,1280,720
frame_135_1.jpg,Person,1075,269,1203,459,1280,720
frame_135_1.jpg,Person,844,233,977,418,1280,720
frame_135_10.jpg,Person,688,392,871,667,1280,720
frame_135_10.jpg,Person,1075,270,1204,459,1280,720
frame_135_10.jpg,Person,845,226,938,422,1280,720
frame_135_11.jpg,Person,1075,270,1205,459,1280,720
frame_135_11.jpg,Person,698,392,884,666,1280,720
frame_135_11.jpg,Person,843,226,936,416,1280,720
frame_135_12.jpg,Person,1074,270,1205,459,1280,720
frame_135_12.jpg,Person,707,390,888,667,1280,720
frame_135_12.jpg,Person,834,225,931,406,1280,720
frame_135_12.jpg,Person,827,225,932,548,1280,720
frame_135_13.jpg,Person,1075,269,1206,458,1280,720
frame_135_13.jpg,Person,719,398,891,664,1280,720
frame_135_13.jpg,Person,831,225,930,404,1280,720
frame_135_14.jpg,Person,1074,271,1207,459,1280,720
frame_135_14.jpg,Person,736,406,898,680,1280,720
frame_135_14.jpg,Person,830,227,926,413,1280,720
frame_135_15.jpg,Person,1075,269,1210,458,1280,720
frame_135_15.jpg,Person,741,415,904,705,1280,720
frame_135_15.jpg,Person,797,225,918,423,1280,720
frame_135_16.jpg,Person,1075,270,1211,459,1280,720
frame_135_16.jpg,Person,741,419,910,687,1280,720
frame_135_16.jpg,Person,817,225,913,409,1280,720
frame_135_17.jpg,Person,1075,271,1211,458,1280,720
frame_135_17.jpg,Person,742,426,915,715,1280,720
frame_135_17.jpg,Person,810,225,906,409,1280,720
frame_135_18.jpg,Person,742,432,918,715,1280,720
frame_135_18.jpg,Person,1075,273,1213,459,1280,720
frame_135_18.jpg,Person,781,225,902,413,1280,720
frame_135_19.jpg,Person,743,441,923,715,1280,720
frame_135_19.jpg,Person,1075,274,1214,460,1280,720
frame_135_19.jpg,Person,793,225,897,411,1280,720
frame_16_38.jpg,Person,158,55,186,116,640,360
frame_16_38.jpg,Person,220,123,265,189,640,360
frame_16_38.jpg,Person,405,76,462,184,640,360
frame_16_38.jpg,Person,498,93,561,198,640,360
frame_16_38.jpg,Person,54,108,102,198,640,360
frame_16_38.jpg,Person,393,83,415,168,640,360
frame_16_38.jpg,Person,37,117,101,198,640,360
frame_16_39.jpg,Person,157,56,186,116,640,360
frame_16_39.jpg,Person,221,123,265,189,640,360
frame_16_39.jpg,Person,471,199,535,317,640,360
frame_16_39.jpg,Person,499,93,561,199,640,360
frame_16_39.jpg,Person,407,76,462,184,640,360
frame_16_39.jpg,Person,36,115,100,198,640,360
frame_16_39.jpg,Person,393,82,415,169,640,360
frame_16_4.jpg,Person,150,55,185,116,640,360
frame_16_4.jpg,Person,500,89,556,206,640,360
frame_16_4.jpg,Person,220,122,265,188,640,360
frame_16_4.jpg,Person,401,80,463,184,640,360
frame_16_40.jpg,Person,499,93,562,199,640,360
frame_16_40.jpg,Person,221,123,265,189,640,360
frame_16_40.jpg,Person,157,55,186,116,640,360
frame_16_40.jpg,Person,405,76,462,184,640,360
frame_16_40.jpg,Person,37,113,101,199,640,360
frame_16_40.jpg,Person,443,200,520,324,640,360
frame_16_40.jpg,Person,393,81,416,169,640,360
frame_16_41.jpg,Person,499,93,560,198,640,360
frame_16_41.jpg,Person,157,55,186,116,640,360
frame_16_41.jpg,Person,221,123,265,189,640,360
frame_16_41.jpg,Person,405,76,462,184,640,360
frame_16_41.jpg,Person,449,200,511,321,640,360
frame_16_41.jpg,Person,37,113,98,202,640,360
frame_16_41.jpg,Person,393,79,416,169,640,360
frame_16_42.jpg,Person,499,93,560,199,640,360
frame_16_42.jpg,Person,158,55,186,116,640,360
frame_16_42.jpg,Person,442,199,511,326,640,360
frame_16_42.jpg,Person,221,123,265,189,640,360
frame_16_42.jpg,Person,37,115,98,202,640,360
frame_16_42.jpg,Person,405,76,462,184,640,360
frame_16_42.jpg,Person,393,79,414,168,640,360
frame_16_43.jpg,Person,156,55,186,116,640,360
frame_16_43.jpg,Person,499,93,560,199,640,360
frame_16_43.jpg,Person,221,123,265,189,640,360
frame_16_43.jpg,Person,37,115,97,198,640,360
frame_16_43.jpg,Person,406,76,461,183,640,360
frame_16_43.jpg,Person,441,196,501,323,640,360
frame_16_43.jpg,Person,393,79,414,169,640,360
frame_16_44.jpg,Person,38,116,98,198,640,360
frame_16_44.jpg,Person,156,55,186,116,640,360
frame_16_44.jpg,Person,499,93,560,199,640,360
frame_16_44.jpg,Person,406,76,461,183,640,360
frame_16_44.jpg,Person,220,123,266,189,640,360
frame_16_44.jpg,Person,426,199,501,327,640,360
frame_16_45.jpg,Person,156,56,186,116,640,360
frame_16_45.jpg,Person,36,114,95,196,640,360
frame_16_45.jpg,Person,500,93,560,199,640,360
frame_16_45.jpg,Person,406,76,462,183,640,360
frame_16_45.jpg,Person,220,124,265,190,640,360
frame_16_45.jpg,Person,416,197,489,326,640,360
frame_16_45.jpg,Person,56,82,102,157,640,360
frame_16_46.jpg,Person,156,56,186,116,640,360
frame_16_46.jpg,Person,36,113,95,196,640,360
frame_16_46.jpg,Person,500,93,559,199,640,360
frame_16_46.jpg,Person,409,199,489,326,640,360
frame_16_46.jpg,Person,405,77,460,184,640,360
frame_16_46.jpg,Person,56,81,101,156,640,360
frame_16_46.jpg,Person,220,124,265,190,640,360
frame_16_47.jpg,Person,36,114,93,194,640,360
frame_16_47.jpg,Person,156,56,186,116,640,360
frame_16_47.jpg,Person,501,93,559,199,640,360
frame_16_47.jpg,Person,424,200,480,327,640,360
frame_16_47.jpg,Person,405,78,460,184,640,360
frame_16_47.jpg,Person,220,124,265,190,640,360
frame_16_47.jpg,Person,56,82,102,153,640,360
frame_16_48.jpg,Person,36,112,93,193,640,360
frame_16_48.jpg,Person,156,57,186,117,640,360
frame_16_48.jpg,Person,501,93,558,199,640,360
frame_16_48.jpg,Person,405,78,460,184,640,360
frame_16_48.jpg,Person,220,124,265,190,640,360
frame_16_48.jpg,Person,390,206,480,328,640,360
frame_16_49.jpg,Person,35,111,93,193,640,360
frame_16_49.jpg,Person,156,57,186,117,640,360
frame_16_49.jpg,Person,501,92,558,199,640,360
frame_16_49.jpg,Person,407,207,480,327,640,360
frame_16_49.jpg,Person,50,93,100,157,640,360
frame_16_49.jpg,Person,406,78,459,184,640,360
frame_16_49.jpg,Person,219,123,264,189,640,360
frame_16_49.jpg,Person,57,81,102,157,640,360
frame_16_5.jpg,Person,151,56,185,117,640,360
frame_16_5.jpg,Person,499,91,556,207,640,360
frame_16_5.jpg,Person,406,76,463,184,640,360
frame_16_5.jpg,Person,220,122,265,187,640,360
frame_16_5.jpg,Person,66,123,115,202,640,360
frame_16_5.jpg,Person,398,84,420,170,640,360
frame_16_50.jpg,Person,156,57,186,116,640,360
frame_16_50.jpg,Person,502,92,558,199,640,360
frame_16_50.jpg,Person,35,111,91,191,640,360
frame_16_50.jpg,Person,407,78,444,183,640,360
frame_16_50.jpg,Person,55,87,103,156,640,360
frame_16_50.jpg,Person,219,123,264,189,640,360
frame_16_50.jpg,Person,406,78,459,184,640,360
frame_16_50.jpg,Person,394,77,418,168,640,360
frame_16_51.jpg,Person,502,92,558,199,640,360
frame_16_51.jpg,Person,156,57,186,116,640,360
frame_16_51.jpg,Person,34,111,89,191,640,360
frame_16_51.jpg,Person,220,123,265,189,640,360
frame_16_51.jpg,Person,408,78,445,184,640,360
frame_16_51.jpg,Person,407,78,460,184,640,360
frame_16_51.jpg,Person,385,200,472,325,640,360
frame_16_51.jpg,Person,393,79,416,169,640,360
frame_16_51.jpg,Person,59,81,102,155,640,360
frame_16_52.jpg,Person,502,92,558,199,640,360
frame_16_52.jpg,Person,156,57,186,116,640,360
frame_16_52.jpg,Person,33,110,88,194,640,360
frame_16_52.jpg,Person,409,78,445,184,640,360
frame_16_52.jpg,Person,220,123,265,189,640,360
frame_16_52.jpg,Person,59,81,100,153,640,360
frame_16_52.jpg,Person,394,79,416,169,640,360
frame_16_52.jpg,Person,407,78,460,184,640,360
frame_16_53.jpg,Person,156,57,186,116,640,360
frame_16_53.jpg,Person,501,88,557,200,640,360
frame_16_53.jpg,Person,408,78,445,184,640,360
frame_16_53.jpg,Person,32,99,85,195,640,360
frame_16_53.jpg,Person,220,123,266,189,640,360
frame_16_53.jpg,Person,380,199,446,327,640,360
frame_16_53.jpg,Person,60,80,100,151,640,360
frame_16_53.jpg,Person,394,79,415,168,640,360
frame_16_54.jpg,Person,502,93,556,199,640,360
frame_16_54.jpg,Person,156,57,186,116,640,360
frame_16_54.jpg,Person,32,91,85,195,640,360
frame_16_54.jpg,Person,409,78,445,184,640,360
frame_16_54.jpg,Person,221,123,277,189,640,360
frame_16_54.jpg,Person,394,79,415,169,640,360
frame_16_54.jpg,Person,432,78,461,171,640,360
frame_16_54.jpg,Person,59,80,100,150,640,360
frame_16_55.jpg,Person,502,93,556,199,640,360
frame_16_55.jpg,Person,156,57,186,116,640,360
frame_16_55.jpg,Person,31,105,86,194,640,360
frame_16_55.jpg,Person,411,78,445,184,640,360
frame_16_55.jpg,Person,220,122,275,189,640,360
frame_16_55.jpg,Person,328,199,436,327,640,360
frame_16_55.jpg,Person,394,78,417,169,640,360
frame_16_55.jpg,Person,47,91,87,150,640,360
frame_16_56.jpg,Person,501,93,555,199,640,360
frame_16_56.jpg,Person,156,58,186,116,640,360
frame_16_56.jpg,Person,30,101,87,195,640,360
frame_16_56.jpg,Person,411,78,444,184,640,360
frame_16_56.jpg,Person,219,123,267,189,640,360
frame_16_56.jpg,Person,42,86,87,150,640,360
frame_16_56.jpg,Person,394,78,417,169,640,360
frame_18_26.jpg,Person,334,70,398,186,640,360
frame_18_26.jpg,Person,368,35,421,166,640,360
frame_18_26.jpg,Person,231,15,264,122,640,360
frame_18_26.jpg,Person,320,0,352,54,640,360
frame_18_26.jpg,Person,206,38,237,122,640,360
frame_18_27.jpg,Person,334,70,398,186,640,360
frame_18_27.jpg,Person,367,35,420,167,640,360
frame_18_27.jpg,Person,232,15,272,121,640,360
frame_18_27.jpg,Person,206,37,237,123,640,360
frame_18_28.jpg,Person,334,70,398,186,640,360
frame_18_28.jpg,Person,369,35,421,166,640,360
frame_18_28.jpg,Person,320,0,352,54,640,360
frame_18_28.jpg,Person,231,36,262,122,640,360
frame_18_28.jpg,Person,210,36,240,120,640,360
frame_18_29.jpg,Person,333,70,397,186,640,360
frame_18_29.jpg,Person,368,33,421,168,640,360
frame_18_29.jpg,Person,319,0,351,54,640,360
frame_18_3.jpg,Person,230,14,264,120,640,360
frame_18_3.jpg,Person,333,69,395,185,640,360
frame_18_3.jpg,Person,367,43,418,167,640,360
frame_18_3.jpg,Person,147,45,194,159,640,360
frame_18_30.jpg,Person,333,70,396,186,640,360
frame_18_30.jpg,Person,368,33,421,168,640,360
frame_18_30.jpg,Person,318,0,350,54,640,360
frame_18_31.jpg,Person,333,69,396,185,640,360
frame_18_31.jpg,Person,368,29,422,169,640,360
frame_18_31.jpg,Person,318,0,350,52,640,360
frame_18_31.jpg,Person,218,14,262,119,640,360
frame_18_32.jpg,Person,333,69,396,184,640,360
frame_18_32.jpg,Person,368,34,421,168,640,360
frame_18_32.jpg,Person,218,15,262,119,640,360
frame_18_33.jpg,Person,333,69,396,184,640,360
frame_18_33.jpg,Person,368,34,421,168,640,360
frame_18_33.jpg,Person,222,14,263,119,640,360
frame_18_33.jpg,Person,318,0,350,53,640,360
frame_18_34.jpg,Person,333,69,396,184,640,360
frame_18_34.jpg,Person,369,34,421,168,640,360
frame_18_34.jpg,Person,318,0,350,53,640,360
frame_18_35.jpg,Person,334,70,397,185,640,360
frame_18_35.jpg,Person,369,34,421,168,640,360
frame_18_35.jpg,Person,318,0,349,53,640,360
frame_18_35.jpg,Person,226,15,264,109,640,360
frame_18_35.jpg,Person,368,7,398,55,640,360
frame_18_36.jpg,Person,333,69,396,186,640,360
frame_18_36.jpg,Person,368,36,421,167,640,360
frame_18_36.jpg,Person,317,0,349,52,640,360
frame_18_36.jpg,Person,228,15,263,118,640,360
frame_18_36.jpg,Person,368,7,398,54,640,360
frame_18_37.jpg,Person,333,69,396,186,640,360
frame_18_37.jpg,Person,230,15,265,117,640,360
frame_18_37.jpg,Person,368,23,421,169,640,360
frame_18_37.jpg,Person,316,0,347,52,640,360
frame_18_38.jpg,Person,333,70,396,186,640,360
frame_18_38.jpg,Person,229,14,264,117,640,360
frame_18_38.jpg,Person,367,30,420,168,640,360
frame_18_39.jpg,Person,333,69,396,186,640,360
frame_18_39.jpg,Person,367,38,420,167,640,360
frame_18_39.jpg,Person,230,15,266,119,640,360
frame_18_39.jpg,Person,316,0,346,52,640,360
frame_18_39.jpg,Person,363,7,398,74,640,360
frame_18_4.jpg,Person,230,15,264,121,640,360
frame_18_4.jpg,Person,368,42,418,167,640,360
frame_18_4.jpg,Person,332,68,395,185,640,360
frame_18_4.jpg,Person,149,42,194,159,640,360
frame_18_40.jpg,Person,368,42,420,167,640,360
frame_18_40.jpg,Person,333,69,396,184,640,360
frame_18_40.jpg,Person,316,0,346,52,640,360
frame_18_40.jpg,Person,230,14,268,118,640,360
frame_18_40.jpg,Person,363,7,398,74,640,360
frame_18_41.jpg,Person,333,69,396,186,640,360
frame_18_41.jpg,Person,367,42,420,168,640,360
frame_18_41.jpg,Person,230,14,271,118,640,360
frame_18_41.jpg,Person,314,0,345,52,640,360
frame_18_41.jpg,Person,389,14,421,67,640,360
frame_18_41.jpg,Person,362,7,397,73,640,360
frame_18_42.jpg,Person,367,42,420,167,640,360
frame_18_42.jpg,Person,333,69,396,186,640,360
frame_18_42.jpg,Person,230,14,272,118,640,360
frame_18_42.jpg,Person,388,14,421,70,640,360
frame_18_43.jpg,Person,367,42,421,168,640,360
frame_18_43.jpg,Person,333,69,396,186,640,360
frame_18_43.jpg,Person,231,14,273,119,640,360
frame_18_43.jpg,Person,313,0,344,52,640,360
frame_18_43.jpg,Person,368,7,398,49,640,360
frame_18_44.jpg,Person,367,42,421,168,640,360
frame_18_44.jpg,Person,333,69,396,186,640,360
frame_18_44.jpg,Person,231,14,275,119,640,360
frame_18_44.jpg,Person,362,7,398,72,640,360
frame_18_44.jpg,Person,308,0,344,52,640,360
frame_18_45.jpg,Person,333,70,396,186,640,360
frame_18_45.jpg,Person,367,40,420,167,640,360
frame_18_45.jpg,Person,230,14,274,119,640,360
frame_18_45.jpg,Person,310,0,343,52,640,360
frame_18_45.jpg,Person,362,8,398,74,640,360
frame_18_46.jpg,Person,333,69,396,185,640,360
frame_18_46.jpg,Person,367,42,421,168,640,360
frame_18_46.jpg,Person,231,14,275,119,640,360
frame_18_46.jpg,Person,310,0,343,52,640,360
frame_18_46.jpg,Person,361,8,398,74,640,360
frame_18_46.jpg,Person,368,7,398,45,640,360
frame_18_47.jpg,Person,333,70,396,186,640,360
frame_18_47.jpg,Person,230,13,277,119,640,360
frame_18_47.jpg,Person,366,39,421,168,640,360
frame_18_48.jpg,Person,334,70,396,186,640,360
frame_18_48.jpg,Person,366,41,421,168,640,360
frame_18_48.jpg,Person,230,13,283,119,640,360
frame_18_48.jpg,Person,368,7,398,47,640,360
frame_18_49.jpg,Person,333,70,396,186,640,360
frame_18_49.jpg,Person,367,42,421,168,640,360
frame_18_49.jpg,Person,368,7,398,48,640,360
frame_18_49.jpg,Person,231,14,263,50,640,360
frame_18_49.jpg,Person,264,21,294,53,640,360
frame_18_5.jpg,Person,230,15,264,121,640,360
frame_18_5.jpg,Person,367,42,416,167,640,360
frame_18_5.jpg,Person,332,70,395,186,640,360
frame_18_5.jpg,Person,133,42,194,159,640,360
frame_18_50.jpg,Person,334,69,396,186,640,360
frame_18_50.jpg,Person,366,40,420,168,640,360
frame_18_50.jpg,Person,230,13,286,121,640,360
frame_18_50.jpg,Person,231,14,265,120,640,360
frame_18_50.jpg,Person,361,7,398,73,640,360
frame_80_47.jpg,Person,296,11,312,39,320,240
frame_80_47.jpg,Person,105,1,128,42,320,240
frame_80_47.jpg,Person,55,13,72,59,320,240
frame_80_47.jpg,Person,106,66,126,100,320,240
frame_80_48.jpg,Person,105,1,128,42,320,240
frame_80_48.jpg,Person,104,66,126,100,320,240
frame_80_48.jpg,Person,295,11,311,40,320,240
frame_80_48.jpg,Person,162,37,178,62,320,240
frame_80_48.jpg,Person,55,13,72,58,320,240
frame_80_48.jpg,Person,86,47,101,71,320,240
frame_80_49.jpg,Person,105,1,128,42,320,240
frame_80_49.jpg,Person,104,66,122,100,320,240
frame_80_49.jpg,Person,55,13,72,59,320,240
frame_80_49.jpg,Person,87,47,101,70,320,240
frame_80_49.jpg,Person,293,12,310,44,320,240
frame_80_5.jpg,Person,144,52,158,84,320,240
frame_80_5.jpg,Person,105,2,128,42,320,240
frame_80_5.jpg,Person,194,28,211,58,320,240
frame_80_5.jpg,Person,131,41,147,72,320,240
frame_80_5.jpg,Person,55,13,72,58,320,240
frame_80_50.jpg,Person,292,12,309,44,320,240
frame_80_50.jpg,Person,104,1,127,42,320,240
frame_80_50.jpg,Person,103,66,116,99,320,240
frame_80_50.jpg,Person,55,13,72,59,320,240
frame_80_50.jpg,Person,79,47,100,90,320,240
frame_80_51.jpg,Person,103,67,116,99,320,240
frame_80_51.jpg,Person,105,1,128,42,320,240
frame_80_51.jpg,Person,292,12,308,42,320,240
frame_80_51.jpg,Person,55,13,72,58,320,240
frame_80_51.jpg,Person,85,47,99,73,320,240
frame_80_52.jpg,Person,103,67,115,99,320,240
frame_80_52.jpg,Person,105,1,128,42,320,240
frame_80_52.jpg,Person,55,15,72,59,320,240
frame_80_52.jpg,Person,291,11,308,40,320,240
frame_80_52.jpg,Person,84,47,98,71,320,240
frame_80_53.jpg,Person,101,67,114,98,320,240
frame_80_53.jpg,Person,105,1,128,42,320,240
frame_80_53.jpg,Person,290,12,307,42,320,240
frame_80_53.jpg,Person,83,47,97,72,320,240
frame_80_53.jpg,Person,55,14,72,58,320,240
frame_80_54.jpg,Person,289,13,306,43,320,240
frame_80_54.jpg,Person,101,67,113,98,320,240
frame_80_54.jpg,Person,104,1,127,42,320,240
frame_80_54.jpg,Person,55,14,72,58,320,240
frame_80_55.jpg,Person,288,13,306,47,320,240
frame_80_55.jpg,Person,99,68,112,98,320,240
frame_80_55.jpg,Person,105,0,128,42,320,240
frame_80_56.jpg,Person,286,12,305,44,320,240
frame_80_56.jpg,Person,99,69,113,103,320,240
frame_80_56.jpg,Person,105,1,128,42,320,240
frame_80_57.jpg,Person,283,12,304,44,320,240
frame_80_57.jpg,Person,95,69,113,107,320,240
frame_80_57.jpg,Person,104,0,127,41,320,240
frame_80_57.jpg,Person,154,36,168,64,320,240
frame_80_58.jpg,Person,281,13,303,44,320,240
frame_80_58.jpg,Person,96,69,113,106,320,240
frame_80_58.jpg,Person,152,37,168,65,320,240
frame_80_58.jpg,Person,104,0,127,41,320,240
frame_80_59.jpg,Person,279,13,302,44,320,240
frame_80_59.jpg,Person,93,70,113,107,320,240
frame_80_59.jpg,Person,150,37,167,67,320,240
frame_80_59.jpg,Person,104,1,127,42,320,240
frame_80_59.jpg,Person,298,27,319,66,320,240
frame_80_6.jpg,Person,142,52,158,84,320,240
frame_80_6.jpg,Person,105,2,128,42,320,240
frame_80_6.jpg,Person,193,27,211,56,320,240
frame_80_6.jpg,Person,131,42,145,71,320,240
frame_80_6.jpg,Person,56,11,72,58,320,240
frame_80_7.jpg,Person,104,2,127,42,320,240
frame_80_7.jpg,Person,138,52,158,87,320,240
frame_80_7.jpg,Person,191,27,212,56,320,240
frame_80_7.jpg,Person,56,14,72,58,320,240
frame_80_7.jpg,Person,129,42,145,71,320,240
frame_80_8.jpg,Person,191,27,211,56,320,240
frame_80_8.jpg,Person,136,53,158,85,320,240
frame_80_8.jpg,Person,104,2,127,42,320,240
frame_80_8.jpg,Person,122,42,144,71,320,240
frame_80_8.jpg,Person,55,13,72,58,320,240
frame_80_8.jpg,Person,220,0,244,24,320,240
frame_80_9.jpg,Person,191,28,210,56,320,240
frame_80_9.jpg,Person,136,53,158,88,320,240
frame_80_9.jpg,Person,104,2,127,42,320,240
frame_80_9.jpg,Person,121,43,142,73,320,240
frame_80_9.jpg,Person,55,13,72,58,320,240
frame_81_0.jpg,Person,55,16,73,76,320,240
frame_81_0.jpg,Person,103,205,121,239,320,240
frame_81_0.jpg,Person,89,1,103,35,320,240
frame_81_1.jpg,Person,124,222,141,239,320,240
frame_81_1.jpg,Person,55,17,73,76,320,240
frame_81_1.jpg,Person,101,205,118,239,320,240
frame_81_1.jpg,Person,89,1,102,34,320,240
frame_81_10.jpg,Person,91,6,104,40,320,240
frame_81_10.jpg,Person,55,22,88,78,320,240
frame_81_10.jpg,Person,95,206,117,239,320,240
frame_81_10.jpg,Person,104,3,127,42,320,240
frame_81_11.jpg,Person,92,6,105,39,320,240
frame_81_11.jpg,Person,55,21,88,79,320,240
frame_81_11.jpg,Person,92,207,107,239,320,240
frame_92_20.jpg,Person,68,50,98,123,636,360
frame_92_20.jpg,Person,102,28,127,109,636,360
frame_92_20.jpg,Person,36,44,69,100,636,360
frame_92_20.jpg,Person,451,0,634,351,636,360
frame_92_20.jpg,Person,82,1,94,34,636,360
frame_92_20.jpg,Person,74,4,84,41,636,360
frame_92_21.jpg,Person,69,52,96,122,636,360
frame_92_21.jpg,Person,101,27,129,109,636,360
frame_92_21.jpg,Person,35,44,70,101,636,360
frame_92_21.jpg,Person,453,0,635,351,636,360
frame_92_22.jpg,Person,70,50,96,123,636,360
frame_92_22.jpg,Person,101,25,126,108,636,360
frame_92_22.jpg,Person,35,44,70,101,636,360
frame_92_23.jpg,Person,70,50,93,120,636,360
frame_92_23.jpg,Person,98,23,128,107,636,360
frame_92_23.jpg,Person,36,45,64,104,636,360
frame_92_24.jpg,Person,71,48,93,118,636,360
frame_92_24.jpg,Person,96,22,127,104,636,360
frame_92_24.jpg,Person,37,46,63,104,636,360
frame_92_25.jpg,Person,70,48,92,118,636,360
frame_92_25.jpg,Person,95,24,124,100,636,360
frame_92_25.jpg,Person,37,46,59,105,636,360
frame_92_26.jpg,Person,70,48,92,116,636,360
frame_92_26.jpg,Person,96,24,122,99,636,360
frame_92_26.jpg,Person,38,46,56,105,636,360
frame_92_27.jpg,Person,92,24,122,98,636,360
frame_92_27.jpg,Person,69,47,90,116,636,360
frame_92_28.jpg,Person,67,46,90,115,636,360
frame_92_28.jpg,Person,91,24,120,97,636,360
frame_92_28.jpg,Person,35,43,54,107,636,360
frame_92_29.jpg,Person,59,45,88,115,636,360
frame_92_29.jpg,Person,89,23,114,96,636,360
frame_92_3.jpg,Person,73,69,109,157,636,360
frame_92_3.jpg,Person,134,34,164,146,636,360
frame_92_3.jpg,Person,46,47,66,88,636,360
frame_92_30.jpg,Person,58,44,88,115,636,360
frame_92_30.jpg,Person,89,23,115,97,636,360
frame_92_31.jpg,Person,58,44,88,116,636,360
frame_92_31.jpg,Person,88,22,112,96,636,360
frame_92_32.jpg,Person,58,44,88,115,636,360
frame_92_32.jpg,Person,88,22,113,95,636,360
frame_92_33.jpg,Person,57,44,88,115,636,360
frame_92_34.jpg,Person,57,43,87,114,636,360
frame_92_35.jpg,Person,58,42,86,111,636,360
frame_92_36.jpg,Person,58,43,85,101,636,360
frame_92_36.jpg,Person,80,42,98,89,636,360
frame_92_37.jpg,Person,58,42,84,100,636,360
frame_92_37.jpg,Person,79,42,96,89,636,360
frame_92_38.jpg,Person,58,43,83,99,636,360
frame_92_38.jpg,Person,79,43,96,89,636,360
frame_92_39.jpg,Person,58,42,82,97,636,360
frame_92_39.jpg,Person,78,43,96,89,636,360
frame_82_13.jpg,Person,104,2,128,42,320,240
frame_82_13.jpg,Person,103,60,119,90,320,240
frame_82_13.jpg,Person,14,106,32,133,320,240
frame_82_13.jpg,Person,55,17,72,59,320,240
frame_82_33.jpg,Person,69,57,85,88,320,240
frame_82_33.jpg,Person,41,101,56,128,320,240
frame_82_33.jpg,Person,55,17,72,59,320,240
frame_82_33.jpg,Person,104,2,128,42,320,240
frame_82_33.jpg,Person,79,67,100,95,320,240
frame_82_56.jpg,Person,104,2,128,42,320,240
frame_82_56.jpg,Person,55,17,72,59,320,240
frame_82_56.jpg,Person,71,95,84,126,320,240
frame_86_15.jpg,Person,279,16,289,36,320,240
frame_86_15.jpg,Person,111,207,123,238,320,240
frame_86_15.jpg,Person,82,213,97,239,320,240
frame_86_15.jpg,Person,97,218,112,239,320,240
frame_86_31.jpg,Person,272,18,285,40,320,240
frame_86_31.jpg,Person,109,199,126,233,320,240
frame_86_31.jpg,Person,80,200,95,232,320,240
frame_86_31.jpg,Person,78,175,91,206,320,240
frame_86_31.jpg,Person,95,209,112,239,320,240
frame_86_31.jpg,Person,105,190,117,213,320,240
frame_87_15.jpg,Person,298,16,309,35,320,240
frame_87_15.jpg,Person,207,44,216,62,320,240
frame_87_9.jpg,Person,298,18,311,38,320,240
frame_87_9.jpg,Person,158,147,170,174,320,240
frame_8_18.jpg,Person,315,251,348,342,640,360
frame_8_18.jpg,Person,301,229,321,296,640,360
frame_8_18.jpg,Person,386,227,406,292,640,360
frame_8_18.jpg,Person,360,241,384,311,640,360
frame_8_18.jpg,Person,319,233,335,264,640,360
frame_8_18.jpg,Person,330,228,351,266,640,360
frame_8_18.jpg,Person,348,232,359,250,640,360
frame_91_26.jpg,Person,196,167,216,210,320,240
frame_91_26.jpg,Person,206,112,216,145,320,240
frame_91_26.jpg,Person,181,164,196,202,320,240
frame_91_26.jpg,Person,177,147,195,186,320,240
frame_92_2.jpg,Person,134,35,167,145,636,360
frame_92_2.jpg,Person,73,70,109,158,636,360
frame_92_2.jpg,Person,49,46,66,84,636,360
frame_92_4.jpg,Person,74,68,108,157,636,360
frame_92_4.jpg,Person,133,28,163,145,636,360
frame_92_4.jpg,Person,44,49,66,93,636,360
frame_1_77.jpg,Person,162,108,230,282,480,360
frame_1_77.jpg,Person,61,151,161,347,480,360
frame_1_77.jpg,Person,31,110,85,258,480,360
frame_1_8.jpg,Person,95,61,149,192,480,360
frame_1_8.jpg,Person,7,73,52,182,480,360
frame_1_9.jpg,Person,94,61,149,193,480,360
frame_1_9.jpg,Person,7,74,52,182,480,360
frame_137_0.jpg,Person,445,73,676,611,1280,720
frame_137_1.jpg,Person,445,73,676,611,1280,720
frame_137_10.jpg,Person,404,41,650,549,1280,720
frame_137_11.jpg,Person,386,46,646,542,1280,720
frame_137_11.jpg,Person,443,97,644,539,1280,720
frame_137_12.jpg,Person,370,94,632,507,1280,720
frame_137_13.jpg,Person,360,96,629,516,1280,720
frame_137_13.jpg,Person,440,100,629,516,1280,720
frame_137_14.jpg,Person,329,95,630,514,1280,720
frame_137_15.jpg,Person,345,88,634,511,1280,720
frame_137_16.jpg,Person,357,68,648,509,1280,720
frame_137_17.jpg,Person,388,39,645,504,1280,720
frame_137_18.jpg,Person,404,27,648,495,1280,720
frame_137_19.jpg,Person,409,27,650,499,1280,720
frame_137_2.jpg,Person,437,69,675,611,1280,720
frame_137_20.jpg,Person,418,52,652,487,1280,720
frame_137_21.jpg,Person,435,56,650,469,1280,720
frame_137_22.jpg,Person,435,58,648,455,1280,720
frame_137_23.jpg,Person,442,40,646,450,1280,720
frame_137_24.jpg,Person,452,41,644,451,1280,720
frame_137_25.jpg,Person,442,2,643,451,1280,720
frame_137_26.jpg,Person,445,1,643,452,1280,720
frame_137_27.jpg,Person,443,2,642,454,1280,720
frame_137_28.jpg,Person,446,4,642,456,1280,720
frame_137_29.jpg,Person,447,4,643,459,1280,720
frame_48_12.jpg,Person,12,3,161,280,626,360
frame_48_12.jpg,Person,271,94,417,336,626,360
frame_48_12.jpg,Person,79,190,176,354,626,360
frame_48_13.jpg,Person,272,97,427,339,626,360
frame_48_13.jpg,Person,10,3,187,267,626,360
frame_48_13.jpg,Person,221,296,322,355,626,360
frame_48_14.jpg,Person,11,4,182,264,626,360
frame_48_14.jpg,Person,277,99,423,345,626,360
frame_48_14.jpg,Person,78,187,211,348,626,360
frame_48_14.jpg,Person,215,294,317,354,626,360
frame_48_15.jpg,Person,12,4,151,274,626,360
frame_48_15.jpg,Person,80,184,226,332,626,360
frame_48_15.jpg,Person,73,291,336,355,626,360
frame_48_15.jpg,Person,281,110,424,338,626,360
frame_48_15.jpg,Person,95,2,188,151,626,360
frame_48_16.jpg,Person,13,4,151,276,626,360
frame_48_16.jpg,Person,78,291,337,355,626,360
frame_48_16.jpg,Person,82,182,228,322,626,360
frame_48_16.jpg,Person,92,3,188,150,626,360
frame_48_16.jpg,Person,282,94,502,339,626,360
frame_48_17.jpg,Person,14,4,150,269,626,360
frame_48_17.jpg,Person,282,114,438,346,626,360
frame_48_17.jpg,Person,79,179,236,352,626,360
frame_48_17.jpg,Person,202,287,336,355,626,360
frame_48_17.jpg,Person,201,3,281,89,626,360
frame_48_17.jpg,Person,95,2,188,147,626,360
frame_48_18.jpg,Person,13,4,146,255,626,360
frame_48_18.jpg,Person,293,116,441,301,626,360
frame_48_18.jpg,Person,79,175,242,352,626,360
frame_48_18.jpg,Person,198,3,281,88,626,360
frame_48_18.jpg,Person,99,3,188,150,626,360
frame_48_18.jpg,Person,198,287,289,355,626,360
frame_48_19.jpg,Person,82,174,247,354,626,360
frame_48_19.jpg,Person,16,4,146,262,626,360
frame_48_19.jpg,Person,296,121,448,305,626,360
frame_48_19.jpg,Person,94,3,188,153,626,360
frame_48_19.jpg,Person,197,3,281,89,626,360
frame_48_2.jpg,Person,273,69,421,297,626,360
frame_48_2.jpg,Person,15,3,188,336,626,360
frame_48_2.jpg,Person,177,3,270,85,626,360
frame_48_20.jpg,Person,16,4,148,274,626,360
frame_48_20.jpg,Person,85,161,218,352,626,360
frame_48_20.jpg,Person,135,3,188,149,626,360
frame_48_20.jpg,Person,298,146,449,347,626,360
frame_48_20.jpg,Person,191,178,311,354,626,360
frame_48_21.jpg,Person,15,4,142,276,626,360
frame_48_21.jpg,Person,86,161,206,350,626,360
frame_48_21.jpg,Person,294,132,453,349,626,360
frame_48_21.jpg,Person,95,3,188,153,626,360
frame_48_21.jpg,Person,94,174,310,354,626,360
frame_48_21.jpg,Person,135,3,189,149,626,360
frame_48_21.jpg,Person,190,174,310,354,626,360
frame_48_22.jpg,Person,16,4,146,275,626,360
frame_48_22.jpg,Person,301,129,462,347,626,360
frame_48_22.jpg,Person,91,164,208,352,626,360
frame_48_22.jpg,Person,185,170,306,354,626,360
frame_48_22.jpg,Person,130,3,188,148,626,360
frame_48_22.jpg,Person,99,3,189,149,626,360
frame_48_23.jpg,Person,16,4,146,255,626,360
frame_48_23.jpg,Person,302,131,479,349,626,360
frame_48_23.jpg,Person,114,157,302,354,626,360
frame_48_23.jpg,Person,86,160,201,349,626,360
frame_48_23.jpg,Person,125,4,188,150,626,360
frame_48_23.jpg,Person,97,3,188,150,626,360
frame_48_24.jpg,Person,108,168,298,354,626,360
frame_48_24.jpg,Person,15,4,144,279,626,360
frame_48_24.jpg,Person,88,157,200,345,626,360
frame_48_24.jpg,Person,310,149,479,348,626,360
frame_48_24.jpg,Person,124,3,187,150,626,360
frame_48_25.jpg,Person,110,153,293,355,626,360
frame_48_25.jpg,Person,310,148,480,350,626,360
frame_48_25.jpg,Person,100,158,201,336,626,360
frame_48_25.jpg,Person,15,3,139,222,626,360
frame_48_26.jpg,Person,109,151,292,354,626,360
frame_48_26.jpg,Person,311,139,485,350,626,360
frame_48_26.jpg,Person,14,3,140,207,626,360
frame_48_26.jpg,Person,99,155,203,339,626,360
frame_48_26.jpg,Person,14,4,142,290,626,360
frame_48_26.jpg,Person,125,3,185,146,626,360
frame_48_27.jpg,Person,109,148,290,354,626,360
frame_48_27.jpg,Person,310,143,489,350,626,360
frame_48_27.jpg,Person,13,4,139,310,626,360
frame_48_27.jpg,Person,102,145,204,341,626,360
frame_48_28.jpg,Person,108,146,290,354,626,360
frame_48_28.jpg,Person,311,138,488,349,626,360
frame_48_28.jpg,Person,13,4,138,278,626,360
frame_48_28.jpg,Person,106,141,204,327,626,360
frame_126_55.jpg,Person,843,265,972,448,1280,720
frame_126_55.jpg,Person,544,338,679,532,1280,720
frame_126_55.jpg,Person,650,103,728,260,1280,720
frame_126_55.jpg,Person,692,183,765,267,1280,720
frame_126_55.jpg,Person,785,167,846,234,1280,720
frame_126_55.jpg,Person,275,497,435,641,1280,720
frame_126_55.jpg,Person,991,223,1063,342,1280,720
frame_126_55.jpg,Person,963,221,1062,344,1280,720
frame_126_56.jpg,Person,833,229,973,448,1280,720
frame_126_56.jpg,Person,544,324,679,534,1280,720
frame_126_56.jpg,Person,649,104,728,262,1280,720
frame_126_56.jpg,Person,276,498,430,641,1280,720
frame_126_56.jpg,Person,890,102,988,200,1280,720
frame_126_56.jpg,Person,785,167,846,234,1280,720
frame_126_56.jpg,Person,692,182,766,266,1280,720
frame_126_56.jpg,Person,985,223,1063,342,1280,720
frame_126_57.jpg,Person,827,226,974,450,1280,720
frame_126_57.jpg,Person,650,104,728,262,1280,720
frame_126_57.jpg,Person,547,324,679,534,1280,720
frame_126_57.jpg,Person,276,497,431,641,1280,720
frame_126_57.jpg,Person,785,167,846,234,1280,720
frame_126_57.jpg,Person,968,222,1062,345,1280,720
frame_126_57.jpg,Person,691,182,768,266,1280,720
frame_126_57.jpg,Person,890,100,988,197,1280,720
frame_126_57.jpg,Person,309,401,433,539,1280,720
frame_126_58.jpg,Person,824,224,973,451,1280,720
frame_126_58.jpg,Person,546,308,677,534,1280,720
frame_126_58.jpg,Person,651,103,728,260,1280,720
frame_126_58.jpg,Person,277,498,430,641,1280,720
frame_126_58.jpg,Person,786,167,846,234,1280,720
frame_126_58.jpg,Person,309,402,430,540,1280,720
frame_126_58.jpg,Person,889,98,987,198,1280,720
frame_126_58.jpg,Person,692,181,769,266,1280,720
frame_126_58.jpg,Person,906,583,1114,718,1280,720
frame_126_58.jpg,Person,965,223,1062,345,1280,720
frame_126_59.jpg,Person,821,227,966,453,1280,720
frame_126_59.jpg,Person,546,344,675,531,1280,720
frame_126_59.jpg,Person,651,103,728,260,1280,720
frame_126_59.jpg,Person,962,223,1061,388,1280,720
frame_126_59.jpg,Person,277,496,430,641,1280,720
frame_126_59.jpg,Person,785,167,846,235,1280,720
frame_126_59.jpg,Person,309,402,429,540,1280,720
frame_126_59.jpg,Person,694,180,770,266,1280,720
frame_126_6.jpg,Person,830,274,1024,447,1280,720
frame_126_6.jpg,Person,552,317,653,537,1280,720
frame_126_6.jpg,Person,651,104,729,260,1280,720
frame_126_6.jpg,Person,785,169,849,235,1280,720
frame_126_6.jpg,Person,692,180,768,266,1280,720
frame_126_6.jpg,Person,286,482,447,652,1280,720
frame_126_6.jpg,Person,314,141,356,205,1280,720
frame_126_6.jpg,Person,202,240,285,353,1280,720
frame_126_6.jpg,Person,308,404,449,552,1280,720
frame_126_6.jpg,Person,1001,111,1047,226,1280,720
frame_126_7.jpg,Person,829,275,1020,449,1280,720
frame_126_7.jpg,Person,555,321,652,536,1280,720
frame_126_7.jpg,Person,651,103,729,260,1280,720
frame_126_7.jpg,Person,785,169,849,235,1280,720
frame_126_7.jpg,Person,692,180,768,266,1280,720
frame_126_7.jpg,Person,288,481,448,650,1280,720
frame_126_7.jpg,Person,308,405,453,549,1280,720
frame_126_7.jpg,Person,315,141,357,205,1280,720
frame_126_8.jpg,Person,832,274,1020,448,1280,720
frame_126_8.jpg,Person,552,329,651,537,1280,720
frame_126_8.jpg,Person,785,169,849,235,1280,720
frame_126_8.jpg,Person,650,104,731,260,1280,720
frame_126_8.jpg,Person,693,180,769,266,1280,720
frame_126_8.jpg,Person,290,481,449,649,1280,720
frame_126_8.jpg,Person,309,405,445,542,1280,720
frame_126_8.jpg,Person,315,141,357,205,1280,720
frame_126_9.jpg,Person,832,273,1018,448,1280,720
frame_126_9.jpg,Person,549,329,651,537,1280,720
frame_126_9.jpg,Person,785,169,849,235,1280,720
frame_126_9.jpg,Person,650,104,731,260,1280,720
frame_126_9.jpg,Person,692,180,768,265,1280,720
frame_126_9.jpg,Person,292,479,444,646,1280,720
frame_126_9.jpg,Person,308,405,443,543,1280,720
frame_126_9.jpg,Person,314,141,356,205,1280,720
frame_127_0.jpg,Person,697,194,1026,446,1280,720
frame_127_0.jpg,Person,113,394,425,703,1280,720
frame_127_1.jpg,Person,696,194,1026,446,1280,720
frame_127_1.jpg,Person,112,395,423,704,1280,720
frame_127_10.jpg,Person,695,192,1026,446,1280,720
frame_127_10.jpg,Person,111,394,420,704,1280,720
frame_127_11.jpg,Person,694,193,1026,447,1280,720
frame_127_11.jpg,Person,111,394,418,704,1280,720
frame_127_12.jpg,Person,695,192,1027,447,1280,720
frame_127_12.jpg,Person,112,393,420,704,1280,720
frame_127_13.jpg,Person,701,192,1026,447,1280,720
frame_127_13.jpg,Person,111,392,420,704,1280,720
frame_127_14.jpg,Person,699,192,1026,447,1280,720
frame_127_14.jpg,Person,112,393,418,705,1280,720
frame_127_15.jpg,Person,699,192,1027,447,1280,720
frame_127_15.jpg,Person,111,393,418,705,1280,720
frame_127_16.jpg,Person,695,192,1027,447,1280,720
frame_127_16.jpg,Person,111,393,420,704,1280,720
frame_127_17.jpg,Person,695,192,1026,447,1280,720
frame_127_17.jpg,Person,112,391,424,704,1280,720
frame_127_18.jpg,Person,697,192,1026,447,1280,720
frame_127_18.jpg,Person,112,390,424,704,1280,720
frame_32_1.jpg,Person,292,50,343,176,640,360
frame_32_10.jpg,Person,287,53,348,179,640,360
frame_32_11.jpg,Person,287,56,351,180,640,360
frame_32_12.jpg,Person,286,57,354,181,640,360
frame_32_13.jpg,Person,289,59,354,181,640,360
frame_32_14.jpg,Person,287,67,354,180,640,360
frame_32_15.jpg,Person,285,69,354,180,640,360
frame_32_16.jpg,Person,279,69,354,180,640,360
frame_32_17.jpg,Person,272,67,353,182,640,360
frame_32_18.jpg,Person,270,66,347,181,640,360
frame_32_19.jpg,Person,267,68,340,182,640,360
frame_32_2.jpg,Person,293,51,344,177,640,360
frame_32_20.jpg,Person,264,67,328,182,640,360
frame_32_21.jpg,Person,248,69,308,181,640,360
frame_32_22.jpg,Person,243,69,309,181,640,360
frame_32_23.jpg,Person,239,70,309,182,640,360
frame_32_24.jpg,Person,236,69,308,182,640,360
frame_32_25.jpg,Person,230,70,299,180,640,360
frame_32_26.jpg,Person,230,70,294,180,640,360
frame_32_27.jpg,Person,230,70,284,180,640,360
frame_32_28.jpg,Person,226,70,275,180,640,360
frame_32_29.jpg,Person,225,69,279,180,640,360
frame_32_3.jpg,Person,292,51,345,177,640,360
frame_32_30.jpg,Person,223,66,278,180,640,360
frame_32_31.jpg,Person,222,63,276,179,640,360
frame_32_32.jpg,Person,222,63,272,177,640,360
frame_32_33.jpg,Person,221,62,266,166,640,360
frame_32_34.jpg,Person,221,61,264,162,640,360
frame_32_35.jpg,Person,218,61,264,161,640,360
frame_32_36.jpg,Person,217,57,262,160,640,360
frame_32_37.jpg,Person,218,51,264,159,640,360
frame_32_38.jpg,Person,217,47,266,159,640,360
frame_32_39.jpg,Person,219,46,267,148,640,360
frame_32_4.jpg,Person,294,50,347,177,640,360
frame_32_40.jpg,Person,220,39,268,154,640,360
frame_65_24.jpg,Person,317,278,477,477,704,480
frame_65_25.jpg,Person,319,274,481,478,704,480
frame_65_26.jpg,Person,318,266,479,477,704,480
frame_65_27.jpg,Person,319,262,478,477,704,480
frame_65_28.jpg,Person,320,258,471,477,704,480
frame_65_29.jpg,Person,322,248,465,478,704,480
frame_65_30.jpg,Person,326,237,466,478,704,480
frame_65_31.jpg,Person,327,231,467,478,704,480
frame_65_32.jpg,Person,326,222,475,477,704,480
frame_65_33.jpg,Person,326,218,456,475,704,480
frame_65_34.jpg,Person,325,212,456,473,704,480
frame_65_35.jpg,Person,326,210,456,473,704,480
frame_65_36.jpg,Person,326,208,464,474,704,480
frame_65_37.jpg,Person,326,203,453,474,704,480
frame_65_38.jpg,Person,327,198,455,472,704,480
frame_65_39.jpg,Person,327,194,451,460,704,480
frame_143_33.jpg,Person,572,313,712,593,1280,720
frame_143_34.jpg,Person,572,314,711,592,1280,720
frame_143_35.jpg,Person,553,313,708,707,1280,720
frame_143_36.jpg,Person,553,312,708,707,1280,720
frame_143_37.jpg,Person,539,329,700,666,1280,720
frame_143_39.jpg,Person,523,321,695,707,1280,720
frame_143_40.jpg,Person,523,317,695,709,1280,720
frame_143_41.jpg,Person,484,314,696,713,1280,720
frame_143_42.jpg,Person,483,316,696,714,1280,720
frame_143_43.jpg,Person,483,309,699,713,1280,720
frame_143_44.jpg,Person,483,309,699,712,1280,720
frame_143_45.jpg,Person,474,307,699,682,1280,720
frame_143_46.jpg,Person,474,308,699,680,1280,720
frame_143_47.jpg,Person,475,296,694,695,1280,720
frame_143_48.jpg,Person,475,297,694,692,1280,720
frame_143_49.jpg,Person,484,293,682,700,1280,720
frame_143_5.jpg,Person,819,361,909,586,1280,720
frame_143_50.jpg,Person,484,293,682,701,1280,720
frame_143_51.jpg,Person,495,285,662,694,1280,720
frame_143_52.jpg,Person,495,286,662,691,1280,720
frame_143_53.jpg,Person,503,275,675,704,1280,720
frame_51_26.jpg,Person,43,26,73,92,480,360
frame_51_26.jpg,Person,86,22,101,74,480,360
frame_51_27.jpg,Person,43,26,73,92,480,360
frame_51_27.jpg,Person,86,22,101,74,480,360
frame_51_27.jpg,Person,337,242,393,358,480,360
frame_51_28.jpg,Person,43,26,72,91,480,360
frame_51_28.jpg,Person,86,21,101,74,480,360
frame_51_29.jpg,Person,43,26,72,91,480,360
frame_51_29.jpg,Person,86,21,101,74,480,360
frame_51_33.jpg,Person,43,26,69,91,480,360
frame_51_34.jpg,Person,43,26,68,92,480,360
frame_51_34.jpg,Person,84,21,101,75,480,360
frame_51_35.jpg,Person,44,26,68,91,480,360
frame_51_35.jpg,Person,86,21,101,74,480,360
frame_51_36.jpg,Person,43,26,69,91,480,360
frame_51_36.jpg,Person,84,22,102,75,480,360
frame_51_37.jpg,Person,44,27,70,91,480,360
frame_51_38.jpg,Person,44,28,70,92,480,360
frame_51_38.jpg,Person,84,24,102,75,480,360
frame_51_39.jpg,Person,43,26,70,92,480,360
frame_51_39.jpg,Person,85,24,102,75,480,360
frame_51_40.jpg,Person,43,29,70,91,480,360
frame_51_40.jpg,Person,84,24,101,76,480,360
frame_51_41.jpg,Person,45,30,70,91,480,360
frame_51_41.jpg,Person,76,24,101,76,480,360
frame_51_42.jpg,Person,45,30,70,91,480,360
frame_51_42.jpg,Person,76,24,101,76,480,360
frame_51_43.jpg,Person,45,30,70,91,480,360
frame_51_43.jpg,Person,76,24,101,76,480,360
frame_51_44.jpg,Person,47,34,70,91,480,360
frame_51_44.jpg,Person,75,24,100,76,480,360
frame_51_45.jpg,Person,49,34,71,91,480,360
frame_51_45.jpg,Person,75,23,101,76,480,360
frame_93_11.jpg,Person,239,10,302,107,480,360
frame_93_12.jpg,Person,227,12,312,139,480,360
frame_93_13.jpg,Person,228,12,311,139,480,360
frame_93_14.jpg,Person,228,12,312,139,480,360
frame_93_15.jpg,Person,228,12,316,138,480,360
frame_93_16.jpg,Person,228,12,318,139,480,360
frame_93_17.jpg,Person,228,12,318,139,480,360
frame_93_18.jpg,Person,227,13,318,139,480,360
frame_93_19.jpg,Person,228,12,318,139,480,360
frame_93_2.jpg,Person,240,8,289,127,480,360
frame_93_20.jpg,Person,228,14,317,144,480,360
frame_93_21.jpg,Person,228,14,317,144,480,360
frame_93_22.jpg,Person,228,13,317,144,480,360
frame_93_23.jpg,Person,228,17,318,157,480,360
frame_93_24.jpg,Person,229,17,321,157,480,360
frame_93_25.jpg,Person,228,16,320,157,480,360
frame_93_26.jpg,Person,228,17,321,157,480,360
frame_93_27.jpg,Person,228,17,320,157,480,360
frame_93_27.jpg,Person,228,17,319,108,480,360
frame_93_28.jpg,Person,228,17,320,157,480,360
frame_69_25.jpg,Person,261,193,452,475,704,480
frame_69_25.jpg,Person,354,54,434,259,704,480
frame_69_25.jpg,Person,246,43,292,207,704,480
frame_69_25.jpg,Person,268,58,337,245,704,480
frame_69_26.jpg,Person,261,191,449,475,704,480
frame_69_26.jpg,Person,353,53,434,258,704,480
frame_69_26.jpg,Person,246,41,292,202,704,480
frame_69_26.jpg,Person,267,57,336,240,704,480
frame_69_27.jpg,Person,259,188,440,476,704,480
frame_69_27.jpg,Person,352,51,433,254,704,480
frame_69_27.jpg,Person,246,40,292,200,704,480
frame_69_27.jpg,Person,267,56,337,238,704,480
frame_69_28.jpg,Person,258,186,436,475,704,480
frame_69_28.jpg,Person,351,50,433,253,704,480
frame_69_28.jpg,Person,246,39,292,194,704,480
frame_69_28.jpg,Person,257,55,337,238,704,480
frame_69_29.jpg,Person,253,184,427,476,704,480
frame_69_29.jpg,Person,351,49,435,247,704,480
frame_69_29.jpg,Person,264,53,335,234,704,480
frame_69_29.jpg,Person,246,39,291,193,704,480
frame_69_3.jpg,Person,367,71,462,298,704,480
frame_69_3.jpg,Person,240,61,292,245,704,480
frame_69_3.jpg,Person,263,84,352,304,704,480
frame_69_30.jpg,Person,249,181,423,475,704,480
frame_69_30.jpg,Person,352,47,434,242,704,480
frame_69_30.jpg,Person,255,54,335,238,704,480
frame_69_30.jpg,Person,246,38,291,197,704,480
frame_69_31.jpg,Person,240,174,413,475,704,480
frame_69_31.jpg,Person,351,46,435,235,704,480
frame_69_31.jpg,Person,262,53,335,198,704,480
frame_69_31.jpg,Person,246,39,291,193,704,480
frame_69_32.jpg,Person,237,171,408,474,704,480
frame_69_32.jpg,Person,352,46,436,234,704,480
frame_69_32.jpg,Person,257,54,335,200,704,480
frame_69_32.jpg,Person,246,38,291,191,704,480
frame_69_32.jpg,Person,247,38,291,101,704,480
frame_69_33.jpg,Person,229,148,403,476,704,480
frame_69_33.jpg,Person,352,44,434,233,704,480
frame_69_33.jpg,Person,246,38,290,185,704,480
frame_69_33.jpg,Person,259,54,334,180,704,480
frame_69_34.jpg,Person,227,155,401,474,704,480
frame_69_34.jpg,Person,352,44,433,234,704,480
frame_69_34.jpg,Person,246,39,289,189,704,480
frame_69_34.jpg,Person,271,54,335,173,704,480
frame_69_35.jpg,Person,222,145,398,475,704,480
frame_69_35.jpg,Person,352,43,431,233,704,480
frame_69_35.jpg,Person,247,36,292,183,704,480
frame_69_35.jpg,Person,274,53,335,162,704,480
frame_69_36.jpg,Person,222,144,398,474,704,480
frame_69_36.jpg,Person,352,42,431,233,704,480
frame_69_36.jpg,Person,247,36,293,182,704,480
frame_69_36.jpg,Person,274,51,335,158,704,480
frame_69_37.jpg,Person,219,141,396,472,704,480
frame_69_37.jpg,Person,352,42,430,233,704,480
frame_69_37.jpg,Person,247,34,296,183,704,480
frame_69_37.jpg,Person,276,50,336,152,704,480
frame_69_38.jpg,Person,219,138,395,473,704,480
frame_69_38.jpg,Person,352,43,429,233,704,480
frame_69_38.jpg,Person,247,33,296,179,704,480
frame_69_38.jpg,Person,277,49,336,156,704,480
frame_69_39.jpg,Person,219,136,392,472,704,480
frame_69_39.jpg,Person,351,42,426,232,704,480
frame_69_39.jpg,Person,247,31,296,178,704,480
frame_69_39.jpg,Person,275,46,337,175,704,480
frame_69_4.jpg,Person,367,70,462,295,704,480
frame_69_4.jpg,Person,256,83,353,303,704,480
frame_69_4.jpg,Person,241,60,291,243,704,480
frame_69_5.jpg,Person,367,69,461,289,704,480
frame_69_5.jpg,Person,256,82,351,304,704,480
frame_69_5.jpg,Person,241,60,289,232,704,480
frame_69_5.jpg,Person,242,60,289,158,704,480
frame_69_6.jpg,Person,367,68,461,289,704,480
frame_69_6.jpg,Person,262,82,350,304,704,480
frame_69_6.jpg,Person,241,59,288,226,704,480
frame_69_6.jpg,Person,243,60,289,157,704,480
frame_69_7.jpg,Person,366,67,460,289,704,480
frame_69_7.jpg,Person,265,81,350,303,704,480
frame_69_7.jpg,Person,243,60,288,224,704,480
frame_69_8.jpg,Person,366,67,459,289,704,480
frame_69_8.jpg,Person,266,81,351,302,704,480
frame_69_8.jpg,Person,242,59,287,231,704,480
frame_69_9.jpg,Person,366,66,458,289,704,480
frame_69_9.jpg,Person,269,80,352,297,704,480
frame_69_9.jpg,Person,372,343,524,479,704,480
frame_69_9.jpg,Person,243,57,294,242,704,480
frame_6_0.jpg,Person,25,171,104,326,640,360
frame_6_0.jpg,Person,202,116,235,218,640,360
frame_6_1.jpg,Person,27,170,104,326,640,360
frame_6_1.jpg,Person,203,114,239,219,640,360
frame_6_10.jpg,Person,38,167,104,327,640,360
frame_6_10.jpg,Person,219,114,268,220,640,360
frame_6_11.jpg,Person,39,166,105,326,640,360
frame_6_11.jpg,Person,227,113,271,212,640,360
frame_6_12.jpg,Person,39,166,105,326,640,360
frame_6_12.jpg,Person,226,113,269,212,640,360
frame_6_13.jpg,Person,42,165,106,326,640,360
frame_6_13.jpg,Person,233,112,266,210,640,360
frame_6_14.jpg,Person,41,165,106,326,640,360
frame_6_14.jpg,Person,234,112,267,210,640,360
frame_6_15.jpg,Person,44,165,109,327,640,360
frame_6_15.jpg,Person,246,111,273,204,640,360
frame_6_16.jpg,Person,44,165,109,327,640,360
frame_6_16.jpg,Person,246,111,273,204,640,360
frame_6_17.jpg,Person,47,165,111,327,640,360
frame_6_17.jpg,Person,250,110,279,207,640,360
frame_6_18.jpg,Person,47,165,111,327,640,360
frame_6_18.jpg,Person,250,110,279,207,640,360
frame_6_19.jpg,Person,50,163,110,326,640,360
frame_6_19.jpg,Person,250,110,286,207,640,360
frame_6_2.jpg,Person,27,170,104,326,640,360
frame_6_2.jpg,Person,202,114,239,219,640,360
frame_10_52.jpg,Person,1009,357,1284,915,1920,1080
frame_10_52.jpg,Person,1402,517,1767,1048,1920,1080
frame_10_53.jpg,Person,1009,357,1284,915,1920,1080
frame_10_53.jpg,Person,1400,517,1768,1048,1920,1080
frame_10_54.jpg,Person,1009,355,1284,915,1920,1080
frame_10_54.jpg,Person,1403,517,1767,1049,1920,1080
frame_10_55.jpg,Person,1009,355,1284,915,1920,1080
frame_10_55.jpg,Person,1403,517,1767,1049,1920,1080
frame_10_56.jpg,Person,1009,355,1284,915,1920,1080
frame_10_56.jpg,Person,1404,517,1767,1049,1920,1080
frame_10_57.jpg,Person,1009,354,1284,915,1920,1080
frame_10_57.jpg,Person,1406,517,1767,1049,1920,1080
frame_10_58.jpg,Person,1008,353,1283,914,1920,1080
frame_10_58.jpg,Person,1402,517,1767,1049,1920,1080
frame_10_59.jpg,Person,1008,354,1283,915,1920,1080
frame_10_59.jpg,Person,1400,517,1767,1049,1920,1080
frame_10_6.jpg,Person,1011,352,1254,915,1920,1080
frame_10_6.jpg,Person,1456,518,1764,1048,1920,1080
frame_10_60.jpg,Person,1009,352,1283,916,1920,1080
frame_10_60.jpg,Person,1396,517,1767,1049,1920,1080
frame_10_61.jpg,Person,1009,352,1282,916,1920,1080
frame_10_61.jpg,Person,1398,517,1767,1049,1920,1080
frame_10_62.jpg,Person,1009,351,1281,914,1920,1080
frame_10_62.jpg,Person,1401,517,1767,1048,1920,1080
frame_10_7.jpg,Person,1011,355,1259,915,1920,1080
frame_10_7.jpg,Person,1440,518,1764,1047,1920,1080
frame_10_8.jpg,Person,1012,358,1260,916,1920,1080
frame_10_8.jpg,Person,1444,518,1764,1048,1920,1080
frame_10_9.jpg,Person,1011,361,1262,915,1920,1080
frame_10_9.jpg,Person,1440,518,1764,1048,1920,1080
frame_130_19.jpg,Person,543,87,610,302,1280,720
frame_55_7.jpg,Person,761,398,850,478,854,480
frame_55_7.jpg,Person,615,293,649,362,854,480
frame_55_7.jpg,Person,310,105,347,144,854,480
frame_55_7.jpg,Person,606,324,703,465,854,480
frame_55_8.jpg,Person,766,402,852,478,854,480
frame_55_8.jpg,Person,609,329,698,477,854,480
frame_55_8.jpg,Person,610,295,653,378,854,480
frame_55_8.jpg,Person,310,105,348,144,854,480
frame_55_9.jpg,Person,771,406,852,478,854,480
frame_55_9.jpg,Person,610,297,666,381,854,480
frame_55_9.jpg,Person,608,333,710,473,854,480
frame_55_9.jpg,Person,311,106,347,145,854,480
frame_118_2.jpg,Person,458,139,635,370,1280,720
frame_118_20.jpg,Person,484,134,660,370,1280,720
frame_118_21.jpg,Person,486,134,661,370,1280,720
frame_118_22.jpg,Person,486,131,662,371,1280,720
frame_118_23.jpg,Person,487,125,663,370,1280,720
frame_118_24.jpg,Person,485,124,663,371,1280,720
frame_118_25.jpg,Person,484,125,661,371,1280,720
frame_118_26.jpg,Person,483,125,660,372,1280,720
frame_118_27.jpg,Person,478,134,654,372,1280,720
frame_118_28.jpg,Person,478,130,654,371,1280,720
frame_118_29.jpg,Person,474,134,650,372,1280,720
frame_118_3.jpg,Person,458,139,635,369,1280,720
frame_118_30.jpg,Person,469,137,649,372,1280,720
frame_118_31.jpg,Person,455,141,633,373,1280,720
frame_118_32.jpg,Person,455,141,632,372,1280,720
frame_118_33.jpg,Person,454,140,631,372,1280,720
frame_118_34.jpg,Person,451,141,630,372,1280,720
frame_118_35.jpg,Person,448,140,622,374,1280,720
frame_118_36.jpg,Person,440,133,614,372,1280,720
frame_118_37.jpg,Person,440,133,614,373,1280,720
frame_118_38.jpg,Person,440,133,614,373,1280,720
frame_118_39.jpg,Person,439,129,614,372,1280,720
frame_118_4.jpg,Person,460,139,636,369,1280,720
frame_118_40.jpg,Person,441,128,613,373,1280,720
frame_128_58.jpg,Person,685,185,773,489,1280,720
frame_128_59.jpg,Person,683,183,775,491,1280,720
frame_128_6.jpg,Person,740,198,890,508,1280,720
frame_128_7.jpg,Person,739,197,891,508,1280,720
frame_128_8.jpg,Person,740,197,879,508,1280,720
frame_128_9.jpg,Person,740,197,879,509,1280,720
frame_67_27.jpg,Person,386,0,417,90,704,480
frame_67_27.jpg,Person,434,0,473,90,704,480
frame_67_28.jpg,Person,432,0,474,90,704,480
frame_67_28.jpg,Person,387,0,416,90,704,480
frame_67_29.jpg,Person,432,0,471,90,704,480
frame_67_29.jpg,Person,386,0,415,90,704,480
frame_67_3.jpg,Person,424,0,475,90,704,480
frame_67_30.jpg,Person,386,0,413,90,704,480
frame_67_30.jpg,Person,430,0,470,90,704,480
frame_67_31.jpg,Person,385,0,413,90,704,480
frame_67_31.jpg,Person,430,1,471,91,704,480
frame_67_32.jpg,Person,385,0,412,90,704,480
frame_67_32.jpg,Person,430,0,467,90,704,480
frame_67_33.jpg,Person,385,0,413,91,704,480
frame_67_33.jpg,Person,431,0,467,88,704,480
frame_67_34.jpg,Person,384,0,410,90,704,480
frame_67_34.jpg,Person,429,0,465,88,704,480
frame_67_35.jpg,Person,384,0,410,90,704,480
frame_67_35.jpg,Person,428,0,464,90,704,480
frame_67_36.jpg,Person,427,0,464,94,704,480
frame_67_36.jpg,Person,383,0,408,90,704,480
frame_67_37.jpg,Person,426,0,464,94,704,480
frame_67_37.jpg,Person,382,0,407,88,704,480
frame_67_38.jpg,Person,426,0,464,96,704,480
frame_67_38.jpg,Person,381,0,407,88,704,480
frame_67_39.jpg,Person,424,0,463,96,704,480
frame_67_39.jpg,Person,380,0,407,88,704,480
frame_67_4.jpg,Person,424,0,471,88,704,480
frame_67_5.jpg,Person,422,0,466,86,704,480
frame_67_6.jpg,Person,421,0,463,86,704,480
frame_67_7.jpg,Person,419,0,458,86,704,480
frame_67_8.jpg,Person,416,0,453,86,704,480
frame_67_9.jpg,Person,414,0,452,84,704,480
frame_68_0.jpg,Person,294,0,328,64,704,480
frame_68_1.jpg,Person,297,0,331,64,704,480
frame_68_10.jpg,Person,309,0,346,64,704,480
frame_68_11.jpg,Person,313,0,347,63,704,480
frame_68_12.jpg,Person,315,0,349,63,704,480
frame_68_13.jpg,Person,319,0,351,62,704,480
frame_68_14.jpg,Person,321,0,351,62,704,480
frame_68_15.jpg,Person,326,0,354,62,704,480
frame_101_0.jpg,Person,230,77,272,207,480,360
frame_101_10.jpg,Person,233,76,272,208,480,360
frame_101_11.jpg,Person,232,75,273,208,480,360
frame_101_12.jpg,Person,229,76,272,208,480,360
frame_101_16.jpg,Person,234,75,271,209,480,360
frame_101_17.jpg,Person,234,75,272,209,480,360
frame_101_17.jpg,Person,96,95,148,180,480,360
frame_101_18.jpg,Person,233,74,273,210,480,360
frame_101_18.jpg,Person,96,95,149,181,480,360
frame_101_19.jpg,Person,232,73,272,209,480,360
frame_101_20.jpg,Person,230,74,272,208,480,360
frame_101_20.jpg,Person,96,93,151,180,480,360
frame_101_21.jpg,Person,228,75,271,209,480,360
frame_101_21.jpg,Person,97,94,151,178,480,360
frame_101_22.jpg,Person,95,94,146,180,480,360
frame_101_22.jpg,Person,229,75,272,209,480,360
frame_101_23.jpg,Person,95,96,145,179,480,360
frame_101_23.jpg,Person,229,75,273,209,480,360
frame_101_24.jpg,Person,229,75,273,209,480,360
frame_101_24.jpg,Person,96,96,146,180,480,360
frame_101_25.jpg,Person,227,75,272,209,480,360
frame_101_25.jpg,Person,272,38,294,96,480,360
frame_101_25.jpg,Person,96,101,146,180,480,360
frame_101_26.jpg,Person,227,75,272,209,480,360
frame_101_26.jpg,Person,274,38,294,96,480,360
frame_101_27.jpg,Person,227,75,272,208,480,360
frame_101_27.jpg,Person,272,38,293,96,480,360
frame_101_28.jpg,Person,227,75,273,211,480,360
frame_101_28.jpg,Person,272,38,293,96,480,360
frame_82_57.jpg,Person,48,66,71,103,320,240
frame_82_57.jpg,Person,55,17,72,59,320,240
frame_82_57.jpg,Person,104,2,128,42,320,240
frame_82_57.jpg,Person,72,95,86,123,320,240
frame_82_58.jpg,Person,47,67,71,103,320,240
frame_82_58.jpg,Person,55,16,72,59,320,240
frame_82_58.jpg,Person,73,94,90,125,320,240
frame_82_58.jpg,Person,104,2,128,42,320,240
frame_82_59.jpg,Person,47,67,72,104,320,240
frame_82_59.jpg,Person,55,17,72,59,320,240
frame_82_59.jpg,Person,75,94,94,125,320,240
frame_82_59.jpg,Person,104,2,128,42,320,240
frame_82_6.jpg,Person,104,2,128,42,320,240
frame_82_6.jpg,Person,55,17,73,59,320,240
frame_82_60.jpg,Person,44,67,71,104,320,240
frame_82_60.jpg,Person,75,93,96,124,320,240
frame_82_60.jpg,Person,104,2,128,42,320,240
frame_82_60.jpg,Person,55,17,72,59,320,240
frame_82_61.jpg,Person,44,67,71,104,320,240
frame_82_61.jpg,Person,74,93,97,127,320,240
frame_82_61.jpg,Person,55,17,72,59,320,240
frame_82_61.jpg,Person,104,2,128,42,320,240
frame_82_62.jpg,Person,76,92,95,127,320,240
frame_82_62.jpg,Person,42,67,69,104,320,240
frame_82_62.jpg,Person,104,2,128,42,320,240
frame_82_62.jpg,Person,55,17,72,59,320,240
frame_82_63.jpg,Person,77,92,99,127,320,240
frame_82_63.jpg,Person,42,68,68,105,320,240
frame_82_63.jpg,Person,104,2,128,42,320,240
frame_82_63.jpg,Person,55,16,72,58,320,240
frame_82_64.jpg,Person,77,91,98,127,320,240
frame_82_64.jpg,Person,40,68,65,105,320,240
frame_82_64.jpg,Person,104,1,128,42,320,240
frame_82_64.jpg,Person,55,16,72,58,320,240
frame_82_65.jpg,Person,79,91,97,127,320,240
frame_82_65.jpg,Person,39,69,58,105,320,240
frame_82_65.jpg,Person,55,16,72,58,320,240
frame_82_65.jpg,Person,104,2,128,42,320,240
frame_82_66.jpg,Person,82,91,97,125,320,240
frame_82_66.jpg,Person,38,69,60,105,320,240
frame_82_66.jpg,Person,104,2,128,42,320,240
frame_82_66.jpg,Person,55,17,72,59,320,240
frame_82_67.jpg,Person,84,90,98,124,320,240
frame_82_67.jpg,Person,35,70,56,101,320,240
frame_82_67.jpg,Person,55,16,72,58,320,240
frame_82_67.jpg,Person,104,2,128,42,320,240
frame_82_68.jpg,Person,86,90,100,122,320,240
frame_82_68.jpg,Person,34,71,55,103,320,240
frame_82_68.jpg,Person,201,64,222,86,320,240
frame_82_68.jpg,Person,104,2,128,42,320,240
frame_82_68.jpg,Person,55,16,73,58,320,240
frame_82_69.jpg,Person,32,71,55,104,320,240
frame_82_69.jpg,Person,87,89,100,123,320,240
frame_82_69.jpg,Person,104,2,128,42,320,240
frame_82_7.jpg,Person,104,2,128,42,320,240
frame_82_7.jpg,Person,55,17,73,59,320,240
frame_82_7.jpg,Person,102,50,112,79,320,240
frame_82_70.jpg,Person,88,89,102,122,320,240
frame_82_70.jpg,Person,32,71,55,104,320,240
frame_82_70.jpg,Person,104,2,128,42,320,240
frame_82_71.jpg,Person,89,89,104,123,320,240
frame_82_71.jpg,Person,33,71,55,106,320,240
frame_82_71.jpg,Person,104,2,128,42,320,240
frame_82_72.jpg,Person,90,88,107,121,320,240
frame_82_72.jpg,Person,31,72,54,106,320,240
frame_82_72.jpg,Person,104,2,128,42,320,240
frame_82_73.jpg,Person,91,88,111,121,320,240
frame_82_73.jpg,Person,31,72,55,113,320,240
frame_82_73.jpg,Person,104,2,128,42,320,240
frame_82_73.jpg,Person,55,16,73,58,320,240
frame_82_74.jpg,Person,92,88,116,122,320,240
frame_82_74.jpg,Person,29,72,54,106,320,240
frame_82_74.jpg,Person,104,2,128,42,320,240
frame_82_74.jpg,Person,55,16,73,58,320,240
frame_82_8.jpg,Person,108,58,120,86,320,240
frame_82_8.jpg,Person,55,17,73,59,320,240
frame_82_8.jpg,Person,104,2,128,41,320,240
frame_82_8.jpg,Person,102,50,112,79,320,240
frame_82_9.jpg,Person,104,2,128,42,320,240
frame_82_9.jpg,Person,8,106,23,131,320,240
frame_82_9.jpg,Person,109,58,119,86,320,240
frame_82_9.jpg,Person,55,17,73,59,320,240
frame_82_9.jpg,Person,252,35,283,78,320,240
frame_82_9.jpg,Person,101,51,111,81,320,240
frame_83_0.jpg,Person,128,50,150,87,320,240
frame_108_20.jpg,Person,413,58,438,183,640,360
frame_108_20.jpg,Person,318,82,385,269,640,360
frame_108_20.jpg,Person,38,151,82,273,640,360
frame_108_21.jpg,Person,413,58,438,183,640,360
frame_108_21.jpg,Person,318,76,387,269,640,360
frame_108_21.jpg,Person,38,135,82,273,640,360
frame_108_22.jpg,Person,413,58,438,183,640,360
frame_108_22.jpg,Person,318,82,383,270,640,360
frame_108_22.jpg,Person,38,129,83,272,640,360
frame_108_23.jpg,Person,412,57,437,183,640,360
frame_108_23.jpg,Person,320,76,384,274,640,360
frame_108_23.jpg,Person,37,137,80,270,640,360
frame_108_24.jpg,Person,412,57,437,183,640,360
frame_108_24.jpg,Person,320,78,384,272,640,360
frame_108_24.jpg,Person,37,135,80,270,640,360
frame_108_25.jpg,Person,412,56,438,182,640,360
frame_108_25.jpg,Person,319,75,384,266,640,360
frame_108_25.jpg,Person,37,130,80,270,640,360
frame_108_26.jpg,Person,412,56,438,182,640,360
frame_108_26.jpg,Person,319,77,384,266,640,360
frame_108_27.jpg,Person,413,55,439,182,640,360
frame_108_27.jpg,Person,316,78,386,271,640,360
frame_108_28.jpg,Person,413,56,439,182,640,360
frame_108_28.jpg,Person,319,80,386,269,640,360
frame_108_29.jpg,Person,414,57,440,183,640,360
frame_108_29.jpg,Person,323,83,387,261,640,360
frame_108_29.jpg,Person,38,127,85,271,640,360
frame_108_3.jpg,Person,310,77,385,262,640,360
frame_108_3.jpg,Person,414,59,439,183,640,360
frame_108_3.jpg,Person,41,132,88,272,640,360
frame_108_30.jpg,Person,414,57,439,182,640,360
frame_108_30.jpg,Person,328,80,388,264,640,360
frame_108_30.jpg,Person,39,181,82,271,640,360
frame_108_31.jpg,Person,414,58,439,183,640,360
frame_108_31.jpg,Person,324,84,387,266,640,360
frame_108_31.jpg,Person,38,179,83,272,640,360
frame_108_31.jpg,Person,39,128,85,272,640,360
frame_108_32.jpg,Person,414,58,439,183,640,360
frame_108_32.jpg,Person,322,81,387,266,640,360
frame_108_32.jpg,Person,38,179,83,272,640,360
frame_108_32.jpg,Person,39,133,85,272,640,360
frame_108_33.jpg,Person,414,58,439,183,640,360
frame_108_33.jpg,Person,323,80,387,269,640,360
frame_108_33.jpg,Person,38,178,83,272,640,360
frame_108_34.jpg,Person,414,59,439,183,640,360
frame_108_34.jpg,Person,324,81,388,272,640,360
frame_108_34.jpg,Person,39,177,83,272,640,360
frame_108_35.jpg,Person,414,59,439,184,640,360
frame_108_35.jpg,Person,325,84,388,272,640,360
frame_108_35.jpg,Person,39,178,83,273,640,360
frame_108_35.jpg,Person,39,137,84,273,640,360
frame_108_36.jpg,Person,414,60,439,185,640,360
frame_108_36.jpg,Person,323,84,389,278,640,360
frame_108_36.jpg,Person,40,151,84,275,640,360
frame_108_36.jpg,Person,42,183,84,274,640,360
frame_108_37.jpg,Person,413,60,439,185,640,360
frame_108_37.jpg,Person,322,83,389,278,640,360
frame_108_37.jpg,Person,39,168,85,275,640,360
frame_108_37.jpg,Person,38,133,88,275,640,360
frame_108_38.jpg,Person,413,61,439,186,640,360
frame_108_38.jpg,Person,324,84,389,279,640,360
frame_108_38.jpg,Person,39,173,84,275,640,360
frame_108_38.jpg,Person,38,132,85,275,640,360
frame_108_39.jpg,Person,414,61,440,186,640,360
frame_108_39.jpg,Person,325,86,389,278,640,360
frame_108_39.jpg,Person,41,186,85,276,640,360
frame_108_4.jpg,Person,415,58,440,184,640,360
frame_108_4.jpg,Person,311,78,387,264,640,360
frame_108_4.jpg,Person,43,160,87,272,640,360
frame_9_14.jpg,Person,295,221,456,477,848,480
frame_9_14.jpg,Person,370,169,460,339,848,480
frame_9_14.jpg,Person,400,74,440,213,848,480
frame_9_14.jpg,Person,376,62,417,177,848,480
frame_9_15.jpg,Person,296,215,454,476,848,480
frame_9_15.jpg,Person,399,74,441,211,848,480
frame_9_15.jpg,Person,376,60,444,206,848,480
frame_9_15.jpg,Person,370,172,460,337,848,480
frame_9_16.jpg,Person,295,210,450,476,848,480
frame_9_16.jpg,Person,376,59,444,204,848,480
frame_9_16.jpg,Person,377,167,461,337,848,480
frame_9_16.jpg,Person,398,74,441,206,848,480
frame_9_17.jpg,Person,295,209,449,477,848,480
frame_9_17.jpg,Person,376,60,444,204,848,480
frame_9_17.jpg,Person,397,74,441,206,848,480
frame_9_17.jpg,Person,376,168,461,336,848,480
frame_9_18.jpg,Person,293,204,446,475,848,480
frame_9_18.jpg,Person,376,60,443,203,848,480
frame_9_18.jpg,Person,377,161,462,334,848,480
frame_9_18.jpg,Person,398,74,442,203,848,480
frame_9_19.jpg,Person,295,200,443,475,848,480
frame_9_19.jpg,Person,376,60,443,199,848,480
frame_9_19.jpg,Person,378,158,461,327,848,480
frame_9_19.jpg,Person,400,74,442,201,848,480
frame_9_2.jpg,Person,278,244,453,476,848,480
frame_9_2.jpg,Person,356,181,465,391,848,480
frame_9_2.jpg,Person,392,77,445,190,848,480
frame_9_2.jpg,Person,378,61,425,132,848,480
frame_9_2.jpg,Person,388,77,446,226,848,480
frame_9_20.jpg,Person,295,198,442,476,848,480
frame_9_20.jpg,Person,376,60,443,194,848,480
frame_9_20.jpg,Person,378,157,461,319,848,480
frame_9_20.jpg,Person,401,74,441,198,848,480
frame_9_21.jpg,Person,295,197,442,476,848,480
frame_9_21.jpg,Person,376,60,443,194,848,480
frame_9_21.jpg,Person,384,153,460,313,848,480
frame_9_21.jpg,Person,400,74,439,196,848,480
frame_9_22.jpg,Person,295,200,442,476,848,480
frame_9_22.jpg,Person,376,60,443,194,848,480
frame_9_22.jpg,Person,400,74,439,196,848,480
frame_9_22.jpg,Person,364,151,459,308,848,480
frame_9_23.jpg,Person,297,196,443,476,848,480
frame_9_23.jpg,Person,375,59,442,194,848,480
frame_9_23.jpg,Person,379,149,459,306,848,480
frame_9_23.jpg,Person,401,75,439,194,848,480
frame_9_24.jpg,Person,300,196,442,476,848,480
frame_9_24.jpg,Person,355,148,461,285,848,480
frame_9_24.jpg,Person,374,60,443,194,848,480
frame_9_24.jpg,Person,401,70,441,193,848,480
frame_9_25.jpg,Person,302,195,444,477,848,480
frame_9_25.jpg,Person,350,147,458,280,848,480
frame_9_25.jpg,Person,374,60,443,194,848,480
frame_9_25.jpg,Person,402,70,442,193,848,480
frame_9_26.jpg,Person,302,197,443,477,848,480
frame_9_26.jpg,Person,350,148,458,278,848,480
frame_9_26.jpg,Person,374,60,444,194,848,480
frame_9_26.jpg,Person,401,72,440,193,848,480
frame_9_27.jpg,Person,306,197,446,476,848,480
frame_9_27.jpg,Person,346,148,460,275,848,480
frame_9_27.jpg,Person,374,60,445,194,848,480
frame_9_27.jpg,Person,402,68,445,194,848,480
frame_9_28.jpg,Person,308,196,448,476,848,480
frame_9_28.jpg,Person,345,147,461,280,848,480
frame_9_28.jpg,Person,402,69,446,196,848,480
frame_9_28.jpg,Person,376,59,446,195,848,480
frame_9_29.jpg,Person,311,191,451,476,848,480
frame_9_29.jpg,Person,344,147,433,255,848,480
frame_9_29.jpg,Person,376,59,446,196,848,480
frame_9_29.jpg,Person,402,69,446,197,848,480
frame_9_3.jpg,Person,281,240,452,476,848,480
frame_9_3.jpg,Person,354,176,465,357,848,480
frame_9_3.jpg,Person,391,77,445,224,848,480
frame_9_3.jpg,Person,394,77,446,187,848,480
frame_9_3.jpg,Person,377,61,424,133,848,480
frame_9_3.jpg,Person,378,61,423,180,848,480
frame_9_3.jpg,Person,354,177,465,477,848,480
frame_98_34.jpg,Person,275,192,322,285,450,360
frame_98_34.jpg,Person,69,70,81,102,450,360
frame_98_34.jpg,Person,89,67,105,111,450,360
frame_98_34.jpg,Person,186,90,203,137,450,360
frame_98_34.jpg,Person,411,148,430,187,450,360
frame_98_34.jpg,Person,171,93,189,140,450,360
frame_98_35.jpg,Person,271,191,321,284,450,360
frame_98_35.jpg,Person,186,90,203,137,450,360
frame_98_35.jpg,Person,88,67,103,111,450,360
frame_98_35.jpg,Person,69,72,81,102,450,360
frame_98_35.jpg,Person,171,93,189,140,450,360
frame_98_35.jpg,Person,411,148,430,187,450,360
frame_98_36.jpg,Person,271,191,320,285,450,360
frame_98_36.jpg,Person,89,67,105,111,450,360
frame_98_36.jpg,Person,186,90,203,137,450,360
frame_98_36.jpg,Person,69,71,81,102,450,360
frame_98_36.jpg,Person,171,93,189,140,450,360
frame_98_36.jpg,Person,411,148,431,187,450,360
frame_98_36.jpg,Person,234,182,267,228,450,360
frame_98_37.jpg,Person,270,193,320,285,450,360
frame_98_37.jpg,Person,89,67,105,111,450,360
frame_98_37.jpg,Person,186,90,203,137,450,360
frame_98_37.jpg,Person,69,71,81,102,450,360
frame_98_37.jpg,Person,171,93,189,140,450,360
frame_98_37.jpg,Person,233,182,267,227,450,360
frame_98_37.jpg,Person,411,148,430,187,450,360
frame_98_38.jpg,Person,254,194,316,285,450,360
frame_98_38.jpg,Person,88,66,105,111,450,360
frame_98_38.jpg,Person,186,90,204,137,450,360
frame_98_38.jpg,Person,68,66,81,102,450,360
frame_98_38.jpg,Person,171,93,189,140,450,360
frame_98_38.jpg,Person,214,176,256,228,450,360
frame_98_39.jpg,Person,254,194,316,285,450,360
frame_98_39.jpg,Person,186,90,204,137,450,360
frame_98_39.jpg,Person,89,67,105,111,450,360
frame_98_39.jpg,Person,68,65,81,103,450,360
frame_98_39.jpg,Person,170,92,187,139,450,360
frame_98_39.jpg,Person,214,176,256,228,450,360
frame_98_4.jpg,Person,285,171,339,262,450,360
frame_98_4.jpg,Person,184,90,203,137,450,360
frame_98_4.jpg,Person,72,72,82,103,450,360
frame_98_4.jpg,Person,405,146,437,196,450,360
frame_98_4.jpg,Person,89,72,102,112,450,360
frame_98_4.jpg,Person,216,169,255,226,450,360
frame_98_40.jpg,Person,241,196,310,285,450,360
frame_98_40.jpg,Person,186,90,204,137,450,360
frame_98_40.jpg,Person,89,66,105,111,450,360
frame_98_40.jpg,Person,68,64,81,102,450,360
frame_98_40.jpg,Person,170,92,187,139,450,360
frame_98_41.jpg,Person,241,195,310,284,450,360
frame_98_41.jpg,Person,186,90,204,137,450,360
frame_98_41.jpg,Person,88,67,103,111,450,360
frame_98_41.jpg,Person,68,66,81,102,450,360
frame_98_41.jpg,Person,214,176,256,228,450,360
frame_98_41.jpg,Person,170,92,187,140,450,360
frame_98_42.jpg,Person,240,195,310,284,450,360
frame_98_42.jpg,Person,186,90,204,138,450,360
frame_98_42.jpg,Person,88,67,105,111,450,360
frame_98_42.jpg,Person,214,177,256,229,450,360
frame_98_42.jpg,Person,68,66,81,101,450,360
frame_98_42.jpg,Person,171,92,188,139,450,360
frame_98_43.jpg,Person,236,195,304,285,450,360
frame_98_43.jpg,Person,214,177,256,229,450,360
frame_98_43.jpg,Person,185,90,204,137,450,360
frame_98_43.jpg,Person,89,67,106,111,450,360
frame_98_43.jpg,Person,68,66,81,102,450,360
frame_98_43.jpg,Person,170,92,187,139,450,360
frame_98_44.jpg,Person,236,195,304,285,450,360
frame_98_44.jpg,Person,214,177,256,229,450,360
frame_98_44.jpg,Person,88,67,105,111,450,360
frame_98_44.jpg,Person,186,90,204,138,450,360
frame_98_44.jpg,Person,68,64,81,102,450,360
frame_98_44.jpg,Person,171,92,188,139,450,360
frame_98_45.jpg,Person,235,194,299,285,450,360
frame_98_45.jpg,Person,214,178,255,229,450,360
frame_98_45.jpg,Person,88,67,105,111,450,360
frame_98_45.jpg,Person,186,90,204,138,450,360
frame_98_45.jpg,Person,69,69,81,102,450,360
frame_98_45.jpg,Person,170,92,187,140,450,360
frame_98_46.jpg,Person,235,195,299,285,450,360
frame_98_46.jpg,Person,89,66,107,111,450,360
frame_98_46.jpg,Person,184,90,203,138,450,360
frame_98_46.jpg,Person,214,178,255,229,450,360
frame_98_46.jpg,Person,69,69,81,102,450,360
frame_98_46.jpg,Person,170,92,187,139,450,360
frame_98_46.jpg,Person,243,90,261,120,450,360
frame_98_47.jpg,Person,235,195,299,285,450,360
frame_98_47.jpg,Person,89,66,107,111,450,360
frame_98_47.jpg,Person,186,90,204,138,450,360
frame_98_47.jpg,Person,68,68,81,102,450,360
frame_98_47.jpg,Person,214,178,255,230,450,360
frame_98_47.jpg,Person,171,93,188,140,450,360
frame_98_48.jpg,Person,234,191,293,285,450,360
frame_98_48.jpg,Person,89,65,107,111,450,360
frame_98_48.jpg,Person,68,63,81,102,450,360
frame_98_48.jpg,Person,186,90,204,138,450,360
frame_98_48.jpg,Person,214,178,255,229,450,360
frame_98_48.jpg,Person,170,93,187,140,450,360
frame_98_49.jpg,Person,234,191,293,285,450,360
frame_98_49.jpg,Person,89,65,107,111,450,360
frame_98_49.jpg,Person,68,64,81,102,450,360
frame_98_49.jpg,Person,185,90,203,138,450,360
frame_98_49.jpg,Person,171,93,189,140,450,360
frame_98_49.jpg,Person,214,179,255,229,450,360
frame_98_5.jpg,Person,290,171,338,263,450,360
frame_98_5.jpg,Person,217,172,255,227,450,360
frame_98_5.jpg,Person,89,70,102,111,450,360
frame_98_5.jpg,Person,404,145,435,196,450,360
frame_98_5.jpg,Person,184,90,203,137,450,360
frame_98_5.jpg,Person,71,73,82,104,450,360
frame_98_6.jpg,Person,291,171,339,263,450,360
frame_98_6.jpg,Person,89,71,103,111,450,360
frame_98_6.jpg,Person,217,172,255,227,450,360
frame_98_6.jpg,Person,404,141,435,197,450,360
frame_98_6.jpg,Person,71,73,82,102,450,360
frame_98_6.jpg,Person,185,90,204,137,450,360
frame_98_7.jpg,Person,290,171,337,263,450,360
frame_98_7.jpg,Person,89,71,102,111,450,360
frame_98_7.jpg,Person,405,142,435,197,450,360
frame_98_7.jpg,Person,71,73,82,102,450,360
frame_98_7.jpg,Person,184,90,203,137,450,360
frame_98_7.jpg,Person,71,256,114,286,450,360
frame_98_8.jpg,Person,290,171,337,263,450,360
frame_98_8.jpg,Person,89,71,102,111,450,360
frame_98_8.jpg,Person,219,174,251,227,450,360
frame_98_8.jpg,Person,70,74,81,102,450,360
frame_98_8.jpg,Person,184,90,203,137,450,360
frame_98_8.jpg,Person,405,144,434,196,450,360
frame_98_8.jpg,Person,435,163,449,194,450,360
frame_98_9.jpg,Person,290,172,337,263,450,360
frame_98_9.jpg,Person,89,70,102,110,450,360
frame_98_9.jpg,Person,219,174,251,227,450,360
frame_98_9.jpg,Person,70,74,81,102,450,360
frame_98_9.jpg,Person,184,91,203,138,450,360
frame_98_9.jpg,Person,410,145,434,190,450,360
frame_98_9.jpg,Person,435,163,449,194,450,360
frame_26_57.jpg,Person,289,173,361,358,640,360
frame_26_57.jpg,Person,298,53,366,235,640,360
frame_26_57.jpg,Person,256,63,307,252,640,360
frame_26_57.jpg,Person,176,78,254,258,640,360
frame_26_57.jpg,Person,248,0,303,85,640,360
frame_26_57.jpg,Person,130,225,189,358,640,360
frame_26_58.jpg,Person,288,173,361,358,640,360
frame_26_58.jpg,Person,298,52,366,233,640,360
frame_26_58.jpg,Person,256,63,307,252,640,360
frame_26_58.jpg,Person,176,78,254,258,640,360
frame_26_58.jpg,Person,248,0,303,85,640,360
frame_26_58.jpg,Person,131,225,190,358,640,360
frame_26_59.jpg,Person,289,173,362,358,640,360
frame_26_59.jpg,Person,297,52,366,234,640,360
frame_26_59.jpg,Person,256,63,307,253,640,360
frame_26_59.jpg,Person,176,78,254,258,640,360
frame_26_59.jpg,Person,248,0,303,85,640,360
frame_26_59.jpg,Person,131,225,190,358,640,360
frame_26_6.jpg,Person,315,90,388,309,640,360
frame_26_6.jpg,Person,248,1,315,165,640,360
frame_26_6.jpg,Person,210,173,297,358,640,360
frame_26_6.jpg,Person,166,113,226,310,640,360
frame_26_6.jpg,Person,232,101,277,219,640,360
frame_26_7.jpg,Person,315,91,388,309,640,360
frame_26_7.jpg,Person,248,0,315,165,640,360
frame_26_7.jpg,Person,211,174,297,358,640,360
frame_26_7.jpg,Person,165,113,225,310,640,360
frame_26_7.jpg,Person,231,101,277,219,640,360
frame_26_8.jpg,Person,315,90,388,309,640,360
frame_26_8.jpg,Person,249,0,315,165,640,360
frame_26_8.jpg,Person,211,174,297,358,640,360
frame_26_8.jpg,Person,165,113,225,310,640,360
frame_26_8.jpg,Person,231,101,277,219,640,360
frame_26_9.jpg,Person,315,90,388,309,640,360
frame_26_9.jpg,Person,249,1,315,165,640,360
frame_26_9.jpg,Person,211,174,297,358,640,360
frame_26_9.jpg,Person,165,113,225,311,640,360
frame_26_9.jpg,Person,228,101,277,219,640,360
frame_27_0.jpg,Person,355,92,376,146,640,360
frame_27_0.jpg,Person,199,189,243,337,640,360
frame_27_0.jpg,Person,247,86,269,147,640,360
frame_27_0.jpg,Person,244,184,275,223,640,360
frame_27_1.jpg,Person,355,91,376,146,640,360
frame_27_1.jpg,Person,199,189,243,337,640,360
frame_27_1.jpg,Person,247,86,269,147,640,360
frame_27_1.jpg,Person,244,184,276,223,640,360
frame_27_10.jpg,Person,358,94,379,146,640,360
frame_27_10.jpg,Person,254,85,272,146,640,360
frame_27_10.jpg,Person,193,190,239,300,640,360
frame_27_10.jpg,Person,243,183,276,224,640,360
frame_27_11.jpg,Person,358,94,379,146,640,360
frame_27_11.jpg,Person,254,87,272,147,640,360
frame_27_11.jpg,Person,243,184,276,224,640,360
frame_27_11.jpg,Person,193,191,238,301,640,360
frame_27_12.jpg,Person,362,97,384,145,640,360
frame_27_12.jpg,Person,259,86,287,147,640,360
frame_27_12.jpg,Person,244,184,276,224,640,360
frame_27_12.jpg,Person,183,194,226,335,640,360
frame_27_13.jpg,Person,362,97,384,145,640,360
frame_27_13.jpg,Person,259,86,287,147,640,360
frame_27_13.jpg,Person,244,184,276,224,640,360
frame_27_13.jpg,Person,183,195,226,337,640,360
frame_27_13.jpg,Person,185,194,227,275,640,360
frame_27_14.jpg,Person,362,97,384,145,640,360
frame_27_14.jpg,Person,259,86,287,148,640,360
frame_27_14.jpg,Person,244,184,276,224,640,360
frame_27_14.jpg,Person,184,195,226,339,640,360
frame_27_14.jpg,Person,185,195,227,285,640,360
frame_27_15.jpg,Person,362,97,385,145,640,360
frame_27_15.jpg,Person,260,86,287,148,640,360
frame_27_15.jpg,Person,244,184,276,224,640,360
frame_27_15.jpg,Person,189,195,228,290,640,360
frame_27_15.jpg,Person,189,195,227,251,640,360
frame_27_16.jpg,Person,362,97,385,144,640,360
frame_27_16.jpg,Person,260,86,287,148,640,360
frame_27_16.jpg,Person,244,184,276,224,640,360
frame_27_16.jpg,Person,189,195,228,290,640,360
frame_27_16.jpg,Person,189,195,227,250,640,360
frame_27_17.jpg,Person,362,97,385,144,640,360
frame_27_17.jpg,Person,260,84,287,147,640,360
frame_27_17.jpg,Person,244,184,276,224,640,360
frame_27_17.jpg,Person,189,195,227,250,640,360
frame_27_17.jpg,Person,188,195,228,289,640,360
frame_27_18.jpg,Person,363,101,386,145,640,360
frame_27_18.jpg,Person,261,86,288,147,640,360
frame_27_18.jpg,Person,244,184,276,224,640,360
frame_27_18.jpg,Person,189,196,234,298,640,360
frame_27_18.jpg,Person,188,197,231,251,640,360
frame_27_18.jpg,Person,179,215,212,331,640,360
frame_27_19.jpg,Person,364,101,387,145,640,360
frame_27_19.jpg,Person,261,86,288,147,640,360
frame_27_19.jpg,Person,188,196,234,297,640,360
frame_27_19.jpg,Person,244,184,276,224,640,360
frame_27_19.jpg,Person,187,196,230,251,640,360
frame_27_2.jpg,Person,355,91,376,146,640,360
frame_27_2.jpg,Person,199,189,243,337,640,360
frame_27_2.jpg,Person,247,87,269,148,640,360
frame_27_2.jpg,Person,244,184,276,224,640,360
frame_27_20.jpg,Person,364,100,387,145,640,360
frame_27_20.jpg,Person,261,86,289,148,640,360
frame_27_20.jpg,Person,244,184,276,224,640,360
frame_27_20.jpg,Person,188,196,234,297,640,360
frame_27_20.jpg,Person,187,196,230,250,640,360
frame_114_21.jpg,Person,308,115,387,329,1280,720
frame_114_21.jpg,Person,325,373,462,612,1280,720
frame_114_21.jpg,Person,436,124,506,275,1280,720
frame_114_21.jpg,Person,853,84,920,261,1280,720
frame_114_21.jpg,Person,934,107,983,238,1280,720
frame_114_21.jpg,Person,698,85,750,149,1280,720
frame_114_21.jpg,Person,560,88,606,155,1280,720
frame_114_21.jpg,Person,1119,204,1176,274,1280,720
frame_114_21.jpg,Person,1097,98,1128,156,1280,720
frame_114_21.jpg,Person,1062,95,1102,156,1280,720
frame_114_21.jpg,Person,1183,108,1226,184,1280,720
frame_114_21.jpg,Person,1111,205,1178,351,1280,720
frame_114_21.jpg,Person,743,10,779,78,1280,720
frame_114_21.jpg,Person,630,11,663,55,1280,720
frame_114_22.jpg,Person,308,115,387,329,1280,720
frame_114_22.jpg,Person,325,372,462,611,1280,720
frame_114_22.jpg,Person,436,124,506,275,1280,720
frame_114_22.jpg,Person,853,83,919,260,1280,720
frame_114_22.jpg,Person,934,107,983,238,1280,720
frame_114_22.jpg,Person,698,85,750,149,1280,720
frame_114_22.jpg,Person,559,88,606,156,1280,720
frame_114_22.jpg,Person,1119,204,1176,274,1280,720
frame_114_22.jpg,Person,1097,98,1128,156,1280,720
frame_114_22.jpg,Person,1062,95,1102,156,1280,720
frame_114_22.jpg,Person,1191,108,1227,183,1280,720
frame_114_22.jpg,Person,1112,205,1178,351,1280,720
frame_114_22.jpg,Person,743,10,779,78,1280,720
frame_114_22.jpg,Person,630,11,664,55,1280,720
frame_114_23.jpg,Person,308,115,387,329,1280,720
frame_114_23.jpg,Person,325,373,462,612,1280,720
frame_114_23.jpg,Person,436,124,506,275,1280,720
frame_114_23.jpg,Person,853,84,919,261,1280,720
frame_114_23.jpg,Person,934,107,983,238,1280,720
frame_114_23.jpg,Person,698,85,750,149,1280,720
frame_114_23.jpg,Person,560,88,606,156,1280,720
frame_114_23.jpg,Person,1119,204,1176,274,1280,720
frame_114_23.jpg,Person,1097,98,1128,155,1280,720
frame_114_23.jpg,Person,1062,96,1102,156,1280,720
frame_114_23.jpg,Person,1191,109,1227,181,1280,720
frame_114_23.jpg,Person,1111,205,1178,351,1280,720
frame_114_23.jpg,Person,743,10,779,78,1280,720
frame_114_23.jpg,Person,630,11,664,54,1280,720
frame_114_24.jpg,Person,308,115,387,329,1280,720
frame_114_24.jpg,Person,325,373,462,612,1280,720
frame_114_24.jpg,Person,436,124,506,275,1280,720
frame_114_24.jpg,Person,853,83,919,260,1280,720
frame_114_24.jpg,Person,934,107,983,238,1280,720
frame_114_24.jpg,Person,698,85,750,149,1280,720
frame_114_24.jpg,Person,560,88,606,155,1280,720
frame_114_24.jpg,Person,1119,204,1176,274,1280,720
frame_114_24.jpg,Person,1097,98,1128,155,1280,720
frame_114_24.jpg,Person,1062,96,1102,156,1280,720
frame_114_24.jpg,Person,1189,109,1226,181,1280,720
frame_114_24.jpg,Person,1111,205,1178,351,1280,720
frame_114_24.jpg,Person,744,10,780,78,1280,720
frame_114_24.jpg,Person,630,10,664,53,1280,720
frame_114_24.jpg,Person,544,35,595,100,1280,720
frame_114_25.jpg,Person,308,115,387,329,1280,720
frame_114_25.jpg,Person,325,373,462,612,1280,720
frame_114_25.jpg,Person,436,124,506,275,1280,720
frame_114_25.jpg,Person,853,84,919,261,1280,720
frame_114_25.jpg,Person,934,107,983,238,1280,720
frame_114_25.jpg,Person,698,85,750,149,1280,720
frame_114_25.jpg,Person,560,88,605,155,1280,720
frame_114_25.jpg,Person,1119,205,1176,274,1280,720
frame_114_25.jpg,Person,1097,98,1128,156,1280,720
frame_114_25.jpg,Person,1062,96,1102,156,1280,720
frame_114_25.jpg,Person,743,10,779,78,1280,720
frame_114_25.jpg,Person,1112,205,1177,348,1280,720
frame_114_25.jpg,Person,630,10,664,53,1280,720
frame_114_25.jpg,Person,1180,109,1227,180,1280,720
frame_114_26.jpg,Person,308,115,387,329,1280,720
frame_114_26.jpg,Person,325,373,463,612,1280,720
frame_114_26.jpg,Person,436,124,506,275,1280,720
frame_114_26.jpg,Person,852,85,919,261,1280,720
frame_114_26.jpg,Person,934,107,983,238,1280,720
frame_114_26.jpg,Person,1119,205,1176,274,1280,720
frame_114_26.jpg,Person,698,85,750,151,1280,720
frame_114_26.jpg,Person,560,88,606,155,1280,720
frame_114_26.jpg,Person,1097,98,1128,156,1280,720
frame_114_26.jpg,Person,1061,96,1102,156,1280,720
frame_114_26.jpg,Person,1181,109,1227,181,1280,720
frame_114_26.jpg,Person,743,10,779,78,1280,720
frame_114_26.jpg,Person,1112,204,1177,347,1280,720
frame_114_26.jpg,Person,630,10,664,53,1280,720
frame_114_26.jpg,Person,544,35,596,100,1280,720
frame_114_27.jpg,Person,308,115,387,329,1280,720
frame_114_27.jpg,Person,325,373,463,612,1280,720
frame_114_27.jpg,Person,436,124,506,275,1280,720
frame_114_27.jpg,Person,852,84,919,261,1280,720
frame_114_27.jpg,Person,934,108,983,238,1280,720
frame_114_27.jpg,Person,1119,205,1177,274,1280,720
frame_114_27.jpg,Person,697,86,750,150,1280,720
frame_114_27.jpg,Person,560,88,606,155,1280,720
frame_114_27.jpg,Person,1097,98,1128,155,1280,720
frame_114_27.jpg,Person,1061,97,1102,157,1280,720
frame_114_27.jpg,Person,743,10,779,78,1280,720
frame_114_27.jpg,Person,1114,205,1177,347,1280,720
frame_114_27.jpg,Person,630,11,664,54,1280,720
frame_114_27.jpg,Person,544,36,595,100,1280,720
frame_114_28.jpg,Person,308,115,387,329,1280,720
frame_114_28.jpg,Person,325,373,463,612,1280,720
frame_114_28.jpg,Person,436,124,506,275,1280,720
frame_114_28.jpg,Person,853,84,919,261,1280,720
frame_114_28.jpg,Person,934,108,983,238,1280,720
frame_114_28.jpg,Person,1118,205,1176,274,1280,720
frame_114_28.jpg,Person,698,86,750,150,1280,720
frame_114_28.jpg,Person,560,88,606,155,1280,720
frame_114_28.jpg,Person,1097,98,1128,155,1280,720
frame_114_28.jpg,Person,1061,97,1102,157,1280,720
frame_114_28.jpg,Person,743,10,779,78,1280,720
frame_114_28.jpg,Person,630,10,664,53,1280,720
frame_114_28.jpg,Person,1114,204,1178,347,1280,720
frame_114_28.jpg,Person,544,35,596,100,1280,720
frame_114_29.jpg,Person,308,115,387,329,1280,720
frame_114_29.jpg,Person,325,373,463,612,1280,720
frame_114_29.jpg,Person,435,124,506,276,1280,720
frame_114_29.jpg,Person,852,83,919,262,1280,720
frame_114_29.jpg,Person,934,108,983,238,1280,720
frame_114_29.jpg,Person,1118,205,1175,274,1280,720
frame_114_29.jpg,Person,698,86,750,150,1280,720
frame_114_29.jpg,Person,560,88,606,156,1280,720
frame_114_29.jpg,Person,1097,98,1128,156,1280,720
frame_114_29.jpg,Person,1061,97,1102,157,1280,720
frame_114_29.jpg,Person,743,9,779,78,1280,720
frame_114_29.jpg,Person,1113,204,1176,347,1280,720
frame_114_29.jpg,Person,630,10,664,53,1280,720
frame_114_29.jpg,Person,543,35,595,100,1280,720
frame_114_3.jpg,Person,308,114,388,329,1280,720
frame_114_3.jpg,Person,326,373,463,612,1280,720
frame_114_3.jpg,Person,435,124,506,277,1280,720
frame_114_3.jpg,Person,853,83,919,260,1280,720
frame_114_3.jpg,Person,1170,100,1205,166,1280,720
frame_114_3.jpg,Person,934,107,983,237,1280,720
frame_114_3.jpg,Person,1122,205,1175,273,1280,720
frame_114_3.jpg,Person,698,85,749,168,1280,720
frame_114_3.jpg,Person,1097,99,1128,157,1280,720
frame_114_3.jpg,Person,1062,96,1101,156,1280,720
frame_114_3.jpg,Person,744,9,780,80,1280,720
frame_114_3.jpg,Person,630,10,663,53,1280,720
frame_114_3.jpg,Person,550,37,604,150,1280,720
frame_114_30.jpg,Person,308,115,387,329,1280,720
frame_114_30.jpg,Person,325,373,463,612,1280,720
frame_114_30.jpg,Person,436,124,506,275,1280,720
frame_114_30.jpg,Person,852,83,919,262,1280,720
frame_114_30.jpg,Person,934,108,983,237,1280,720
frame_114_30.jpg,Person,1118,205,1175,274,1280,720
frame_114_30.jpg,Person,698,86,750,150,1280,720
frame_114_30.jpg,Person,559,88,606,156,1280,720
frame_114_30.jpg,Person,1097,98,1128,156,1280,720
frame_114_30.jpg,Person,1061,97,1102,157,1280,720
frame_114_30.jpg,Person,743,9,779,78,1280,720
frame_114_30.jpg,Person,1113,204,1176,347,1280,720
frame_114_30.jpg,Person,630,10,664,53,1280,720
frame_114_30.jpg,Person,543,35,595,99,1280,720
frame_114_31.jpg,Person,308,115,387,329,1280,720
frame_114_31.jpg,Person,325,373,463,612,1280,720
frame_114_31.jpg,Person,435,124,506,276,1280,720
frame_114_31.jpg,Person,852,83,919,262,1280,720
frame_114_31.jpg,Person,934,108,983,238,1280,720
frame_114_31.jpg,Person,698,86,750,150,1280,720
frame_114_31.jpg,Person,1118,205,1175,274,1280,720
frame_114_31.jpg,Person,560,88,606,155,1280,720
frame_114_31.jpg,Person,1097,98,1128,155,1280,720
frame_114_31.jpg,Person,1061,97,1102,157,1280,720
frame_114_31.jpg,Person,743,9,779,78,1280,720
frame_114_31.jpg,Person,1113,204,1177,347,1280,720
frame_114_31.jpg,Person,630,10,664,53,1280,720
frame_114_31.jpg,Person,543,35,595,100,1280,720
frame_114_32.jpg,Person,308,114,387,329,1280,720
frame_114_32.jpg,Person,325,373,463,612,1280,720
frame_114_32.jpg,Person,436,124,506,275,1280,720
frame_114_32.jpg,Person,852,84,919,262,1280,720
frame_114_32.jpg,Person,934,108,983,238,1280,720
frame_114_32.jpg,Person,1120,205,1176,273,1280,720
frame_114_32.jpg,Person,560,88,606,155,1280,720
frame_114_32.jpg,Person,698,86,750,150,1280,720
frame_114_32.jpg,Person,1097,98,1128,156,1280,720
frame_114_32.jpg,Person,1061,97,1102,157,1280,720
frame_114_32.jpg,Person,1113,204,1176,345,1280,720
frame_114_32.jpg,Person,743,9,779,78,1280,720
frame_114_32.jpg,Person,630,11,664,54,1280,720
frame_114_32.jpg,Person,543,35,595,100,1280,720
frame_114_32.jpg,Person,1198,111,1232,182,1280,720
frame_114_33.jpg,Person,308,115,387,329,1280,720
frame_114_33.jpg,Person,325,373,462,612,1280,720
frame_114_33.jpg,Person,435,124,506,276,1280,720
frame_114_33.jpg,Person,853,81,920,262,1280,720
frame_114_33.jpg,Person,934,107,983,238,1280,720
frame_114_33.jpg,Person,698,85,750,149,1280,720
frame_114_33.jpg,Person,1120,206,1175,274,1280,720
frame_114_33.jpg,Person,560,88,606,155,1280,720
frame_114_33.jpg,Person,1097,98,1129,156,1280,720
frame_114_33.jpg,Person,1062,97,1102,157,1280,720
frame_114_33.jpg,Person,1115,205,1176,337,1280,720
frame_114_33.jpg,Person,743,9,779,78,1280,720
frame_114_33.jpg,Person,630,10,664,53,1280,720
frame_114_33.jpg,Person,543,35,595,101,1280,720
frame_114_34.jpg,Person,308,114,387,329,1280,720
frame_114_34.jpg,Person,325,373,462,612,1280,720
frame_114_34.jpg,Person,435,124,506,275,1280,720
frame_114_34.jpg,Person,853,81,921,261,1280,720
frame_114_34.jpg,Person,934,108,983,238,1280,720
frame_114_34.jpg,Person,698,86,750,150,1280,720
frame_114_34.jpg,Person,1120,206,1176,274,1280,720
frame_114_34.jpg,Person,559,88,606,155,1280,720
frame_114_34.jpg,Person,1097,98,1129,156,1280,720
frame_114_34.jpg,Person,1061,97,1102,157,1280,720
frame_114_34.jpg,Person,1115,205,1176,338,1280,720
frame_114_34.jpg,Person,743,9,779,78,1280,720
frame_114_34.jpg,Person,630,10,664,53,1280,720
frame_114_34.jpg,Person,542,34,595,100,1280,720
frame_114_35.jpg,Person,308,114,387,329,1280,720
frame_114_35.jpg,Person,325,373,462,612,1280,720
frame_114_35.jpg,Person,435,124,506,275,1280,720
frame_114_35.jpg,Person,853,82,921,262,1280,720
frame_114_35.jpg,Person,934,108,983,238,1280,720
frame_114_35.jpg,Person,1120,206,1176,274,1280,720
frame_114_35.jpg,Person,698,86,750,150,1280,720
frame_114_35.jpg,Person,559,88,606,155,1280,720
frame_114_35.jpg,Person,1096,98,1128,156,1280,720
frame_114_35.jpg,Person,1115,206,1176,332,1280,720
frame_114_35.jpg,Person,1061,97,1102,157,1280,720
frame_114_35.jpg,Person,743,9,779,78,1280,720
frame_114_35.jpg,Person,1198,114,1236,186,1280,720
frame_114_35.jpg,Person,630,10,664,53,1280,720
frame_114_35.jpg,Person,543,34,595,99,1280,720
frame_114_36.jpg,Person,308,114,387,329,1280,720
frame_114_36.jpg,Person,325,373,462,612,1280,720
frame_114_36.jpg,Person,435,124,506,275,1280,720
frame_114_36.jpg,Person,853,82,921,262,1280,720
frame_114_36.jpg,Person,934,108,983,237,1280,720
frame_114_36.jpg,Person,1120,205,1176,273,1280,720
frame_114_36.jpg,Person,698,86,750,150,1280,720
frame_114_36.jpg,Person,559,88,606,155,1280,720
frame_114_36.jpg,Person,1097,98,1129,156,1280,720
frame_114_36.jpg,Person,1061,97,1102,157,1280,720
frame_114_36.jpg,Person,1115,205,1177,341,1280,720
frame_114_36.jpg,Person,743,9,779,78,1280,720
frame_114_36.jpg,Person,1198,114,1236,186,1280,720
frame_114_36.jpg,Person,630,11,664,54,1280,720
frame_114_36.jpg,Person,543,35,595,100,1280,720
frame_114_37.jpg,Person,308,114,387,329,1280,720
frame_114_37.jpg,Person,325,373,462,611,1280,720
frame_114_37.jpg,Person,435,124,506,276,1280,720
frame_114_37.jpg,Person,853,81,921,262,1280,720
frame_114_37.jpg,Person,934,108,983,238,1280,720
frame_114_37.jpg,Person,1120,205,1176,273,1280,720
frame_114_37.jpg,Person,698,86,750,150,1280,720
frame_114_37.jpg,Person,560,88,606,156,1280,720
frame_114_37.jpg,Person,1115,205,1176,306,1280,720
frame_114_37.jpg,Person,1097,98,1129,156,1280,720
frame_114_37.jpg,Person,1061,97,1102,157,1280,720
frame_114_37.jpg,Person,1198,114,1237,186,1280,720
frame_114_37.jpg,Person,743,9,779,78,1280,720
frame_114_37.jpg,Person,630,10,664,53,1280,720
frame_114_38.jpg,Person,308,114,387,329,1280,720
frame_114_38.jpg,Person,325,373,462,611,1280,720
frame_114_38.jpg,Person,435,124,506,276,1280,720
frame_114_38.jpg,Person,853,83,921,262,1280,720
frame_114_38.jpg,Person,934,107,983,238,1280,720
frame_114_38.jpg,Person,1119,206,1176,274,1280,720
frame_114_38.jpg,Person,698,86,750,150,1280,720
frame_114_38.jpg,Person,559,88,606,155,1280,720
frame_114_38.jpg,Person,1097,98,1129,156,1280,720
frame_114_38.jpg,Person,1115,205,1177,330,1280,720
frame_114_38.jpg,Person,1061,97,1102,157,1280,720
frame_114_38.jpg,Person,743,9,779,78,1280,720
frame_114_38.jpg,Person,630,10,664,53,1280,720
frame_114_38.jpg,Person,1198,115,1238,186,1280,720
frame_114_39.jpg,Person,308,115,387,329,1280,720
frame_114_39.jpg,Person,325,373,462,612,1280,720
frame_114_39.jpg,Person,435,124,506,277,1280,720
frame_114_39.jpg,Person,853,83,919,263,1280,720
frame_114_39.jpg,Person,934,107,983,238,1280,720
frame_114_39.jpg,Person,1118,205,1175,274,1280,720
frame_114_39.jpg,Person,697,85,750,148,1280,720
frame_114_39.jpg,Person,559,89,605,155,1280,720
frame_114_39.jpg,Person,1199,115,1240,186,1280,720
frame_114_39.jpg,Person,1097,98,1129,156,1280,720
frame_114_39.jpg,Person,1061,97,1102,157,1280,720
frame_114_39.jpg,Person,1114,205,1177,343,1280,720
frame_114_39.jpg,Person,743,9,779,78,1280,720
frame_114_39.jpg,Person,630,10,664,53,1280,720
frame_2_19.jpg,Person,386,80,433,207,480,360
frame_2_19.jpg,Person,67,154,182,329,480,360
frame_2_19.jpg,Person,86,120,166,203,480,360
frame_2_2.jpg,Person,68,152,181,326,480,360
frame_2_2.jpg,Person,385,37,444,210,480,360
frame_2_2.jpg,Person,15,253,123,354,480,360
frame_2_2.jpg,Person,88,118,151,191,480,360
frame_2_20.jpg,Person,386,81,433,207,480,360
frame_2_20.jpg,Person,68,155,182,329,480,360
frame_2_20.jpg,Person,86,120,166,203,480,360
frame_2_20.jpg,Person,12,250,116,352,480,360
frame_2_21.jpg,Person,386,82,433,207,480,360
frame_2_21.jpg,Person,67,162,182,327,480,360
frame_2_21.jpg,Person,10,248,121,352,480,360
frame_2_21.jpg,Person,86,119,166,205,480,360
frame_2_22.jpg,Person,386,81,433,206,480,360
frame_2_22.jpg,Person,67,166,182,327,480,360
frame_2_22.jpg,Person,11,247,123,352,480,360
frame_2_22.jpg,Person,86,118,153,187,480,360
frame_2_23.jpg,Person,387,81,433,206,480,360
frame_2_23.jpg,Person,68,167,182,330,480,360
frame_2_23.jpg,Person,11,247,123,352,480,360
frame_2_23.jpg,Person,87,119,153,189,480,360
frame_2_24.jpg,Person,67,168,182,331,480,360
frame_2_24.jpg,Person,386,80,433,205,480,360
frame_2_24.jpg,Person,11,247,125,353,480,360
frame_2_24.jpg,Person,87,119,153,189,480,360
frame_2_25.jpg,Person,387,81,433,206,480,360
frame_2_25.jpg,Person,67,167,182,329,480,360
frame_2_25.jpg,Person,12,246,120,351,480,360
frame_2_25.jpg,Person,86,119,153,191,480,360
frame_2_26.jpg,Person,386,79,433,206,480,360
frame_2_26.jpg,Person,67,166,183,329,480,360
frame_2_26.jpg,Person,11,246,123,352,480,360
frame_2_26.jpg,Person,86,119,153,185,480,360
frame_2_27.jpg,Person,386,79,433,207,480,360
frame_2_27.jpg,Person,67,166,182,328,480,360
frame_2_27.jpg,Person,11,246,122,353,480,360
frame_2_27.jpg,Person,87,118,153,185,480,360
frame_2_28.jpg,Person,386,80,433,206,480,360
frame_2_28.jpg,Person,67,164,183,327,480,360
frame_2_28.jpg,Person,11,246,122,352,480,360
frame_2_28.jpg,Person,87,118,153,185,480,360
frame_2_29.jpg,Person,386,81,433,206,480,360
frame_2_29.jpg,Person,67,156,183,327,480,360
frame_2_29.jpg,Person,14,246,118,352,480,360
frame_2_29.jpg,Person,87,119,155,185,480,360
frame_2_29.jpg,Person,0,268,28,335,480,360
frame_2_3.jpg,Person,68,151,182,329,480,360
frame_2_3.jpg,Person,15,253,122,354,480,360
frame_2_3.jpg,Person,385,37,446,210,480,360
frame_2_3.jpg,Person,88,118,147,181,480,360
frame_2_30.jpg,Person,67,158,183,328,480,360
frame_2_30.jpg,Person,386,78,434,207,480,360
frame_2_30.jpg,Person,0,267,28,335,480,360
frame_2_30.jpg,Person,87,119,152,184,480,360
frame_2_30.jpg,Person,15,246,123,350,480,360
frame_2_31.jpg,Person,67,152,183,329,480,360
frame_2_31.jpg,Person,387,76,435,207,480,360
frame_2_31.jpg,Person,0,267,28,335,480,360
frame_2_31.jpg,Person,15,246,123,352,480,360
frame_2_31.jpg,Person,88,119,154,193,480,360
frame_2_31.jpg,Person,14,246,75,337,480,360
frame_2_31.jpg,Person,386,36,443,209,480,360
frame_2_31.jpg,Person,87,118,140,180,480,360
frame_2_32.jpg,Person,386,78,435,207,480,360
frame_2_32.jpg,Person,67,150,183,328,480,360
frame_2_32.jpg,Person,14,246,121,353,480,360
frame_2_32.jpg,Person,87,118,152,185,480,360
frame_2_32.jpg,Person,0,267,26,336,480,360
frame_2_33.jpg,Person,66,150,182,325,480,360
frame_2_33.jpg,Person,386,78,435,207,480,360
frame_2_33.jpg,Person,15,246,122,352,480,360
frame_2_33.jpg,Person,88,118,154,185,480,360
frame_2_33.jpg,Person,0,266,28,336,480,360
frame_2_34.jpg,Person,66,152,182,327,480,360
frame_2_34.jpg,Person,87,117,154,184,480,360
frame_2_34.jpg,Person,15,245,119,350,480,360
frame_2_34.jpg,Person,386,78,434,207,480,360
frame_2_34.jpg,Person,0,264,30,343,480,360
frame_2_34.jpg,Person,15,246,81,338,480,360
frame_2_35.jpg,Person,66,158,183,327,480,360
frame_2_35.jpg,Person,88,117,156,184,480,360
frame_2_35.jpg,Person,386,78,436,208,480,360
frame_2_35.jpg,Person,15,245,123,352,480,360
frame_2_35.jpg,Person,14,246,90,345,480,360
frame_2_35.jpg,Person,0,264,30,336,480,360
frame_2_36.jpg,Person,67,154,183,326,480,360
frame_2_36.jpg,Person,87,117,154,184,480,360
frame_2_36.jpg,Person,386,78,436,207,480,360
frame_2_36.jpg,Person,15,245,119,350,480,360
frame_2_36.jpg,Person,0,265,30,341,480,360
frame_2_36.jpg,Person,15,245,81,336,480,360
frame_2_37.jpg,Person,65,155,182,327,480,360
frame_2_37.jpg,Person,88,117,155,184,480,360
frame_2_37.jpg,Person,16,245,120,352,480,360
frame_2_37.jpg,Person,0,264,30,341,480,360
frame_2_37.jpg,Person,386,78,432,207,480,360
frame_2_38.jpg,Person,66,157,182,327,480,360
frame_2_38.jpg,Person,88,117,155,184,480,360
frame_2_38.jpg,Person,0,264,32,337,480,360
frame_2_38.jpg,Person,16,246,121,353,480,360
frame_2_38.jpg,Person,385,36,442,208,480,360
frame_2_39.jpg,Person,65,157,182,327,480,360
frame_2_39.jpg,Person,88,117,155,184,480,360
frame_2_39.jpg,Person,0,264,32,337,480,360
frame_2_39.jpg,Person,17,246,123,353,480,360
frame_2_39.jpg,Person,385,33,447,208,480,360
frame_2_4.jpg,Person,69,151,183,328,480,360
frame_2_4.jpg,Person,385,33,449,210,480,360
frame_2_4.jpg,Person,15,250,122,353,480,360
frame_2_4.jpg,Person,88,120,145,182,480,360
frame_2_4.jpg,Person,0,275,28,334,480,360
frame_75_2.jpg,Person,326,139,437,383,704,480
frame_75_2.jpg,Person,195,109,319,413,704,480
frame_75_20.jpg,Person,131,178,290,476,704,480
frame_75_20.jpg,Person,317,215,458,475,704,480
frame_75_21.jpg,Person,128,184,289,478,704,480
frame_75_21.jpg,Person,315,220,460,476,704,480
frame_75_22.jpg,Person,125,190,289,478,704,480
frame_75_22.jpg,Person,314,224,462,475,704,480
frame_75_23.jpg,Person,118,202,285,476,704,480
frame_75_23.jpg,Person,310,231,462,477,704,480
frame_75_24.jpg,Person,112,208,283,476,704,480
frame_75_24.jpg,Person,309,233,463,476,704,480
frame_75_25.jpg,Person,106,219,278,476,704,480
frame_75_25.jpg,Person,309,239,462,476,704,480
frame_75_26.jpg,Person,99,224,274,475,704,480
frame_75_26.jpg,Person,312,242,460,477,704,480
frame_75_27.jpg,Person,86,233,269,474,704,480
frame_75_27.jpg,Person,317,249,459,477,704,480
frame_75_28.jpg,Person,327,258,458,477,704,480
frame_75_28.jpg,Person,75,222,262,475,704,480
frame_75_29.jpg,Person,70,243,259,475,704,480
frame_75_29.jpg,Person,335,264,459,477,704,480
frame_75_3.jpg,Person,326,139,433,382,704,480
frame_75_3.jpg,Person,194,112,314,422,704,480
frame_75_30.jpg,Person,64,246,258,475,704,480
frame_75_30.jpg,Person,338,270,460,477,704,480
frame_75_31.jpg,Person,54,257,253,476,704,480
frame_75_31.jpg,Person,343,284,465,478,704,480
frame_75_32.jpg,Person,48,264,251,476,704,480
frame_75_32.jpg,Person,345,289,470,476,704,480
frame_75_33.jpg,Person,39,281,245,476,704,480
frame_75_33.jpg,Person,348,300,477,477,704,480
frame_75_34.jpg,Person,351,306,481,478,704,480
frame_75_34.jpg,Person,33,289,243,476,704,480
frame_75_35.jpg,Person,353,314,490,477,704,480
frame_75_35.jpg,Person,27,314,236,477,704,480
frame_75_36.jpg,Person,25,327,233,477,704,480
frame_75_36.jpg,Person,353,324,496,478,704,480
frame_41_29.jpg,Person,470,171,847,708,1280,720
frame_41_3.jpg,Person,621,311,888,700,1280,720
frame_41_30.jpg,Person,470,172,847,709,1280,720
frame_41_31.jpg,Person,470,172,847,709,1280,720
frame_41_32.jpg,Person,488,164,824,706,1280,720
frame_41_33.jpg,Person,498,159,790,648,1280,720
frame_41_34.jpg,Person,498,159,789,648,1280,720
frame_41_35.jpg,Person,498,160,790,650,1280,720
frame_41_36.jpg,Person,496,158,783,649,1280,720
frame_41_37.jpg,Person,504,142,753,630,1280,720
frame_41_38.jpg,Person,504,142,753,633,1280,720
frame_41_39.jpg,Person,504,142,753,633,1280,720
frame_41_4.jpg,Person,622,311,889,704,1280,720
frame_41_40.jpg,Person,504,141,753,632,1280,720
frame_41_42.jpg,Person,500,138,684,513,1280,720
frame_41_43.jpg,Person,499,139,684,513,1280,720
frame_41_44.jpg,Person,499,139,684,513,1280,720
frame_41_5.jpg,Person,621,310,888,703,1280,720
frame_112_6.jpg,Person,215,102,456,596,1280,720
frame_112_7.jpg,Person,215,102,456,598,1280,720
frame_112_8.jpg,Person,236,125,512,647,1280,720
frame_112_9.jpg,Person,236,126,512,648,1280,720
frame_60_13.jpg,Person,47,93,106,239,480,360
frame_60_13.jpg,Person,219,80,282,194,480,360
frame_60_13.jpg,Person,96,33,136,121,480,360
frame_60_13.jpg,Person,129,244,236,339,480,360
frame_60_14.jpg,Person,48,93,106,239,480,360
frame_60_14.jpg,Person,219,80,280,194,480,360
frame_60_14.jpg,Person,96,33,136,121,480,360
frame_60_14.jpg,Person,128,245,205,339,480,360
frame_60_14.jpg,Person,175,255,236,338,480,360
frame_60_14.jpg,Person,129,246,236,340,480,360
frame_60_15.jpg,Person,47,92,106,239,480,360
frame_60_15.jpg,Person,96,33,136,121,480,360
frame_60_15.jpg,Person,219,80,272,194,480,360
frame_60_15.jpg,Person,126,244,235,339,480,360
frame_60_15.jpg,Person,173,254,235,337,480,360
frame_60_16.jpg,Person,48,93,106,239,480,360
frame_60_16.jpg,Person,96,33,136,121,480,360
frame_60_16.jpg,Person,218,80,273,194,480,360
frame_60_16.jpg,Person,126,244,235,339,480,360
frame_60_17.jpg,Person,48,91,106,238,480,360
frame_60_17.jpg,Person,217,80,276,194,480,360
frame_60_17.jpg,Person,96,33,136,121,480,360
frame_60_17.jpg,Person,125,244,235,339,480,360
frame_60_18.jpg,Person,49,93,107,239,480,360
frame_60_18.jpg,Person,217,80,275,194,480,360
frame_60_18.jpg,Person,96,33,136,121,480,360
frame_60_18.jpg,Person,123,244,234,339,480,360
frame_60_19.jpg,Person,48,93,107,239,480,360
frame_60_19.jpg,Person,216,80,274,194,480,360
frame_60_19.jpg,Person,96,33,136,121,480,360
frame_60_19.jpg,Person,122,245,234,339,480,360
frame_60_2.jpg,Person,49,93,105,238,480,360
frame_60_2.jpg,Person,141,244,240,339,480,360
frame_60_2.jpg,Person,230,76,282,191,480,360
frame_60_2.jpg,Person,96,33,136,120,480,360
frame_60_20.jpg,Person,49,93,107,239,480,360
frame_60_20.jpg,Person,215,80,272,194,480,360
frame_60_20.jpg,Person,121,245,235,339,480,360
frame_60_20.jpg,Person,96,33,136,120,480,360
frame_60_21.jpg,Person,49,93,106,239,480,360
frame_60_21.jpg,Person,214,80,271,194,480,360
frame_60_21.jpg,Person,119,246,234,340,480,360
frame_60_21.jpg,Person,96,33,136,120,480,360
frame_60_22.jpg,Person,49,93,106,239,480,360
frame_60_22.jpg,Person,118,246,234,340,480,360
frame_60_22.jpg,Person,213,81,270,195,480,360
frame_60_22.jpg,Person,96,33,136,120,480,360
frame_60_23.jpg,Person,49,93,106,239,480,360
frame_60_23.jpg,Person,117,246,234,339,480,360
frame_60_23.jpg,Person,212,81,269,195,480,360
frame_60_23.jpg,Person,96,33,136,120,480,360
frame_60_24.jpg,Person,49,93,106,239,480,360
frame_60_24.jpg,Person,116,247,233,339,480,360
frame_60_24.jpg,Person,211,81,268,197,480,360
frame_60_24.jpg,Person,96,33,136,120,480,360
frame_60_25.jpg,Person,50,93,106,238,480,360
frame_60_25.jpg,Person,210,81,268,199,480,360
frame_60_25.jpg,Person,115,247,234,339,480,360
frame_60_25.jpg,Person,96,33,136,120,480,360
frame_60_26.jpg,Person,50,93,106,238,480,360
frame_60_26.jpg,Person,209,80,266,200,480,360
frame_60_26.jpg,Person,115,248,233,339,480,360
frame_60_26.jpg,Person,96,33,136,120,480,360
frame_60_27.jpg,Person,50,93,106,238,480,360
frame_60_27.jpg,Person,209,80,267,201,480,360
frame_60_27.jpg,Person,113,248,232,339,480,360
frame_60_27.jpg,Person,96,33,136,120,480,360
frame_60_28.jpg,Person,50,95,105,239,480,360
frame_60_28.jpg,Person,207,80,266,203,480,360
frame_60_28.jpg,Person,112,248,232,339,480,360
frame_60_28.jpg,Person,96,33,136,120,480,360
frame_60_29.jpg,Person,51,95,106,239,480,360
frame_60_29.jpg,Person,208,80,266,204,480,360
frame_60_29.jpg,Person,111,249,231,339,480,360
frame_60_29.jpg,Person,96,33,136,120,480,360
frame_60_3.jpg,Person,48,93,105,238,480,360
frame_60_3.jpg,Person,140,244,239,339,480,360
frame_60_3.jpg,Person,230,77,281,191,480,360
frame_60_3.jpg,Person,96,33,136,120,480,360
frame_86_32.jpg,Person,109,198,127,232,320,240
frame_86_32.jpg,Person,272,19,284,41,320,240
frame_86_32.jpg,Person,80,199,95,230,320,240
frame_86_32.jpg,Person,96,209,112,239,320,240
frame_86_32.jpg,Person,78,175,92,203,320,240
frame_86_32.jpg,Person,105,190,117,214,320,240
frame_86_33.jpg,Person,109,198,127,232,320,240
frame_86_33.jpg,Person,272,19,283,40,320,240
frame_86_33.jpg,Person,79,199,95,232,320,240
frame_86_33.jpg,Person,95,209,110,239,320,240
frame_86_33.jpg,Person,76,173,92,204,320,240
frame_86_33.jpg,Person,105,189,117,214,320,240
frame_86_34.jpg,Person,110,197,127,230,320,240
frame_86_34.jpg,Person,272,21,283,41,320,240
frame_86_34.jpg,Person,95,209,110,239,320,240
frame_86_34.jpg,Person,78,199,94,231,320,240
frame_86_34.jpg,Person,74,172,89,204,320,240
frame_86_35.jpg,Person,110,196,128,229,320,240
frame_86_35.jpg,Person,272,21,282,40,320,240
frame_86_35.jpg,Person,95,209,110,239,320,240
frame_86_35.jpg,Person,78,198,94,230,320,240
frame_86_35.jpg,Person,74,171,88,203,320,240
frame_86_4.jpg,Person,282,14,290,34,320,240
frame_86_4.jpg,Person,102,199,117,227,320,240
frame_86_4.jpg,Person,79,197,94,231,320,240
frame_86_4.jpg,Person,111,214,124,239,320,240
frame_86_5.jpg,Person,282,14,290,33,320,240
frame_86_5.jpg,Person,104,199,118,226,320,240
frame_86_5.jpg,Person,111,213,124,239,320,240
frame_86_5.jpg,Person,80,197,94,229,320,240
frame_86_6.jpg,Person,104,199,118,226,320,240
frame_86_6.jpg,Person,111,213,124,239,320,240
frame_86_6.jpg,Person,282,15,290,33,320,240
frame_86_6.jpg,Person,80,197,94,227,320,240
frame_86_7.jpg,Person,111,211,124,239,320,240
frame_86_7.jpg,Person,104,198,118,225,320,240
frame_86_7.jpg,Person,82,218,97,239,320,240
frame_86_7.jpg,Person,99,223,112,239,320,240
frame_86_7.jpg,Person,282,15,289,32,320,240
frame_86_8.jpg,Person,99,219,114,238,320,240
frame_86_8.jpg,Person,111,211,124,239,320,240
frame_86_8.jpg,Person,82,217,97,239,320,240
frame_86_8.jpg,Person,104,198,118,224,320,240
frame_86_8.jpg,Person,80,195,95,229,320,240
frame_86_8.jpg,Person,282,15,292,33,320,240
frame_86_9.jpg,Person,111,211,124,239,320,240
frame_86_9.jpg,Person,99,219,113,239,320,240
frame_86_9.jpg,Person,83,217,97,239,320,240
frame_86_9.jpg,Person,104,198,118,222,320,240
frame_87_0.jpg,Person,212,37,220,62,320,240
frame_87_0.jpg,Person,305,19,316,38,320,240
frame_87_0.jpg,Person,158,154,171,182,320,240
frame_87_0.jpg,Person,299,16,307,32,320,240
frame_87_1.jpg,Person,211,37,220,62,320,240
frame_87_1.jpg,Person,304,19,315,38,320,240
frame_87_1.jpg,Person,299,15,307,30,320,240
frame_87_1.jpg,Person,158,152,171,181,320,240
frame_87_10.jpg,Person,158,146,170,173,320,240
frame_87_10.jpg,Person,298,18,310,38,320,240
frame_87_11.jpg,Person,298,18,310,38,320,240
frame_87_11.jpg,Person,158,145,170,173,320,240
frame_87_11.jpg,Person,292,16,301,28,320,240
frame_87_12.jpg,Person,298,18,309,37,320,240
frame_87_12.jpg,Person,158,144,170,171,320,240
frame_87_12.jpg,Person,208,29,222,63,320,240
frame_87_12.jpg,Person,293,16,301,28,320,240
frame_87_13.jpg,Person,298,17,310,36,320,240
frame_87_13.jpg,Person,159,144,169,168,320,240
frame_87_13.jpg,Person,208,41,218,62,320,240
frame_87_14.jpg,Person,298,16,309,35,320,240
frame_87_14.jpg,Person,207,43,217,63,320,240
frame_144_3.jpg,Person,641,108,712,351,1280,720
frame_144_30.jpg,Person,632,114,722,376,1280,720
frame_144_31.jpg,Person,632,117,724,375,1280,720
frame_144_32.jpg,Person,632,117,724,376,1280,720
frame_144_33.jpg,Person,628,115,728,376,1280,720
frame_144_34.jpg,Person,628,115,728,376,1280,720
frame_144_35.jpg,Person,620,116,729,376,1280,720
frame_144_36.jpg,Person,620,116,729,376,1280,720
frame_144_37.jpg,Person,619,118,731,382,1280,720
frame_144_38.jpg,Person,619,118,731,381,1280,720
frame_144_39.jpg,Person,618,124,730,397,1280,720
frame_144_4.jpg,Person,641,108,712,351,1280,720
frame_144_40.jpg,Person,618,123,730,396,1280,720
frame_144_41.jpg,Person,616,127,731,414,1280,720
frame_144_42.jpg,Person,616,129,731,415,1280,720
frame_144_43.jpg,Person,615,134,733,425,1280,720
frame_144_44.jpg,Person,614,134,733,425,1280,720
frame_144_45.jpg,Person,613,140,735,432,1280,720
frame_144_46.jpg,Person,613,138,735,431,1280,720
frame_144_47.jpg,Person,614,145,738,444,1280,720
frame_144_48.jpg,Person,614,145,737,444,1280,720
frame_144_49.jpg,Person,615,152,739,454,1280,720
frame_144_5.jpg,Person,640,108,712,352,1280,720
frame_144_50.jpg,Person,615,152,738,453,1280,720
frame_144_51.jpg,Person,620,157,742,456,1280,720
frame_144_52.jpg,Person,620,157,742,456,1280,720
frame_139_6.jpg,Person,506,73,733,523,1280,720
frame_139_6.jpg,Person,865,641,950,719,1280,720
frame_139_7.jpg,Person,506,73,733,523,1280,720
frame_139_7.jpg,Person,866,640,951,719,1280,720
frame_139_8.jpg,Person,503,73,738,512,1280,720
frame_139_9.jpg,Person,502,75,738,513,1280,720
frame_13_0.jpg,Person,212,152,379,283,512,288
frame_13_0.jpg,Person,26,49,76,162,512,288
frame_13_0.jpg,Person,101,31,160,141,512,288
frame_13_1.jpg,Person,213,152,379,283,512,288
frame_13_1.jpg,Person,26,50,76,162,512,288
frame_13_1.jpg,Person,100,29,160,140,512,288
frame_13_10.jpg,Person,209,153,377,284,512,288
frame_13_10.jpg,Person,25,54,76,162,512,288
frame_13_10.jpg,Person,112,28,175,136,512,288
frame_13_11.jpg,Person,209,153,377,284,512,288
frame_13_11.jpg,Person,25,54,76,162,512,288
frame_13_11.jpg,Person,113,28,176,134,512,288
frame_13_12.jpg,Person,208,153,375,284,512,288
frame_13_12.jpg,Person,25,52,76,161,512,288
frame_13_12.jpg,Person,112,25,177,135,512,288
frame_13_13.jpg,Person,208,152,377,284,512,288
frame_13_13.jpg,Person,25,52,76,162,512,288
frame_13_13.jpg,Person,119,33,176,134,512,288
frame_13_14.jpg,Person,209,152,378,284,512,288
frame_13_14.jpg,Person,123,35,177,135,512,288
frame_13_14.jpg,Person,25,51,76,162,512,288
frame_13_15.jpg,Person,210,151,380,284,512,288
frame_13_15.jpg,Person,25,51,76,162,512,288
frame_13_15.jpg,Person,123,35,178,134,512,288
frame_13_15.jpg,Person,110,21,147,81,512,288
frame_13_16.jpg,Person,209,149,380,284,512,288
frame_13_16.jpg,Person,25,52,76,162,512,288
frame_13_16.jpg,Person,124,35,177,135,512,288
frame_13_16.jpg,Person,110,22,136,81,512,288
frame_13_17.jpg,Person,210,147,381,284,512,288
frame_13_17.jpg,Person,25,52,76,162,512,288
frame_13_17.jpg,Person,127,32,181,131,512,288
frame_13_17.jpg,Person,110,22,140,81,512,288
frame_13_18.jpg,Person,212,147,382,284,512,288
frame_13_18.jpg,Person,25,53,77,163,512,288
frame_13_18.jpg,Person,133,34,182,130,512,288
frame_13_18.jpg,Person,110,21,141,81,512,288
frame_13_19.jpg,Person,212,146,381,284,512,288
frame_13_19.jpg,Person,25,53,77,163,512,288
frame_13_19.jpg,Person,110,21,145,81,512,288
frame_13_19.jpg,Person,137,34,183,130,512,288
frame_13_2.jpg,Person,212,153,377,284,512,288
frame_13_2.jpg,Person,26,50,76,162,512,288
frame_13_2.jpg,Person,99,30,158,139,512,288
frame_13_20.jpg,Person,213,146,381,284,512,288
frame_13_20.jpg,Person,25,51,77,162,512,288
frame_13_20.jpg,Person,142,33,184,133,512,288
frame_13_20.jpg,Person,110,21,141,81,512,288
frame_13_21.jpg,Person,214,145,380,284,512,288
frame_13_21.jpg,Person,25,52,77,163,512,288
frame_13_21.jpg,Person,148,32,185,130,512,288
frame_13_21.jpg,Person,110,21,142,81,512,288
frame_13_22.jpg,Person,214,145,380,285,512,288
frame_13_22.jpg,Person,25,51,77,163,512,288
frame_13_22.jpg,Person,152,31,190,126,512,288
frame_13_22.jpg,Person,110,21,142,81,512,288
frame_13_23.jpg,Person,215,144,379,284,512,288
frame_13_23.jpg,Person,24,50,77,163,512,288
frame_13_23.jpg,Person,156,31,192,126,512,288
frame_13_23.jpg,Person,110,21,142,81,512,288
frame_13_24.jpg,Person,215,144,378,284,512,288
frame_13_24.jpg,Person,25,52,77,164,512,288
frame_13_24.jpg,Person,159,31,192,126,512,288
frame_13_24.jpg,Person,110,21,142,81,512,288
frame_13_25.jpg,Person,217,143,379,284,512,288
frame_13_25.jpg,Person,24,52,77,164,512,288
frame_13_25.jpg,Person,163,31,197,127,512,288
frame_13_25.jpg,Person,110,22,142,81,512,288
frame_13_26.jpg,Person,217,143,378,284,512,288
frame_13_26.jpg,Person,24,52,77,164,512,288
frame_13_26.jpg,Person,110,22,142,81,512,288
frame_13_26.jpg,Person,165,30,201,126,512,288
frame_13_27.jpg,Person,218,143,379,284,512,288
frame_13_27.jpg,Person,24,52,77,164,512,288
frame_13_27.jpg,Person,110,22,142,81,512,288
frame_13_27.jpg,Person,165,21,207,125,512,288
frame_13_28.jpg,Person,218,143,379,284,512,288
frame_13_28.jpg,Person,24,52,77,165,512,288
frame_13_28.jpg,Person,110,22,142,81,512,288
frame_13_29.jpg,Person,218,142,380,284,512,288
frame_13_29.jpg,Person,24,51,78,164,512,288
frame_13_29.jpg,Person,110,22,142,81,512,288
frame_22_23.jpg,Person,297,73,401,289,640,360
frame_22_23.jpg,Person,140,15,222,220,640,360
frame_22_23.jpg,Person,214,48,293,125,640,360
frame_22_23.jpg,Person,276,78,335,156,640,360
frame_22_23.jpg,Person,214,48,260,125,640,360
frame_22_24.jpg,Person,135,14,224,221,640,360
frame_22_24.jpg,Person,216,48,293,122,640,360
frame_22_24.jpg,Person,267,71,360,288,640,360
frame_22_24.jpg,Person,216,48,259,123,640,360
frame_22_25.jpg,Person,135,15,222,221,640,360
frame_22_25.jpg,Person,282,67,361,289,640,360
frame_22_25.jpg,Person,216,48,260,123,640,360
frame_22_26.jpg,Person,135,15,222,221,640,360
frame_22_26.jpg,Person,283,67,360,289,640,360
frame_22_26.jpg,Person,216,48,260,123,640,360
frame_22_26.jpg,Person,215,48,292,123,640,360
frame_22_27.jpg,Person,135,15,222,221,640,360
frame_22_27.jpg,Person,283,67,360,289,640,360
frame_22_27.jpg,Person,215,48,260,123,640,360
frame_22_28.jpg,Person,134,14,223,221,640,360
frame_22_28.jpg,Person,284,67,361,289,640,360
frame_22_28.jpg,Person,216,48,260,123,640,360
frame_22_29.jpg,Person,135,15,223,221,640,360
frame_22_29.jpg,Person,284,67,361,289,640,360
frame_22_29.jpg,Person,215,48,260,123,640,360
frame_22_3.jpg,Person,147,26,219,220,640,360
frame_22_3.jpg,Person,266,77,336,186,640,360
frame_22_3.jpg,Person,210,48,260,126,640,360
frame_22_30.jpg,Person,206,48,258,124,640,360
frame_22_30.jpg,Person,257,78,337,288,640,360
frame_22_30.jpg,Person,130,37,219,222,640,360
frame_22_31.jpg,Person,225,78,335,289,640,360
frame_22_31.jpg,Person,128,34,220,223,640,360
frame_22_31.jpg,Person,205,48,256,122,640,360
frame_22_31.jpg,Person,240,62,291,119,640,360
frame_22_32.jpg,Person,224,78,335,289,640,360
frame_22_32.jpg,Person,129,35,219,223,640,360
frame_22_32.jpg,Person,205,48,256,121,640,360
frame_22_32.jpg,Person,238,62,292,120,640,360
frame_22_33.jpg,Person,227,78,337,289,640,360
frame_22_33.jpg,Person,129,34,221,221,640,360
frame_22_33.jpg,Person,200,48,258,122,640,360
frame_22_34.jpg,Person,210,90,323,289,640,360
frame_22_34.jpg,Person,119,35,206,224,640,360
frame_22_34.jpg,Person,198,48,288,129,640,360
frame_22_34.jpg,Person,286,77,330,158,640,360
frame_22_35.jpg,Person,210,90,323,289,640,360
frame_22_35.jpg,Person,119,36,206,224,640,360
frame_22_35.jpg,Person,198,48,288,129,640,360
frame_22_35.jpg,Person,286,77,330,158,640,360
frame_22_36.jpg,Person,210,90,323,289,640,360
frame_22_36.jpg,Person,119,35,205,224,640,360
frame_22_36.jpg,Person,198,48,288,129,640,360
frame_22_36.jpg,Person,286,78,329,158,640,360
frame_22_37.jpg,Person,211,91,323,289,640,360
frame_22_37.jpg,Person,119,35,205,224,640,360
frame_22_37.jpg,Person,198,48,288,129,640,360
frame_22_37.jpg,Person,286,78,329,158,640,360
frame_22_38.jpg,Person,118,43,218,224,640,360
frame_22_38.jpg,Person,210,79,329,285,640,360
frame_22_38.jpg,Person,202,48,290,103,640,360
frame_22_38.jpg,Person,210,100,298,282,640,360
frame_22_39.jpg,Person,208,80,285,294,640,360
frame_22_39.jpg,Person,109,35,198,224,640,360
frame_22_39.jpg,Person,274,78,331,180,640,360
frame_22_4.jpg,Person,147,25,219,220,640,360
frame_22_4.jpg,Person,268,78,336,186,640,360
frame_22_4.jpg,Person,403,62,505,241,640,360
frame_22_4.jpg,Person,209,48,259,126,640,360
frame_22_40.jpg,Person,208,80,285,294,640,360
frame_22_40.jpg,Person,110,36,198,224,640,360
frame_22_40.jpg,Person,275,78,331,179,640,360
frame_22_41.jpg,Person,209,79,285,294,640,360
frame_22_41.jpg,Person,110,38,199,223,640,360
frame_22_41.jpg,Person,274,78,331,180,640,360
frame_22_42.jpg,Person,199,76,268,300,640,360
frame_22_42.jpg,Person,104,36,199,224,640,360
frame_22_42.jpg,Person,266,78,331,180,640,360
frame_22_43.jpg,Person,101,36,185,225,640,360
frame_22_43.jpg,Person,189,66,273,299,640,360
frame_22_43.jpg,Person,267,77,331,182,640,360
frame_70_28.jpg,Person,280,0,306,54,704,480
frame_70_28.jpg,Person,308,0,335,50,704,480
frame_70_29.jpg,Person,280,0,304,54,704,480
frame_70_29.jpg,Person,308,0,339,50,704,480
frame_70_30.jpg,Person,280,0,305,54,704,480
frame_70_30.jpg,Person,309,0,340,50,704,480
frame_70_31.jpg,Person,280,0,304,54,704,480
frame_70_31.jpg,Person,317,0,340,54,704,480
frame_70_31.jpg,Person,303,0,319,30,704,480
frame_70_32.jpg,Person,312,0,341,54,704,480
frame_70_32.jpg,Person,281,0,307,54,704,480
frame_70_33.jpg,Person,317,0,342,56,704,480
frame_70_33.jpg,Person,280,0,312,54,704,480
frame_70_34.jpg,Person,317,0,340,56,704,480
frame_70_34.jpg,Person,279,0,311,54,704,480
frame_70_35.jpg,Person,279,0,302,58,704,480
frame_70_35.jpg,Person,317,0,340,56,704,480
frame_70_36.jpg,Person,319,0,341,56,704,480
frame_70_36.jpg,Person,279,0,303,58,704,480
frame_70_37.jpg,Person,315,0,343,54,704,480
frame_70_37.jpg,Person,279,0,303,58,704,480
frame_70_37.jpg,Person,306,0,318,34,704,480
frame_70_38.jpg,Person,314,0,343,54,704,480
frame_70_38.jpg,Person,280,0,304,58,704,480
frame_70_38.jpg,Person,305,0,317,33,704,480
frame_70_39.jpg,Person,280,0,304,58,704,480
frame_70_39.jpg,Person,312,0,344,58,704,480
frame_95_5.jpg,Person,280,86,347,306,480,360
frame_95_5.jpg,Person,203,34,255,186,480,360
frame_95_5.jpg,Person,127,161,246,358,480,360
frame_95_5.jpg,Person,110,55,158,171,480,360
frame_95_5.jpg,Person,256,0,294,88,480,360
frame_95_5.jpg,Person,149,103,247,298,480,360
frame_95_50.jpg,Person,144,89,242,287,480,360
frame_95_50.jpg,Person,259,2,294,89,480,360
frame_95_50.jpg,Person,110,160,226,346,480,360
frame_95_50.jpg,Person,109,58,158,166,480,360
frame_95_50.jpg,Person,178,46,242,177,480,360
frame_95_50.jpg,Person,233,88,334,288,480,360
frame_95_51.jpg,Person,143,89,241,287,480,360
frame_95_51.jpg,Person,110,160,226,346,480,360
frame_95_51.jpg,Person,258,2,293,89,480,360
frame_95_51.jpg,Person,109,58,158,166,480,360
frame_95_51.jpg,Person,178,46,241,177,480,360
frame_95_51.jpg,Person,233,87,334,288,480,360
frame_95_52.jpg,Person,110,148,220,342,480,360
frame_95_52.jpg,Person,158,88,241,288,480,360
frame_95_52.jpg,Person,258,2,293,89,480,360
frame_95_52.jpg,Person,107,58,158,163,480,360
frame_95_52.jpg,Person,178,47,229,125,480,360
frame_95_52.jpg,Person,237,88,335,288,480,360
frame_95_53.jpg,Person,109,146,220,341,480,360
frame_95_53.jpg,Person,158,88,241,288,480,360
frame_95_53.jpg,Person,258,2,293,89,480,360
frame_95_53.jpg,Person,108,58,158,163,480,360
frame_95_53.jpg,Person,178,47,229,125,480,360
frame_95_53.jpg,Person,236,88,334,288,480,360
frame_95_54.jpg,Person,109,146,220,341,480,360
frame_95_54.jpg,Person,158,88,243,288,480,360
frame_95_54.jpg,Person,258,2,293,89,480,360
frame_95_54.jpg,Person,108,58,158,163,480,360
frame_95_54.jpg,Person,236,88,334,288,480,360
frame_95_54.jpg,Person,178,47,228,125,480,360
frame_95_55.jpg,Person,112,147,218,341,480,360
frame_95_55.jpg,Person,227,88,334,288,480,360
frame_95_55.jpg,Person,258,2,293,89,480,360
frame_95_55.jpg,Person,171,84,246,286,480,360
frame_95_55.jpg,Person,177,46,217,95,480,360
frame_95_55.jpg,Person,103,60,159,175,480,360
frame_95_56.jpg,Person,112,148,218,342,480,360
frame_95_56.jpg,Person,229,88,334,288,480,360
frame_95_56.jpg,Person,258,2,293,89,480,360
frame_95_56.jpg,Person,173,83,247,286,480,360
frame_95_56.jpg,Person,177,46,217,95,480,360
frame_95_56.jpg,Person,102,60,157,175,480,360
frame_95_57.jpg,Person,112,148,218,342,480,360
frame_95_57.jpg,Person,227,88,334,288,480,360
frame_95_57.jpg,Person,258,2,293,89,480,360
frame_95_57.jpg,Person,171,83,246,286,480,360
frame_95_57.jpg,Person,176,46,217,95,480,360
frame_95_57.jpg,Person,102,60,157,175,480,360
frame_95_58.jpg,Person,112,148,218,342,480,360
frame_95_58.jpg,Person,229,88,334,288,480,360
frame_95_58.jpg,Person,258,2,293,89,480,360
frame_95_58.jpg,Person,172,83,246,285,480,360
frame_95_58.jpg,Person,177,46,217,95,480,360
frame_95_58.jpg,Person,102,60,157,175,480,360
frame_95_59.jpg,Person,112,147,218,341,480,360
frame_95_59.jpg,Person,228,88,334,288,480,360
frame_95_59.jpg,Person,258,2,293,89,480,360
frame_95_59.jpg,Person,173,83,247,286,480,360
frame_95_59.jpg,Person,177,46,217,95,480,360
frame_95_59.jpg,Person,102,60,157,175,480,360
frame_95_6.jpg,Person,280,86,347,306,480,360
frame_95_6.jpg,Person,202,34,255,186,480,360
frame_95_6.jpg,Person,127,161,246,358,480,360
frame_95_6.jpg,Person,110,55,158,171,480,360
frame_95_6.jpg,Person,256,0,294,88,480,360
frame_95_6.jpg,Person,149,103,247,298,480,360
frame_95_60.jpg,Person,244,86,334,287,480,360
frame_95_60.jpg,Person,168,77,257,283,480,360
frame_95_60.jpg,Person,119,150,225,341,480,360
frame_95_60.jpg,Person,101,62,160,176,480,360
frame_95_60.jpg,Person,258,2,294,92,480,360
frame_95_60.jpg,Person,176,47,213,125,480,360
frame_95_61.jpg,Person,241,87,333,287,480,360
frame_95_61.jpg,Person,167,77,256,283,480,360
frame_95_61.jpg,Person,119,147,224,341,480,360
frame_95_61.jpg,Person,258,2,294,91,480,360
frame_95_61.jpg,Person,101,62,160,176,480,360
frame_95_61.jpg,Person,176,47,213,125,480,360
frame_95_62.jpg,Person,241,86,334,287,480,360
frame_95_62.jpg,Person,168,77,256,283,480,360
frame_95_62.jpg,Person,120,148,224,341,480,360
frame_95_62.jpg,Person,258,3,294,91,480,360
frame_95_62.jpg,Person,102,62,160,176,480,360
frame_95_62.jpg,Person,176,47,213,125,480,360
frame_95_63.jpg,Person,241,86,334,287,480,360
frame_95_63.jpg,Person,168,77,256,283,480,360
frame_95_63.jpg,Person,120,149,225,341,480,360
frame_95_63.jpg,Person,258,3,294,91,480,360
frame_95_63.jpg,Person,102,61,160,176,480,360
frame_95_63.jpg,Person,176,47,213,125,480,360
frame_95_64.jpg,Person,241,86,334,287,480,360
frame_95_64.jpg,Person,168,77,256,283,480,360
frame_95_64.jpg,Person,120,143,223,340,480,360
frame_95_64.jpg,Person,258,3,294,91,480,360
frame_95_64.jpg,Person,176,46,213,124,480,360
frame_95_64.jpg,Person,101,62,159,175,480,360
frame_95_65.jpg,Person,235,85,334,288,480,360
frame_95_65.jpg,Person,183,77,259,278,480,360
frame_95_65.jpg,Person,128,144,215,338,480,360
frame_95_65.jpg,Person,101,61,156,172,480,360
frame_95_65.jpg,Person,258,2,294,91,480,360
frame_95_65.jpg,Person,177,46,213,125,480,360
frame_95_65.jpg,Person,174,46,214,162,480,360
frame_95_66.jpg,Person,235,85,334,288,480,360
frame_95_66.jpg,Person,128,142,215,337,480,360
frame_95_66.jpg,Person,183,77,259,278,480,360
frame_95_66.jpg,Person,258,2,294,91,480,360
frame_95_66.jpg,Person,101,61,156,172,480,360
frame_95_66.jpg,Person,176,46,213,125,480,360
frame_95_66.jpg,Person,174,47,213,163,480,360
frame_95_67.jpg,Person,235,85,334,288,480,360
frame_95_67.jpg,Person,128,143,215,338,480,360
frame_95_67.jpg,Person,182,77,258,278,480,360
frame_95_67.jpg,Person,101,62,156,174,480,360
frame_95_67.jpg,Person,258,2,294,91,480,360
frame_95_67.jpg,Person,176,46,213,125,480,360
frame_95_67.jpg,Person,174,47,213,163,480,360
frame_95_68.jpg,Person,239,84,337,287,480,360
frame_95_68.jpg,Person,134,136,216,325,480,360
frame_95_68.jpg,Person,257,3,292,93,480,360
frame_95_68.jpg,Person,101,62,160,177,480,360
frame_95_68.jpg,Person,192,78,269,262,480,360
frame_95_68.jpg,Person,170,45,216,164,480,360
frame_95_68.jpg,Person,193,79,263,185,480,360
frame_95_7.jpg,Person,280,86,347,306,480,360
frame_95_7.jpg,Person,202,34,255,186,480,360
frame_95_7.jpg,Person,126,163,246,359,480,360
frame_95_7.jpg,Person,111,55,159,171,480,360
frame_95_7.jpg,Person,255,1,293,89,480,360
frame_95_7.jpg,Person,149,103,247,298,480,360
frame_95_8.jpg,Person,277,83,349,306,480,360
frame_95_8.jpg,Person,203,34,257,188,480,360
frame_95_8.jpg,Person,150,98,246,291,480,360
frame_95_8.jpg,Person,256,0,296,88,480,360
frame_95_8.jpg,Person,111,55,163,200,480,360
frame_95_8.jpg,Person,120,188,232,357,480,360
frame_95_9.jpg,Person,277,83,349,306,480,360
frame_95_9.jpg,Person,203,34,257,188,480,360
frame_95_9.jpg,Person,150,98,246,291,480,360
frame_95_9.jpg,Person,256,0,296,88,480,360
frame_95_9.jpg,Person,111,55,163,200,480,360
frame_95_9.jpg,Person,120,188,231,357,480,360
frame_96_0.jpg,Person,216,128,250,225,450,360
frame_96_0.jpg,Person,0,33,14,69,450,360
frame_57_56.jpg,Person,239,180,331,336,480,360
frame_57_56.jpg,Person,127,41,162,118,480,360
frame_57_56.jpg,Person,223,82,279,243,480,360
frame_57_56.jpg,Person,175,38,207,112,480,360
frame_57_57.jpg,Person,239,182,331,335,480,360
frame_57_57.jpg,Person,127,41,163,118,480,360
frame_57_57.jpg,Person,221,82,279,243,480,360
frame_57_57.jpg,Person,175,38,207,112,480,360
frame_57_58.jpg,Person,239,183,329,335,480,360
frame_57_58.jpg,Person,127,41,163,118,480,360
frame_57_58.jpg,Person,217,82,278,242,480,360
frame_57_58.jpg,Person,175,38,207,112,480,360
frame_57_59.jpg,Person,237,186,329,336,480,360
frame_57_59.jpg,Person,222,80,279,242,480,360
frame_57_59.jpg,Person,127,41,163,119,480,360
frame_57_59.jpg,Person,175,38,207,112,480,360
frame_57_6.jpg,Person,273,112,337,257,480,360
frame_57_6.jpg,Person,215,122,275,243,480,360
frame_57_6.jpg,Person,175,38,207,112,480,360
frame_57_6.jpg,Person,119,40,156,119,480,360
frame_57_7.jpg,Person,274,114,338,260,480,360
frame_57_7.jpg,Person,216,123,276,243,480,360
frame_57_7.jpg,Person,175,38,206,112,480,360
frame_57_7.jpg,Person,120,41,157,119,480,360
frame_57_8.jpg,Person,274,116,339,264,480,360
frame_57_8.jpg,Person,216,125,277,243,480,360
frame_57_8.jpg,Person,175,37,206,112,480,360
frame_57_9.jpg,Person,274,117,340,267,480,360
frame_57_9.jpg,Person,216,125,278,242,480,360
frame_57_9.jpg,Person,175,37,206,112,480,360
frame_58_0.jpg,Person,299,170,375,340,480,360
frame_58_0.jpg,Person,195,118,253,190,480,360
frame_58_1.jpg,Person,299,170,375,339,480,360
frame_58_1.jpg,Person,195,118,253,190,480,360
frame_58_10.jpg,Person,299,172,375,339,480,360
frame_58_10.jpg,Person,195,117,253,190,480,360
frame_58_11.jpg,Person,300,172,376,339,480,360
frame_58_11.jpg,Person,195,117,253,190,480,360
frame_58_12.jpg,Person,300,173,376,339,480,360
frame_58_12.jpg,Person,195,117,253,190,480,360
frame_58_13.jpg,Person,299,174,376,340,480,360
frame_58_13.jpg,Person,195,118,253,191,480,360
frame_58_14.jpg,Person,299,174,376,340,480,360
frame_58_14.jpg,Person,195,117,253,190,480,360
frame_58_15.jpg,Person,299,174,376,340,480,360
frame_58_15.jpg,Person,195,117,253,191,480,360
frame_58_16.jpg,Person,299,174,376,339,480,360
frame_58_16.jpg,Person,195,117,253,191,480,360
frame_58_17.jpg,Person,299,175,376,339,480,360
frame_58_17.jpg,Person,195,117,253,190,480,360
frame_58_18.jpg,Person,299,176,376,340,480,360
frame_58_18.jpg,Person,195,117,253,190,480,360
frame_106_25.jpg,Person,460,402,693,714,1280,720
frame_106_25.jpg,Person,1104,213,1278,685,1280,720
frame_106_25.jpg,Person,792,20,900,235,1280,720
frame_106_25.jpg,Person,501,217,682,469,1280,720
frame_106_25.jpg,Person,482,164,536,276,1280,720
frame_106_25.jpg,Person,523,157,636,295,1280,720
frame_106_25.jpg,Person,546,216,653,344,1280,720
frame_106_26.jpg,Person,459,405,691,715,1280,720
frame_106_26.jpg,Person,1111,219,1278,688,1280,720
frame_106_26.jpg,Person,790,20,899,237,1280,720
frame_106_26.jpg,Person,501,216,681,469,1280,720
frame_106_26.jpg,Person,526,158,636,295,1280,720
frame_106_26.jpg,Person,482,164,537,278,1280,720
frame_106_26.jpg,Person,542,217,653,342,1280,720
frame_106_27.jpg,Person,457,406,688,714,1280,720
frame_106_27.jpg,Person,1117,222,1278,688,1280,720
frame_106_27.jpg,Person,790,20,901,237,1280,720
frame_106_27.jpg,Person,525,158,636,299,1280,720
frame_106_27.jpg,Person,483,164,682,469,1280,720
frame_106_27.jpg,Person,484,164,536,280,1280,720
frame_106_28.jpg,Person,457,406,688,714,1280,720
frame_106_28.jpg,Person,1117,222,1278,688,1280,720
frame_106_28.jpg,Person,790,20,901,237,1280,720
frame_106_28.jpg,Person,525,158,636,299,1280,720
frame_106_28.jpg,Person,483,164,682,469,1280,720
frame_106_28.jpg,Person,484,164,536,280,1280,720
frame_106_29.jpg,Person,457,409,683,715,1280,720
frame_106_29.jpg,Person,1119,234,1278,711,1280,720
frame_106_29.jpg,Person,790,21,902,239,1280,720
frame_106_29.jpg,Person,501,218,681,470,1280,720
frame_106_29.jpg,Person,484,165,537,281,1280,720
frame_106_29.jpg,Person,524,160,635,298,1280,720
frame_106_29.jpg,Person,525,160,569,248,1280,720
frame_106_3.jpg,Person,466,376,729,714,1280,720
frame_106_3.jpg,Person,999,144,1143,594,1280,720
frame_106_3.jpg,Person,1106,106,1239,535,1280,720
frame_106_3.jpg,Person,478,164,535,275,1280,720
frame_106_3.jpg,Person,762,19,867,193,1280,720
frame_106_3.jpg,Person,490,213,643,448,1280,720
frame_106_3.jpg,Person,517,154,561,237,1280,720
frame_106_3.jpg,Person,517,155,623,285,1280,720
frame_106_30.jpg,Person,455,410,681,716,1280,720
frame_106_30.jpg,Person,1119,234,1278,713,1280,720
frame_106_30.jpg,Person,788,20,902,238,1280,720
frame_106_30.jpg,Person,499,218,678,470,1280,720
frame_106_30.jpg,Person,523,161,634,296,1280,720
frame_106_30.jpg,Person,483,164,535,281,1280,720
frame_106_30.jpg,Person,69,138,162,348,1280,720
frame_106_31.jpg,Person,1125,251,1279,713,1280,720
frame_106_31.jpg,Person,454,411,680,714,1280,720
frame_106_31.jpg,Person,789,20,908,237,1280,720
frame_106_31.jpg,Person,523,161,634,293,1280,720
frame_106_31.jpg,Person,499,218,678,470,1280,720
frame_106_31.jpg,Person,483,163,533,281,1280,720
frame_106_31.jpg,Person,66,138,157,307,1280,720
frame_106_31.jpg,Person,543,219,651,342,1280,720
frame_106_32.jpg,Person,453,412,681,714,1280,720
frame_106_32.jpg,Person,790,20,909,237,1280,720
frame_106_32.jpg,Person,1123,252,1278,711,1280,720
frame_106_32.jpg,Person,499,217,678,470,1280,720
frame_106_32.jpg,Person,523,159,633,275,1280,720
frame_106_32.jpg,Person,482,163,531,280,1280,720
frame_106_32.jpg,Person,545,218,650,343,1280,720
frame_106_33.jpg,Person,1131,270,1278,714,1280,720
frame_106_33.jpg,Person,452,412,677,714,1280,720
frame_106_33.jpg,Person,792,20,912,238,1280,720
frame_106_33.jpg,Person,522,157,632,272,1280,720
frame_106_33.jpg,Person,480,161,679,470,1280,720
frame_106_33.jpg,Person,481,161,530,280,1280,720
frame_106_33.jpg,Person,544,218,649,343,1280,720
frame_106_33.jpg,Person,522,158,565,246,1280,720
frame_106_34.jpg,Person,1131,269,1279,714,1280,720
frame_106_34.jpg,Person,453,412,677,715,1280,720
frame_106_34.jpg,Person,792,20,912,238,1280,720
frame_106_34.jpg,Person,497,218,676,469,1280,720
frame_106_34.jpg,Person,522,157,632,272,1280,720
frame_106_34.jpg,Person,481,162,530,280,1280,720
frame_106_34.jpg,Person,546,219,649,345,1280,720
frame_106_34.jpg,Person,522,158,565,246,1280,720
frame_106_35.jpg,Person,1131,269,1279,715,1280,720
frame_106_35.jpg,Person,451,412,675,715,1280,720
frame_106_35.jpg,Person,791,20,911,236,1280,720
frame_106_35.jpg,Person,498,218,675,468,1280,720
frame_106_35.jpg,Person,480,160,531,280,1280,720
frame_106_35.jpg,Person,521,157,632,272,1280,720
frame_106_35.jpg,Person,521,158,564,246,1280,720
frame_106_36.jpg,Person,450,412,677,714,1280,720
frame_106_36.jpg,Person,1131,270,1279,713,1280,720
frame_106_36.jpg,Person,791,20,911,235,1280,720
frame_106_36.jpg,Person,497,217,675,467,1280,720
frame_106_36.jpg,Person,479,158,530,277,1280,720
frame_106_36.jpg,Person,520,156,630,270,1280,720
frame_106_36.jpg,Person,519,156,564,245,1280,720
frame_106_37.jpg,Person,1143,286,1279,716,1280,720
frame_106_37.jpg,Person,450,412,673,714,1280,720
frame_106_37.jpg,Person,496,216,674,467,1280,720
frame_106_37.jpg,Person,792,20,911,237,1280,720
frame_106_37.jpg,Person,478,157,529,276,1280,720
frame_106_37.jpg,Person,518,156,563,245,1280,720
frame_106_37.jpg,Person,56,136,203,366,1280,720
frame_106_37.jpg,Person,518,156,629,268,1280,720
frame_106_38.jpg,Person,448,412,675,714,1280,720
frame_106_38.jpg,Person,497,216,675,467,1280,720
frame_106_38.jpg,Person,793,20,911,238,1280,720
frame_106_38.jpg,Person,1143,288,1278,714,1280,720
frame_106_38.jpg,Person,478,156,530,274,1280,720
frame_106_38.jpg,Person,518,155,629,279,1280,720
frame_106_38.jpg,Person,518,155,563,245,1280,720
frame_106_39.jpg,Person,1153,301,1279,715,1280,720
frame_106_39.jpg,Person,449,412,679,714,1280,720
frame_106_39.jpg,Person,796,20,911,238,1280,720
frame_106_39.jpg,Person,496,215,674,466,1280,720
frame_106_39.jpg,Person,478,155,530,273,1280,720
frame_106_39.jpg,Person,56,141,144,294,1280,720
frame_106_39.jpg,Person,518,154,564,243,1280,720
frame_106_39.jpg,Person,544,217,648,339,1280,720
frame_106_39.jpg,Person,517,155,630,290,1280,720
frame_106_4.jpg,Person,466,374,729,714,1280,720
frame_106_4.jpg,Person,999,144,1143,593,1280,720
frame_106_4.jpg,Person,1107,106,1239,533,1280,720
frame_106_4.jpg,Person,762,19,868,193,1280,720
frame_106_4.jpg,Person,478,164,535,275,1280,720
frame_106_4.jpg,Person,490,213,643,448,1280,720
frame_106_4.jpg,Person,517,154,561,237,1280,720
frame_106_40.jpg,Person,1153,301,1278,715,1280,720
frame_106_40.jpg,Person,449,412,679,714,1280,720
frame_106_40.jpg,Person,796,20,911,238,1280,720
frame_106_40.jpg,Person,496,215,674,466,1280,720
frame_106_40.jpg,Person,477,155,530,273,1280,720
frame_106_40.jpg,Person,56,141,143,294,1280,720
frame_106_40.jpg,Person,517,154,562,243,1280,720
frame_106_40.jpg,Person,544,217,648,339,1280,720
frame_106_40.jpg,Person,517,155,630,290,1280,720
frame_106_41.jpg,Person,449,413,677,714,1280,720
frame_106_41.jpg,Person,1163,313,1278,714,1280,720
frame_106_41.jpg,Person,798,20,912,238,1280,720
frame_106_41.jpg,Person,496,235,675,467,1280,720
frame_106_41.jpg,Person,478,154,530,272,1280,720
frame_106_41.jpg,Person,519,154,633,291,1280,720
frame_106_41.jpg,Person,541,214,648,341,1280,720
frame_106_41.jpg,Person,541,219,668,403,1280,720
frame_106_41.jpg,Person,518,154,563,244,1280,720
frame_106_42.jpg,Person,1165,316,1279,714,1280,720
frame_106_42.jpg,Person,450,413,681,714,1280,720
frame_106_42.jpg,Person,798,20,913,237,1280,720
frame_106_42.jpg,Person,497,215,676,466,1280,720
frame_106_42.jpg,Person,479,153,530,273,1280,720
frame_106_42.jpg,Person,520,154,636,266,1280,720
frame_106_42.jpg,Person,542,215,650,335,1280,720
frame_124_9.jpg,Person,530,175,875,454,1280,720
frame_124_9.jpg,Person,367,405,1052,712,1280,720
frame_124_9.jpg,Person,575,115,660,226,1280,720
frame_124_9.jpg,Person,0,61,70,218,1280,720
frame_124_9.jpg,Person,95,42,174,223,1280,720
frame_125_0.jpg,Person,101,97,459,538,1280,720
frame_125_1.jpg,Person,85,98,430,538,1280,720
frame_125_10.jpg,Person,49,111,444,540,1280,720
frame_125_11.jpg,Person,54,108,450,543,1280,720
frame_125_12.jpg,Person,159,108,455,548,1280,720
frame_125_13.jpg,Person,175,105,458,556,1280,720
frame_125_14.jpg,Person,92,101,460,580,1280,720
frame_125_15.jpg,Person,103,100,460,452,1280,720
frame_125_16.jpg,Person,111,100,507,560,1280,720
frame_125_16.jpg,Person,111,101,462,397,1280,720
frame_125_17.jpg,Person,123,103,544,549,1280,720
frame_125_17.jpg,Person,122,102,470,403,1280,720
frame_125_18.jpg,Person,129,103,583,533,1280,720
frame_125_19.jpg,Person,136,101,478,376,1280,720
frame_125_2.jpg,Person,87,98,422,539,1280,720
frame_125_20.jpg,Person,148,106,483,380,1280,720
frame_125_21.jpg,Person,158,111,483,391,1280,720
frame_125_22.jpg,Person,168,111,489,372,1280,720
frame_125_24.jpg,Person,186,115,524,402,1280,720
frame_109_52.jpg,Person,601,114,895,712,1280,720
frame_109_53.jpg,Person,599,116,895,713,1280,720
frame_109_54.jpg,Person,594,120,895,714,1280,720
frame_109_55.jpg,Person,594,120,895,714,1280,720
frame_109_56.jpg,Person,588,132,895,713,1280,720
frame_109_57.jpg,Person,585,143,896,713,1280,720
frame_109_58.jpg,Person,584,154,899,713,1280,720
frame_109_59.jpg,Person,584,155,899,713,1280,720
frame_109_6.jpg,Person,731,0,928,390,1280,720
frame_109_7.jpg,Person,729,0,926,390,1280,720
frame_109_8.jpg,Person,716,0,926,390,1280,720
frame_109_9.jpg,Person,702,0,925,392,1280,720
frame_10_0.jpg,Person,1009,351,1268,917,1920,1080
frame_10_0.jpg,Person,1460,518,1764,1047,1920,1080
frame_10_1.jpg,Person,1011,349,1267,917,1920,1080
frame_10_1.jpg,Person,1458,518,1764,1047,1920,1080
frame_10_10.jpg,Person,1011,363,1264,915,1920,1080
frame_10_10.jpg,Person,1435,519,1764,1049,1920,1080
frame_10_11.jpg,Person,1011,364,1265,916,1920,1080
frame_10_11.jpg,Person,1433,519,1765,1049,1920,1080
frame_10_12.jpg,Person,1012,364,1266,915,1920,1080
frame_10_12.jpg,Person,1429,519,1764,1049,1920,1080
frame_10_13.jpg,Person,1011,364,1265,915,1920,1080
frame_10_13.jpg,Person,1431,519,1765,1049,1920,1080
frame_10_14.jpg,Person,1011,364,1265,915,1920,1080
frame_10_14.jpg,Person,1433,518,1765,1048,1920,1080
frame_10_15.jpg,Person,1010,372,1268,916,1920,1080
frame_10_15.jpg,Person,1448,518,1767,1048,1920,1080
frame_10_16.jpg,Person,1009,372,1268,916,1920,1080
frame_10_16.jpg,Person,1450,519,1767,1049,1920,1080
frame_10_17.jpg,Person,1010,371,1265,916,1920,1080
frame_10_17.jpg,Person,1446,518,1768,1047,1920,1080
frame_10_18.jpg,Person,1010,370,1265,915,1920,1080
frame_10_18.jpg,Person,1431,518,1768,1048,1920,1080
frame_10_19.jpg,Person,1007,369,1264,916,1920,1080
frame_10_19.jpg,Person,1429,519,1769,1049,1920,1080
frame_10_2.jpg,Person,1010,349,1265,918,1920,1080
frame_10_2.jpg,Person,1458,518,1764,1048,1920,1080
frame_10_20.jpg,Person,1007,366,1264,916,1920,1080
frame_10_20.jpg,Person,1426,518,1769,1049,1920,1080
frame_10_21.jpg,Person,1007,365,1265,916,1920,1080
frame_10_21.jpg,Person,1427,518,1769,1049,1920,1080
frame_10_22.jpg,Person,1008,363,1266,917,1920,1080
frame_10_22.jpg,Person,1427,519,1768,1049,1920,1080
frame_10_23.jpg,Person,1008,361,1268,916,1920,1080
frame_10_23.jpg,Person,1424,519,1768,1049,1920,1080
frame_10_24.jpg,Person,1423,517,1768,1048,1920,1080
frame_10_24.jpg,Person,1008,361,1270,916,1920,1080
frame_10_25.jpg,Person,1008,359,1271,916,1920,1080
frame_10_25.jpg,Person,1425,518,1768,1048,1920,1080
frame_10_26.jpg,Person,1008,359,1271,917,1920,1080
frame_10_26.jpg,Person,1424,517,1767,1049,1920,1080
frame_132_40.jpg,Person,570,193,699,380,1280,720
frame_132_40.jpg,Person,890,164,975,318,1280,720
frame_132_41.jpg,Person,565,192,697,391,1280,720
frame_132_41.jpg,Person,886,153,963,306,1280,720
frame_132_42.jpg,Person,565,193,697,391,1280,720
frame_132_42.jpg,Person,887,153,963,306,1280,720
frame_132_43.jpg,Person,565,192,697,389,1280,720
frame_132_43.jpg,Person,887,153,963,306,1280,720
frame_132_44.jpg,Person,565,192,697,389,1280,720
frame_132_44.jpg,Person,886,153,963,306,1280,720
frame_132_45.jpg,Person,544,193,685,364,1280,720
frame_132_45.jpg,Person,868,143,962,321,1280,720
frame_132_46.jpg,Person,544,193,682,404,1280,720
frame_132_46.jpg,Person,875,140,953,309,1280,720
frame_44_30.jpg,Person,351,52,427,177,480,360
frame_44_30.jpg,Person,229,18,315,248,480,360
frame_44_30.jpg,Person,424,33,474,176,480,360
frame_44_30.jpg,Person,6,204,91,290,480,360
frame_44_30.jpg,Person,292,0,336,82,480,360
frame_44_30.jpg,Person,14,33,104,143,480,360
frame_44_30.jpg,Person,142,5,193,82,480,360
frame_44_30.jpg,Person,151,155,273,268,480,360
frame_44_30.jpg,Person,41,156,98,215,480,360
frame_44_30.jpg,Person,129,124,188,176,480,360
frame_44_30.jpg,Person,101,123,189,224,480,360
frame_44_31.jpg,Person,351,51,427,176,480,360
frame_44_31.jpg,Person,228,17,315,248,480,360
frame_44_31.jpg,Person,423,33,473,176,480,360
frame_44_31.jpg,Person,6,204,91,289,480,360
frame_44_31.jpg,Person,152,157,273,269,480,360
frame_44_31.jpg,Person,292,0,336,82,480,360
frame_44_31.jpg,Person,41,156,98,215,480,360
frame_44_31.jpg,Person,99,124,189,224,480,360
frame_44_31.jpg,Person,142,6,193,80,480,360
frame_44_31.jpg,Person,379,196,472,276,480,360
frame_44_31.jpg,Person,14,33,104,143,480,360
frame_44_31.jpg,Person,129,124,188,176,480,360
frame_44_32.jpg,Person,227,17,321,243,480,360
frame_44_32.jpg,Person,350,51,427,177,480,360
frame_44_32.jpg,Person,423,34,473,176,480,360
frame_44_32.jpg,Person,7,203,95,290,480,360
frame_44_32.jpg,Person,153,157,241,268,480,360
frame_44_32.jpg,Person,128,124,187,176,480,360
frame_44_32.jpg,Person,14,32,104,143,480,360
frame_44_32.jpg,Person,291,0,336,89,480,360
frame_44_33.jpg,Person,227,17,320,245,480,360
frame_44_33.jpg,Person,423,34,473,176,480,360
frame_44_33.jpg,Person,153,159,242,269,480,360
frame_44_33.jpg,Person,7,204,96,290,480,360
frame_44_33.jpg,Person,128,124,187,176,480,360
frame_44_33.jpg,Person,347,52,426,177,480,360
frame_44_33.jpg,Person,71,66,231,169,480,360
frame_44_33.jpg,Person,291,0,336,86,480,360
frame_44_33.jpg,Person,13,32,102,142,480,360
frame_44_34.jpg,Person,228,17,320,238,480,360
frame_44_34.jpg,Person,319,51,427,178,480,360
frame_44_34.jpg,Person,423,34,473,176,480,360
frame_44_34.jpg,Person,154,159,243,269,480,360
frame_44_34.jpg,Person,7,204,96,290,480,360
frame_44_34.jpg,Person,128,124,187,176,480,360
frame_44_34.jpg,Person,13,32,102,142,480,360
frame_44_34.jpg,Person,291,0,336,86,480,360
frame_44_35.jpg,Person,347,51,426,176,480,360
frame_44_35.jpg,Person,229,17,320,255,480,360
frame_44_35.jpg,Person,422,34,473,176,480,360
frame_44_35.jpg,Person,7,205,97,289,480,360
frame_44_35.jpg,Person,128,123,187,176,480,360
frame_44_35.jpg,Person,154,159,243,269,480,360
frame_44_35.jpg,Person,13,32,104,142,480,360
frame_44_35.jpg,Person,291,0,336,89,480,360
frame_44_36.jpg,Person,229,18,320,264,480,360
frame_44_36.jpg,Person,129,123,187,174,480,360
frame_44_36.jpg,Person,422,34,473,176,480,360
frame_44_36.jpg,Person,7,205,97,289,480,360
frame_44_36.jpg,Person,153,159,242,268,480,360
frame_44_36.jpg,Person,319,52,427,177,480,360
frame_44_36.jpg,Person,14,32,104,142,480,360
frame_44_36.jpg,Person,291,0,336,90,480,360
frame_44_37.jpg,Person,230,17,321,262,480,360
frame_44_37.jpg,Person,129,123,187,174,480,360
frame_44_37.jpg,Person,422,34,473,176,480,360
frame_44_37.jpg,Person,7,206,98,290,480,360
frame_44_37.jpg,Person,154,159,243,269,480,360
frame_44_37.jpg,Person,319,52,426,177,480,360
frame_44_37.jpg,Person,13,32,104,142,480,360
frame_44_37.jpg,Person,291,0,336,90,480,360
frame_44_38.jpg,Person,230,16,321,263,480,360
frame_44_38.jpg,Person,422,34,473,176,480,360
frame_44_38.jpg,Person,344,49,426,177,480,360
frame_44_38.jpg,Person,126,125,184,175,480,360
frame_44_38.jpg,Person,154,159,244,268,480,360
frame_44_38.jpg,Person,14,31,104,142,480,360
frame_44_38.jpg,Person,8,204,97,289,480,360
frame_44_38.jpg,Person,337,11,392,111,480,360
frame_44_38.jpg,Person,70,63,229,171,480,360
frame_44_38.jpg,Person,291,0,337,90,480,360
frame_44_38.jpg,Person,38,156,118,217,480,360
frame_44_39.jpg,Person,230,17,322,263,480,360
frame_44_39.jpg,Person,422,34,473,176,480,360
frame_44_39.jpg,Person,127,125,185,175,480,360
frame_44_39.jpg,Person,155,158,244,268,480,360
frame_44_39.jpg,Person,13,31,103,142,480,360
frame_44_39.jpg,Person,346,52,426,178,480,360
frame_44_39.jpg,Person,8,205,100,290,480,360
frame_44_39.jpg,Person,338,11,393,110,480,360
frame_44_39.jpg,Person,292,0,338,89,480,360
frame_44_39.jpg,Person,70,65,229,170,480,360
frame_44_39.jpg,Person,37,156,118,217,480,360
frame_44_40.jpg,Person,318,53,426,178,480,360
frame_44_40.jpg,Person,230,15,322,253,480,360
frame_44_40.jpg,Person,422,34,474,176,480,360
frame_44_40.jpg,Person,126,125,183,175,480,360
frame_44_40.jpg,Person,156,158,244,268,480,360
frame_44_40.jpg,Person,13,32,104,143,480,360
frame_44_40.jpg,Person,7,205,99,290,480,360
frame_44_40.jpg,Person,291,0,337,89,480,360
frame_44_40.jpg,Person,38,156,117,218,480,360
frame_44_40.jpg,Person,339,12,393,110,480,360
frame_44_40.jpg,Person,69,68,230,169,480,360
frame_44_41.jpg,Person,230,14,322,253,480,360
frame_44_41.jpg,Person,151,157,244,268,480,360
frame_44_41.jpg,Person,422,34,474,176,480,360
frame_44_41.jpg,Person,319,53,425,179,480,360
frame_44_41.jpg,Person,13,32,104,144,480,360
frame_44_41.jpg,Person,291,0,337,90,480,360
frame_44_41.jpg,Person,125,124,185,176,480,360
frame_44_41.jpg,Person,100,124,185,223,480,360
frame_44_42.jpg,Person,233,16,323,262,480,360
frame_44_42.jpg,Person,333,55,424,178,480,360
frame_44_42.jpg,Person,150,158,244,268,480,360
frame_44_42.jpg,Person,422,34,474,176,480,360
frame_44_42.jpg,Person,25,156,104,272,480,360
frame_44_42.jpg,Person,13,31,118,142,480,360
frame_44_42.jpg,Person,336,12,391,112,480,360
frame_44_42.jpg,Person,120,125,181,176,480,360
frame_44_42.jpg,Person,115,125,183,221,480,360
frame_44_43.jpg,Person,233,16,323,262,480,360
frame_44_43.jpg,Person,333,55,424,178,480,360
frame_44_43.jpg,Person,150,157,243,268,480,360
frame_44_43.jpg,Person,422,34,474,176,480,360
frame_44_43.jpg,Person,25,156,104,272,480,360
frame_44_43.jpg,Person,13,31,124,142,480,360
frame_44_43.jpg,Person,336,12,391,111,480,360
frame_44_43.jpg,Person,120,125,182,176,480,360
frame_44_44.jpg,Person,233,16,323,260,480,360
frame_44_44.jpg,Person,333,55,424,178,480,360
frame_44_44.jpg,Person,154,157,244,268,480,360
frame_44_44.jpg,Person,422,34,474,176,480,360
frame_44_44.jpg,Person,23,156,104,272,480,360
frame_44_44.jpg,Person,14,31,138,142,480,360
frame_44_44.jpg,Person,336,11,391,110,480,360
frame_44_45.jpg,Person,232,15,325,260,480,360
frame_44_45.jpg,Person,422,33,474,176,480,360
frame_44_45.jpg,Person,320,55,424,178,480,360
frame_44_45.jpg,Person,150,157,243,269,480,360
frame_44_45.jpg,Person,146,20,238,167,480,360
frame_44_45.jpg,Person,14,31,152,140,480,360
frame_44_45.jpg,Person,387,46,446,145,480,360
frame_44_46.jpg,Person,232,16,323,263,480,360
frame_44_46.jpg,Person,317,55,424,178,480,360
frame_44_46.jpg,Person,421,33,473,176,480,360
frame_44_46.jpg,Person,155,158,244,268,480,360
frame_44_46.jpg,Person,15,31,154,140,480,360
frame_44_46.jpg,Person,145,21,238,165,480,360
frame_44_46.jpg,Person,388,46,447,144,480,360
frame_44_46.jpg,Person,119,125,181,177,480,360
frame_44_47.jpg,Person,232,15,325,263,480,360
frame_44_47.jpg,Person,421,33,473,176,480,360
frame_44_47.jpg,Person,325,56,425,178,480,360
frame_44_47.jpg,Person,337,14,391,112,480,360
frame_44_47.jpg,Person,70,0,167,139,480,360
frame_44_47.jpg,Person,13,32,103,142,480,360
frame_44_47.jpg,Person,165,20,194,63,480,360
frame_44_47.jpg,Person,387,46,438,146,480,360
frame_44_47.jpg,Person,289,0,337,108,480,360
frame_44_48.jpg,Person,232,15,325,263,480,360
frame_44_48.jpg,Person,421,33,473,176,480,360
frame_44_48.jpg,Person,319,56,424,179,480,360
frame_44_48.jpg,Person,14,32,104,144,480,360
frame_44_48.jpg,Person,336,13,391,112,480,360
frame_44_48.jpg,Person,165,20,194,64,480,360
frame_44_48.jpg,Person,153,157,243,268,480,360
frame_44_48.jpg,Person,70,0,167,139,480,360
frame_44_48.jpg,Person,387,45,436,144,480,360
frame_44_49.jpg,Person,232,15,325,263,480,360
frame_44_49.jpg,Person,421,33,473,176,480,360
frame_44_49.jpg,Person,319,55,424,178,480,360
frame_44_49.jpg,Person,13,31,104,144,480,360
frame_44_49.jpg,Person,337,13,391,111,480,360
frame_44_49.jpg,Person,69,0,166,139,480,360
frame_44_49.jpg,Person,165,20,194,63,480,360
frame_44_49.jpg,Person,156,159,243,269,480,360
frame_44_49.jpg,Person,386,45,435,144,480,360
frame_44_50.jpg,Person,321,55,425,178,480,360
frame_44_50.jpg,Person,421,33,473,176,480,360
frame_44_50.jpg,Person,233,14,326,236,480,360
frame_44_50.jpg,Person,150,20,194,64,480,360
frame_44_50.jpg,Person,337,13,390,111,480,360
frame_44_50.jpg,Person,149,158,244,268,480,360
frame_44_50.jpg,Person,13,31,87,138,480,360
frame_44_50.jpg,Person,386,45,435,144,480,360
frame_44_51.jpg,Person,319,55,425,178,480,360
frame_44_51.jpg,Person,421,33,473,176,480,360
frame_44_51.jpg,Person,233,14,326,235,480,360
frame_44_51.jpg,Person,149,20,194,64,480,360
frame_44_51.jpg,Person,155,158,245,268,480,360
frame_44_51.jpg,Person,13,31,103,142,480,360
frame_44_51.jpg,Person,336,13,391,111,480,360
frame_44_51.jpg,Person,386,45,437,144,480,360
frame_44_52.jpg,Person,421,33,473,176,480,360
frame_44_52.jpg,Person,233,15,326,229,480,360
frame_44_52.jpg,Person,319,55,424,178,480,360
frame_44_52.jpg,Person,149,20,194,64,480,360
frame_44_52.jpg,Person,153,157,244,268,480,360
frame_44_52.jpg,Person,13,31,103,142,480,360
frame_44_52.jpg,Person,336,12,391,109,480,360
frame_44_52.jpg,Person,69,0,159,116,480,360
frame_44_52.jpg,Person,387,46,436,144,480,360
frame_44_53.jpg,Person,318,55,426,179,480,360
frame_44_53.jpg,Person,233,14,327,255,480,360
frame_44_53.jpg,Person,422,33,473,176,480,360
frame_44_53.jpg,Person,10,31,104,175,480,360
frame_44_53.jpg,Person,336,11,391,110,480,360
frame_44_53.jpg,Person,150,20,194,69,480,360
frame_44_53.jpg,Person,68,0,155,118,480,360
frame_44_53.jpg,Person,158,157,242,264,480,360
frame_94_25.jpg,Person,186,181,310,358,480,360
frame_94_25.jpg,Person,322,71,393,281,480,360
frame_94_25.jpg,Person,248,59,302,199,480,360
frame_94_25.jpg,Person,174,45,231,197,480,360
frame_94_25.jpg,Person,366,42,437,228,480,360
frame_94_25.jpg,Person,256,8,300,72,480,360
frame_94_25.jpg,Person,129,170,222,348,480,360
frame_94_26.jpg,Person,198,184,305,359,480,360
frame_94_26.jpg,Person,247,59,302,217,480,360
frame_94_26.jpg,Person,322,71,392,281,480,360
frame_94_26.jpg,Person,172,48,231,196,480,360
frame_94_26.jpg,Person,128,166,220,359,480,360
frame_94_26.jpg,Person,368,43,438,225,480,360
frame_94_26.jpg,Person,253,9,294,72,480,360
frame_94_26.jpg,Person,441,79,479,241,480,360
frame_94_27.jpg,Person,198,184,305,359,480,360
frame_94_27.jpg,Person,247,59,302,217,480,360
frame_94_27.jpg,Person,321,71,391,281,480,360
frame_94_27.jpg,Person,172,48,231,196,480,360
frame_94_27.jpg,Person,128,166,220,359,480,360
frame_94_27.jpg,Person,366,43,437,225,480,360
frame_94_27.jpg,Person,253,9,294,72,480,360
frame_94_27.jpg,Person,441,78,479,241,480,360
frame_94_28.jpg,Person,198,184,305,359,480,360
frame_94_28.jpg,Person,247,59,302,217,480,360
frame_94_28.jpg,Person,321,71,391,281,480,360
frame_94_28.jpg,Person,172,47,231,196,480,360
frame_94_28.jpg,Person,128,166,220,359,480,360
frame_94_28.jpg,Person,253,9,294,72,480,360
frame_94_28.jpg,Person,366,43,438,227,480,360
frame_94_28.jpg,Person,441,79,479,241,480,360
frame_94_29.jpg,Person,198,183,305,358,480,360
frame_94_29.jpg,Person,247,59,302,217,480,360
frame_94_29.jpg,Person,321,71,391,281,480,360
frame_94_29.jpg,Person,172,47,231,196,480,360
frame_94_29.jpg,Person,128,166,220,359,480,360
frame_94_29.jpg,Person,254,9,295,72,480,360
frame_94_29.jpg,Person,364,42,438,229,480,360
frame_94_29.jpg,Person,441,79,479,241,480,360
frame_94_3.jpg,Person,154,193,313,358,480,360
frame_94_3.jpg,Person,244,58,301,218,480,360
frame_94_3.jpg,Person,319,76,380,282,480,360
frame_94_3.jpg,Person,193,32,249,171,480,360
frame_94_3.jpg,Person,355,48,413,216,480,360
frame_94_3.jpg,Person,266,2,301,93,480,360
frame_94_30.jpg,Person,199,185,302,358,480,360
frame_94_30.jpg,Person,248,59,302,224,480,360
frame_94_30.jpg,Person,321,71,390,281,480,360
frame_94_30.jpg,Person,129,157,226,358,480,360
frame_94_30.jpg,Person,168,48,230,209,480,360
frame_94_30.jpg,Person,368,44,438,228,480,360
frame_94_30.jpg,Person,248,10,292,76,480,360
frame_94_31.jpg,Person,199,185,302,359,480,360
frame_94_31.jpg,Person,247,59,303,225,480,360
frame_94_31.jpg,Person,321,71,390,281,480,360
frame_94_31.jpg,Person,168,49,230,211,480,360
frame_94_31.jpg,Person,129,158,226,359,480,360
frame_94_31.jpg,Person,366,44,437,229,480,360
frame_94_31.jpg,Person,248,10,292,75,480,360
frame_94_31.jpg,Person,441,79,479,241,480,360
frame_94_32.jpg,Person,199,185,302,359,480,360
frame_94_32.jpg,Person,247,58,303,225,480,360
frame_94_32.jpg,Person,321,71,390,281,480,360
frame_94_32.jpg,Person,167,49,230,209,480,360
frame_94_32.jpg,Person,129,158,222,359,480,360
frame_94_32.jpg,Person,368,45,438,227,480,360
frame_94_32.jpg,Person,248,9,292,74,480,360
frame_94_32.jpg,Person,440,79,479,241,480,360
frame_94_33.jpg,Person,192,187,298,359,480,360
frame_94_33.jpg,Person,247,58,302,225,480,360
frame_94_33.jpg,Person,131,155,215,359,480,360
frame_94_33.jpg,Person,162,54,230,212,480,360
frame_94_33.jpg,Person,242,11,290,79,480,360
frame_94_33.jpg,Person,360,44,438,231,480,360
frame_94_33.jpg,Person,321,71,390,280,480,360
frame_94_33.jpg,Person,437,80,478,243,480,360
frame_94_34.jpg,Person,247,58,302,226,480,360
frame_94_34.jpg,Person,192,187,298,359,480,360
frame_94_34.jpg,Person,130,155,213,359,480,360
frame_94_34.jpg,Person,162,54,230,212,480,360
frame_94_34.jpg,Person,242,11,290,79,480,360
frame_94_34.jpg,Person,321,71,389,280,480,360
frame_94_34.jpg,Person,360,44,437,231,480,360
frame_94_34.jpg,Person,437,79,478,242,480,360
frame_94_35.jpg,Person,192,187,298,359,480,360
frame_94_35.jpg,Person,247,58,302,226,480,360
frame_94_35.jpg,Person,130,155,215,359,480,360
frame_94_35.jpg,Person,162,53,230,212,480,360
frame_94_35.jpg,Person,321,71,388,280,480,360
frame_94_35.jpg,Person,242,11,290,79,480,360
frame_94_35.jpg,Person,364,45,438,229,480,360
frame_94_35.jpg,Person,437,79,479,242,480,360
frame_94_36.jpg,Person,247,58,302,226,480,360
frame_94_36.jpg,Person,192,187,298,359,480,360
frame_94_36.jpg,Person,162,54,230,214,480,360
frame_94_36.jpg,Person,131,155,215,359,480,360
frame_94_36.jpg,Person,321,71,388,280,480,360
frame_94_36.jpg,Person,241,11,288,79,480,360
frame_94_36.jpg,Person,364,45,438,227,480,360
frame_94_36.jpg,Person,436,79,479,242,480,360
frame_94_37.jpg,Person,186,187,293,358,480,360
frame_94_37.jpg,Person,247,57,304,225,480,360
frame_94_37.jpg,Person,130,152,211,359,480,360
frame_94_37.jpg,Person,158,56,229,213,480,360
frame_94_37.jpg,Person,321,72,389,281,480,360
frame_94_37.jpg,Person,240,12,284,80,480,360
frame_94_37.jpg,Person,362,44,438,229,480,360
frame_94_37.jpg,Person,438,77,479,242,480,360
frame_94_38.jpg,Person,186,187,293,358,480,360
frame_94_38.jpg,Person,248,57,304,225,480,360
frame_94_38.jpg,Person,130,151,211,358,480,360
frame_94_38.jpg,Person,321,72,389,281,480,360
frame_94_38.jpg,Person,158,57,229,214,480,360
frame_94_38.jpg,Person,358,43,438,236,480,360
frame_94_38.jpg,Person,240,12,284,80,480,360
frame_94_38.jpg,Person,439,77,479,243,480,360
frame_94_39.jpg,Person,186,187,293,358,480,360
frame_94_39.jpg,Person,247,57,304,226,480,360
frame_94_39.jpg,Person,130,152,211,358,480,360
frame_94_39.jpg,Person,321,72,388,281,480,360
frame_94_39.jpg,Person,158,57,229,214,480,360
frame_94_39.jpg,Person,358,44,437,234,480,360
frame_94_39.jpg,Person,241,12,285,80,480,360
frame_94_39.jpg,Person,439,76,479,243,480,360
frame_94_4.jpg,Person,154,193,313,358,480,360
frame_94_4.jpg,Person,244,58,301,218,480,360
frame_94_4.jpg,Person,319,76,380,282,480,360
frame_94_4.jpg,Person,193,33,249,173,480,360
frame_94_4.jpg,Person,355,48,413,216,480,360
frame_94_4.jpg,Person,266,2,301,93,480,360
frame_94_40.jpg,Person,248,58,304,226,480,360
frame_94_40.jpg,Person,320,76,386,281,480,360
frame_94_40.jpg,Person,155,56,229,221,480,360
frame_94_40.jpg,Person,178,187,289,359,480,360
frame_94_40.jpg,Person,128,146,208,348,480,360
frame_94_40.jpg,Person,365,42,436,225,480,360
frame_94_40.jpg,Person,239,12,282,81,480,360
frame_94_41.jpg,Person,247,58,303,226,480,360
frame_94_41.jpg,Person,319,76,384,281,480,360
frame_94_41.jpg,Person,155,56,229,221,480,360
frame_94_41.jpg,Person,178,187,289,359,480,360
frame_94_41.jpg,Person,128,146,208,350,480,360
frame_94_41.jpg,Person,365,42,436,226,480,360
frame_94_41.jpg,Person,239,12,282,81,480,360
frame_62_14.jpg,Person,218,108,334,334,704,480
frame_62_15.jpg,Person,221,109,335,335,704,480
frame_62_16.jpg,Person,225,113,341,344,704,480
frame_62_17.jpg,Person,223,114,340,345,704,480
frame_62_18.jpg,Person,242,116,341,346,704,480
frame_62_19.jpg,Person,247,116,341,346,704,480
frame_62_20.jpg,Person,249,117,349,352,704,480
frame_62_21.jpg,Person,253,120,380,373,704,480
frame_62_22.jpg,Person,252,126,410,391,704,480
frame_62_23.jpg,Person,250,130,421,399,704,480
frame_62_24.jpg,Person,249,137,435,412,704,480
frame_62_25.jpg,Person,251,141,437,417,704,480
frame_62_26.jpg,Person,250,148,431,418,704,480
frame_62_27.jpg,Person,254,150,428,417,704,480
frame_62_28.jpg,Person,260,152,421,418,704,480
frame_62_29.jpg,Person,276,153,418,418,704,480
frame_39_22.jpg,Person,529,110,701,454,1280,720
frame_39_23.jpg,Person,524,110,701,454,1280,720
frame_39_24.jpg,Person,531,109,703,454,1280,720
frame_39_25.jpg,Person,553,109,709,451,1280,720
frame_39_26.jpg,Person,557,110,710,452,1280,720
frame_39_27.jpg,Person,569,110,710,452,1280,720
frame_123_41.jpg,Person,388,265,621,715,1280,720
frame_123_41.jpg,Person,595,176,742,448,1280,720
frame_123_42.jpg,Person,388,265,622,715,1280,720
frame_123_42.jpg,Person,596,177,742,447,1280,720
frame_123_43.jpg,Person,389,262,623,714,1280,720
frame_123_43.jpg,Person,591,175,740,442,1280,720
frame_123_44.jpg,Person,390,257,624,714,1280,720
frame_123_44.jpg,Person,591,174,741,441,1280,720
frame_123_45.jpg,Person,385,256,636,714,1280,720
frame_123_45.jpg,Person,594,174,733,418,1280,720
frame_123_45.jpg,Person,387,172,735,713,1280,720
frame_123_46.jpg,Person,384,255,638,714,1280,720
frame_123_46.jpg,Person,384,174,729,714,1280,720
frame_123_47.jpg,Person,385,255,643,714,1280,720
frame_123_47.jpg,Person,596,174,728,416,1280,720
frame_123_48.jpg,Person,384,255,641,714,1280,720
frame_123_48.jpg,Person,594,174,728,413,1280,720
frame_123_48.jpg,Person,384,173,729,712,1280,720
frame_123_49.jpg,Person,384,255,643,714,1280,720
frame_123_49.jpg,Person,596,174,728,414,1280,720
frame_123_5.jpg,Person,331,189,552,715,1280,720
frame_123_5.jpg,Person,547,183,731,451,1280,720
frame_123_50.jpg,Person,384,255,641,714,1280,720
frame_123_50.jpg,Person,595,173,728,412,1280,720
frame_123_50.jpg,Person,384,173,730,712,1280,720
frame_123_51.jpg,Person,384,255,640,715,1280,720
frame_123_51.jpg,Person,595,174,728,413,1280,720
frame_123_51.jpg,Person,384,172,729,713,1280,720
frame_123_52.jpg,Person,384,255,644,715,1280,720
frame_123_52.jpg,Person,603,173,729,448,1280,720
frame_123_53.jpg,Person,384,254,642,714,1280,720
frame_123_53.jpg,Person,600,173,727,443,1280,720
frame_123_54.jpg,Person,384,253,650,712,1280,720
frame_123_54.jpg,Person,600,172,713,443,1280,720
frame_123_55.jpg,Person,384,253,644,714,1280,720
frame_123_55.jpg,Person,597,172,710,425,1280,720
frame_123_55.jpg,Person,499,173,712,422,1280,720
frame_123_56.jpg,Person,383,252,636,714,1280,720
frame_123_56.jpg,Person,501,172,711,435,1280,720
frame_81_13.jpg,Person,93,7,106,40,320,240
frame_81_13.jpg,Person,68,44,88,75,320,240
frame_81_13.jpg,Person,106,2,128,41,320,240
frame_81_14.jpg,Person,70,43,88,74,320,240
frame_81_14.jpg,Person,88,207,124,239,320,240
frame_81_15.jpg,Person,86,207,121,239,320,240
frame_81_18.jpg,Person,76,42,89,69,320,240
frame_81_19.jpg,Person,77,42,90,69,320,240
frame_81_2.jpg,Person,55,17,72,75,320,240
frame_81_2.jpg,Person,89,2,102,35,320,240
frame_81_3.jpg,Person,55,16,72,81,320,240
frame_81_3.jpg,Person,90,2,103,33,320,240
frame_81_3.jpg,Person,100,205,136,239,320,240
frame_116_31.jpg,Person,205,121,447,572,1280,720
frame_116_32.jpg,Person,208,121,452,543,1280,720
frame_116_33.jpg,Person,208,122,452,543,1280,720
frame_116_34.jpg,Person,208,123,455,533,1280,720
frame_116_35.jpg,Person,208,122,452,533,1280,720
frame_116_36.jpg,Person,207,117,450,534,1280,720
frame_116_37.jpg,Person,206,108,450,534,1280,720
frame_116_38.jpg,Person,207,114,438,534,1280,720
frame_116_39.jpg,Person,207,114,439,534,1280,720
frame_116_4.jpg,Person,101,252,382,712,1280,720
frame_116_40.jpg,Person,219,126,458,534,1280,720
frame_116_41.jpg,Person,231,132,460,534,1280,720
frame_116_42.jpg,Person,238,132,463,533,1280,720
frame_116_43.jpg,Person,239,132,466,535,1280,720
frame_116_44.jpg,Person,240,131,467,535,1280,720
frame_116_45.jpg,Person,240,131,467,535,1280,720
frame_134_10.jpg,Person,876,258,1075,643,1280,720
frame_11_8.jpg,Person,874,213,1127,785,1920,1080
frame_11_8.jpg,Person,1203,191,1431,750,1920,1080
frame_11_9.jpg,Person,871,214,1126,785,1920,1080
frame_11_9.jpg,Person,1206,199,1416,766,1920,1080
frame_37_31.jpg,Person,514,38,778,658,1280,720
frame_37_31.jpg,Person,696,0,995,637,1280,720
frame_37_32.jpg,Person,513,40,767,659,1280,720
frame_37_32.jpg,Person,694,0,995,637,1280,720
frame_37_33.jpg,Person,512,44,768,662,1280,720
frame_37_33.jpg,Person,695,0,996,643,1280,720
frame_37_34.jpg,Person,509,46,776,664,1280,720
frame_37_34.jpg,Person,696,0,997,649,1280,720
frame_37_35.jpg,Person,510,48,798,693,1280,720
frame_37_35.jpg,Person,696,0,997,643,1280,720
frame_37_36.jpg,Person,509,50,795,680,1280,720
frame_37_36.jpg,Person,695,0,997,653,1280,720
frame_37_37.jpg,Person,505,50,784,666,1280,720
frame_37_37.jpg,Person,696,0,997,653,1280,720
frame_37_38.jpg,Person,507,51,769,656,1280,720
frame_37_38.jpg,Person,694,1,997,649,1280,720
frame_37_39.jpg,Person,504,50,769,660,1280,720
frame_37_39.jpg,Person,696,0,998,649,1280,720
frame_37_4.jpg,Person,516,128,785,654,1280,720
frame_37_4.jpg,Person,648,1,992,664,1280,720
frame_37_40.jpg,Person,502,50,767,662,1280,720
frame_37_40.jpg,Person,696,0,997,657,1280,720
frame_37_41.jpg,Person,501,48,767,666,1280,720
frame_37_41.jpg,Person,689,0,997,661,1280,720
frame_37_42.jpg,Person,501,49,768,672,1280,720
frame_37_42.jpg,Person,684,1,998,653,1280,720
frame_37_43.jpg,Person,500,51,770,656,1280,720
frame_37_43.jpg,Person,691,0,997,651,1280,720
frame_37_44.jpg,Person,688,0,997,653,1280,720
frame_37_44.jpg,Person,500,53,770,624,1280,720
frame_37_45.jpg,Person,689,0,996,659,1280,720
frame_37_45.jpg,Person,498,49,771,598,1280,720
frame_37_46.jpg,Person,496,51,771,596,1280,720
frame_37_46.jpg,Person,677,0,996,655,1280,720
frame_37_47.jpg,Person,667,1,996,659,1280,720
frame_37_47.jpg,Person,495,54,771,599,1280,720
frame_37_48.jpg,Person,493,58,770,661,1280,720
frame_37_48.jpg,Person,667,0,997,663,1280,720
frame_37_49.jpg,Person,494,62,773,678,1280,720
frame_37_49.jpg,Person,670,0,996,649,1280,720
frame_37_5.jpg,Person,516,117,773,654,1280,720
frame_37_5.jpg,Person,654,1,989,668,1280,720
frame_37_50.jpg,Person,492,66,773,668,1280,720
frame_37_50.jpg,Person,663,1,997,661,1280,720
frame_119_56.jpg,Person,120,541,467,719,1280,720
frame_119_57.jpg,Person,225,565,489,719,1280,720
frame_119_58.jpg,Person,229,581,513,718,1280,720
frame_119_59.jpg,Person,234,596,516,719,1280,720
frame_119_6.jpg,Person,12,127,154,432,1280,720
frame_119_7.jpg,Person,13,127,149,432,1280,720
frame_119_8.jpg,Person,14,127,137,433,1280,720
frame_119_9.jpg,Person,14,127,138,438,1280,720
frame_11_0.jpg,Person,890,216,1142,785,1920,1080
frame_11_0.jpg,Person,1213,193,1454,708,1920,1080
frame_11_1.jpg,Person,887,217,1128,784,1920,1080
frame_11_1.jpg,Person,1213,191,1475,706,1920,1080
frame_11_10.jpg,Person,867,215,1137,785,1920,1080
frame_11_10.jpg,Person,1210,201,1438,766,1920,1080
frame_11_11.jpg,Person,1213,205,1439,766,1920,1080
frame_11_11.jpg,Person,865,218,1116,785,1920,1080
frame_11_12.jpg,Person,865,220,1136,787,1920,1080
frame_11_12.jpg,Person,1215,207,1422,766,1920,1080
frame_11_13.jpg,Person,866,220,1136,788,1920,1080
frame_11_13.jpg,Person,1205,211,1407,766,1920,1080
frame_11_14.jpg,Person,868,218,1127,785,1920,1080
frame_11_14.jpg,Person,1204,210,1393,766,1920,1080
frame_11_15.jpg,Person,869,218,1124,786,1920,1080
frame_11_15.jpg,Person,1187,208,1387,767,1920,1080
frame_11_16.jpg,Person,871,218,1123,784,1920,1080
frame_11_16.jpg,Person,1170,207,1369,778,1920,1080
frame_11_17.jpg,Person,875,217,1135,784,1920,1080
frame_11_17.jpg,Person,1178,212,1351,790,1920,1080
frame_11_18.jpg,Person,877,217,1150,786,1920,1080
frame_11_18.jpg,Person,1186,215,1357,790,1920,1080
frame_11_19.jpg,Person,879,216,1161,786,1920,1080
frame_11_19.jpg,Person,1194,218,1372,789,1920,1080
frame_135_20.jpg,Person,746,447,930,717,1280,720
frame_135_20.jpg,Person,1075,274,1215,459,1280,720
frame_135_20.jpg,Person,767,225,888,417,1280,720
frame_135_21.jpg,Person,749,449,933,717,1280,720
frame_135_21.jpg,Person,1074,275,1215,459,1280,720
frame_135_21.jpg,Person,767,226,885,416,1280,720
frame_135_22.jpg,Person,1076,275,1216,458,1280,720
frame_135_22.jpg,Person,758,455,940,716,1280,720
frame_135_22.jpg,Person,768,226,879,416,1280,720
frame_135_23.jpg,Person,1080,277,1217,459,1280,720
frame_135_23.jpg,Person,794,464,953,717,1280,720
frame_135_23.jpg,Person,767,223,869,416,1280,720
frame_135_24.jpg,Person,796,471,961,717,1280,720
frame_135_24.jpg,Person,1084,278,1218,460,1280,720
frame_135_24.jpg,Person,766,221,867,416,1280,720
frame_135_25.jpg,Person,1087,277,1218,459,1280,720
frame_135_25.jpg,Person,800,477,968,717,1280,720
frame_135_25.jpg,Person,765,219,858,415,1280,720
frame_135_26.jpg,Person,801,484,973,717,1280,720
frame_135_26.jpg,Person,1095,279,1219,459,1280,720
frame_135_26.jpg,Person,756,219,853,417,1280,720
frame_135_27.jpg,Person,802,488,975,717,1280,720
frame_135_27.jpg,Person,1100,275,1220,458,1280,720
frame_135_27.jpg,Person,752,219,849,418,1280,720
frame_135_28.jpg,Person,1101,279,1220,458,1280,720
frame_135_28.jpg,Person,801,496,982,718,1280,720
frame_135_28.jpg,Person,704,218,841,418,1280,720
frame_135_28.jpg,Person,751,219,843,417,1280,720
frame_135_29.jpg,Person,801,501,987,718,1280,720
frame_135_29.jpg,Person,1104,280,1222,458,1280,720
frame_135_29.jpg,Person,703,218,832,417,1280,720
frame_135_3.jpg,Person,674,369,816,654,1280,720
frame_135_3.jpg,Person,1075,269,1203,459,1280,720
frame_135_3.jpg,Person,830,235,971,418,1280,720
frame_135_30.jpg,Person,800,509,996,718,1280,720
frame_135_30.jpg,Person,1104,281,1222,458,1280,720
frame_135_30.jpg,Person,690,219,825,417,1280,720
frame_135_31.jpg,Person,799,517,1007,718,1280,720
frame_135_31.jpg,Person,1105,280,1223,457,1280,720
frame_135_31.jpg,Person,683,217,816,417,1280,720
frame_135_32.jpg,Person,799,521,1013,718,1280,720
frame_135_32.jpg,Person,679,215,811,416,1280,720
frame_135_32.jpg,Person,1106,279,1224,458,1280,720
frame_135_33.jpg,Person,679,212,804,416,1280,720
frame_135_33.jpg,Person,1107,280,1224,456,1280,720
frame_135_33.jpg,Person,801,528,1030,719,1280,720
frame_135_34.jpg,Person,1108,280,1226,452,1280,720
frame_135_34.jpg,Person,799,535,1040,719,1280,720
frame_135_34.jpg,Person,678,209,797,415,1280,720
frame_104_11.jpg,Person,399,13,485,151,640,360
frame_104_11.jpg,Person,512,92,592,230,640,360
frame_104_11.jpg,Person,267,127,427,262,640,360
frame_104_11.jpg,Person,374,290,488,358,640,360
frame_104_11.jpg,Person,402,0,442,84,640,360
frame_104_11.jpg,Person,603,309,638,358,640,360
frame_104_12.jpg,Person,267,127,426,262,640,360
frame_104_12.jpg,Person,399,13,485,151,640,360
frame_104_12.jpg,Person,512,92,592,230,640,360
frame_104_12.jpg,Person,402,0,442,84,640,360
frame_104_12.jpg,Person,374,290,488,358,640,360
frame_104_12.jpg,Person,603,309,638,358,640,360
frame_104_13.jpg,Person,498,90,581,227,640,360
frame_104_13.jpg,Person,399,13,485,151,640,360
frame_104_13.jpg,Person,402,0,442,84,640,360
frame_104_13.jpg,Person,386,287,503,358,640,360
frame_104_13.jpg,Person,256,138,415,268,640,360
frame_104_13.jpg,Person,603,309,638,358,640,360
frame_104_13.jpg,Person,379,157,422,214,640,360
frame_104_13.jpg,Person,617,170,639,226,640,360
frame_104_14.jpg,Person,498,90,581,227,640,360
frame_104_14.jpg,Person,398,13,484,151,640,360
frame_104_14.jpg,Person,402,0,442,84,640,360
frame_104_14.jpg,Person,385,287,502,358,640,360
frame_104_14.jpg,Person,257,138,401,268,640,360
frame_104_14.jpg,Person,603,309,638,358,640,360
frame_104_14.jpg,Person,379,156,422,213,640,360
frame_104_14.jpg,Person,617,170,639,226,640,360
frame_104_15.jpg,Person,269,127,421,265,640,360
frame_104_15.jpg,Person,398,13,484,151,640,360
frame_104_15.jpg,Person,482,91,574,228,640,360
frame_104_15.jpg,Person,400,0,441,84,640,360
frame_104_15.jpg,Person,412,286,512,358,640,360
frame_104_15.jpg,Person,603,309,639,359,640,360
frame_104_15.jpg,Person,617,170,639,226,640,360
frame_104_16.jpg,Person,269,127,420,264,640,360
frame_104_16.jpg,Person,480,91,573,228,640,360
frame_104_16.jpg,Person,398,13,484,151,640,360
frame_104_16.jpg,Person,400,0,441,84,640,360
frame_104_16.jpg,Person,412,286,511,358,640,360
frame_104_16.jpg,Person,603,308,639,358,640,360
frame_104_16.jpg,Person,617,170,639,226,640,360
frame_104_17.jpg,Person,292,104,418,254,640,360
frame_104_17.jpg,Person,479,93,570,228,640,360
frame_104_17.jpg,Person,398,13,484,151,640,360
frame_104_17.jpg,Person,401,0,441,84,640,360
frame_104_17.jpg,Person,414,294,520,358,640,360
frame_104_17.jpg,Person,603,308,639,358,640,360
frame_104_18.jpg,Person,292,104,418,254,640,360
frame_104_18.jpg,Person,479,93,570,228,640,360
frame_104_18.jpg,Person,398,13,484,151,640,360
frame_104_18.jpg,Person,402,0,442,84,640,360
frame_104_18.jpg,Person,413,294,520,358,640,360
frame_104_18.jpg,Person,603,309,639,359,640,360
frame_104_19.jpg,Person,398,13,484,151,640,360
frame_104_19.jpg,Person,494,98,572,227,640,360
frame_104_19.jpg,Person,401,0,441,84,640,360
frame_104_19.jpg,Person,289,95,416,246,640,360
frame_104_19.jpg,Person,428,309,527,358,640,360
frame_104_19.jpg,Person,603,308,639,358,640,360
frame_104_2.jpg,Person,384,103,492,216,640,360
frame_104_2.jpg,Person,578,93,639,229,640,360
frame_104_2.jpg,Person,398,12,488,121,640,360
frame_104_2.jpg,Person,402,0,442,83,640,360
frame_104_2.jpg,Person,341,311,437,358,640,360
frame_104_2.jpg,Person,602,309,639,359,640,360
frame_104_2.jpg,Person,110,318,217,359,640,360
frame_104_3.jpg,Person,366,92,471,214,640,360
frame_104_3.jpg,Person,546,94,635,236,640,360
frame_104_3.jpg,Person,398,12,488,128,640,360
frame_104_3.jpg,Person,402,0,442,82,640,360
frame_104_3.jpg,Person,340,303,437,358,640,360
frame_104_3.jpg,Person,604,309,639,358,640,360
frame_104_4.jpg,Person,366,91,471,214,640,360
frame_104_4.jpg,Person,547,94,636,236,640,360
frame_104_4.jpg,Person,398,12,488,128,640,360
frame_104_4.jpg,Person,339,303,437,358,640,360
frame_104_4.jpg,Person,402,0,442,83,640,360
frame_104_4.jpg,Person,603,309,638,358,640,360
frame_104_5.jpg,Person,360,89,460,209,640,360
frame_104_5.jpg,Person,325,296,434,357,640,360
frame_104_5.jpg,Person,397,12,486,145,640,360
frame_104_5.jpg,Person,557,94,624,241,640,360
frame_104_5.jpg,Person,402,0,442,84,640,360
frame_104_5.jpg,Person,604,309,639,358,640,360
frame_104_6.jpg,Person,342,97,443,223,640,360
frame_104_6.jpg,Person,399,13,487,151,640,360
frame_104_6.jpg,Person,540,92,616,234,640,360
frame_104_6.jpg,Person,402,0,442,84,640,360
frame_104_6.jpg,Person,341,290,449,358,640,360
frame_104_6.jpg,Person,603,309,638,358,640,360
frame_104_7.jpg,Person,342,97,443,223,640,360
frame_104_7.jpg,Person,398,13,486,151,640,360
frame_104_7.jpg,Person,540,92,616,234,640,360
frame_104_7.jpg,Person,402,0,442,84,640,360
frame_104_7.jpg,Person,341,290,449,358,640,360
frame_104_7.jpg,Person,603,309,638,358,640,360
frame_104_8.jpg,Person,398,13,485,151,640,360
frame_104_8.jpg,Person,313,104,435,220,640,360
frame_104_8.jpg,Person,530,91,609,231,640,360
frame_104_8.jpg,Person,402,0,442,84,640,360
frame_104_8.jpg,Person,359,290,458,358,640,360
frame_104_8.jpg,Person,603,309,638,358,640,360
frame_104_9.jpg,Person,398,13,485,151,640,360
frame_104_9.jpg,Person,527,93,606,226,640,360
frame_104_9.jpg,Person,305,111,432,226,640,360
frame_104_9.jpg,Person,363,291,466,359,640,360
frame_104_9.jpg,Person,402,0,442,84,640,360
frame_104_9.jpg,Person,603,309,638,358,640,360
frame_105_0.jpg,Person,290,240,335,339,640,360
frame_105_0.jpg,Person,431,141,458,208,640,360
frame_105_0.jpg,Person,326,156,352,238,640,360
frame_105_0.jpg,Person,186,123,206,184,640,360
frame_105_0.jpg,Person,270,124,296,190,640,360
frame_105_0.jpg,Person,166,137,194,202,640,360
frame_105_0.jpg,Person,572,194,602,252,640,360
frame_105_0.jpg,Person,105,246,132,305,640,360
frame_105_0.jpg,Person,189,327,239,359,640,360
frame_105_0.jpg,Person,106,184,137,256,640,360
frame_105_0.jpg,Person,43,22,64,81,640,360
frame_105_0.jpg,Person,536,166,551,202,640,360
frame_105_0.jpg,Person,231,167,251,208,640,360
frame_105_0.jpg,Person,230,234,262,298,640,360
frame_105_0.jpg,Person,1,196,41,283,640,360
frame_105_0.jpg,Person,230,167,262,243,640,360
frame_105_0.jpg,Person,504,209,539,255,640,360
frame_105_1.jpg,Person,290,240,335,339,640,360
frame_105_1.jpg,Person,186,124,206,185,640,360
frame_105_1.jpg,Person,327,155,353,238,640,360
frame_105_1.jpg,Person,166,138,194,203,640,360
frame_105_1.jpg,Person,572,194,602,252,640,360
frame_105_1.jpg,Person,431,141,458,209,640,360
frame_105_1.jpg,Person,269,124,296,190,640,360
frame_105_1.jpg,Person,223,235,260,297,640,360
frame_105_1.jpg,Person,105,246,132,305,640,360
frame_105_1.jpg,Person,106,185,138,257,640,360
frame_105_1.jpg,Person,189,327,239,359,640,360
frame_105_1.jpg,Person,230,168,262,242,640,360
frame_105_1.jpg,Person,536,167,551,203,640,360
frame_105_1.jpg,Person,359,98,375,148,640,360
frame_105_1.jpg,Person,43,22,63,81,640,360
frame_105_1.jpg,Person,0,198,41,286,640,360
frame_105_1.jpg,Person,232,167,251,208,640,360
frame_105_10.jpg,Person,285,245,332,341,640,360
frame_105_10.jpg,Person,572,192,603,252,640,360
frame_105_10.jpg,Person,192,234,241,308,640,360
frame_105_10.jpg,Person,432,138,464,201,640,360
frame_105_10.jpg,Person,102,245,142,339,640,360
frame_105_10.jpg,Person,189,129,211,187,640,360
frame_105_10.jpg,Person,102,183,136,257,640,360
frame_105_10.jpg,Person,234,166,266,240,640,360
frame_105_10.jpg,Person,326,163,352,241,640,360
frame_105_10.jpg,Person,157,145,184,205,640,360
frame_105_10.jpg,Person,537,168,552,206,640,360
frame_105_10.jpg,Person,282,127,298,192,640,360
frame_105_10.jpg,Person,189,327,238,359,640,360
frame_105_10.jpg,Person,360,98,381,149,640,360
frame_105_11.jpg,Person,286,245,333,342,640,360
frame_105_11.jpg,Person,572,192,603,251,640,360
frame_105_11.jpg,Person,102,244,142,338,640,360
frame_105_11.jpg,Person,432,140,463,202,640,360
frame_105_11.jpg,Person,188,234,240,308,640,360
frame_105_11.jpg,Person,190,129,212,191,640,360
frame_105_11.jpg,Person,326,167,351,244,640,360
frame_105_11.jpg,Person,236,165,266,239,640,360
frame_105_11.jpg,Person,282,127,298,192,640,360
frame_105_11.jpg,Person,189,327,238,359,640,360
frame_105_11.jpg,Person,538,168,552,206,640,360
frame_105_11.jpg,Person,101,182,136,257,640,360
frame_105_11.jpg,Person,157,145,179,204,640,360
frame_105_12.jpg,Person,287,245,333,342,640,360
frame_105_12.jpg,Person,189,234,239,307,640,360
frame_105_12.jpg,Person,101,243,142,338,640,360
frame_105_12.jpg,Person,432,140,463,202,640,360
frame_105_12.jpg,Person,572,192,603,251,640,360
frame_105_12.jpg,Person,190,129,212,192,640,360
frame_105_12.jpg,Person,236,164,265,237,640,360
frame_105_12.jpg,Person,326,169,351,244,640,360
frame_105_12.jpg,Person,283,127,299,198,640,360
frame_105_12.jpg,Person,189,327,238,359,640,360
frame_105_12.jpg,Person,538,168,552,206,640,360
frame_105_12.jpg,Person,156,145,179,204,640,360
frame_105_12.jpg,Person,101,182,135,257,640,360
frame_105_12.jpg,Person,361,98,382,149,640,360
frame_105_13.jpg,Person,288,245,334,344,640,360
frame_105_13.jpg,Person,191,129,213,195,640,360
frame_105_13.jpg,Person,179,234,236,310,640,360
frame_105_13.jpg,Person,326,170,350,250,640,360
frame_105_13.jpg,Person,432,140,464,203,640,360
frame_105_13.jpg,Person,572,192,603,251,640,360
frame_105_13.jpg,Person,239,164,266,236,640,360
frame_105_13.jpg,Person,282,128,299,200,640,360
frame_105_13.jpg,Person,189,327,238,359,640,360
frame_105_13.jpg,Person,538,168,552,206,640,360
frame_105_13.jpg,Person,101,242,142,338,640,360
frame_105_13.jpg,Person,0,215,26,304,640,360
frame_105_13.jpg,Person,508,227,545,294,640,360
frame_105_13.jpg,Person,43,22,63,81,640,360
frame_105_14.jpg,Person,288,246,335,346,640,360
frame_105_14.jpg,Person,179,234,237,306,640,360
frame_105_14.jpg,Person,191,130,213,195,640,360
frame_105_14.jpg,Person,326,171,349,251,640,360
frame_105_14.jpg,Person,432,139,464,203,640,360
frame_105_14.jpg,Person,282,128,299,200,640,360
frame_105_14.jpg,Person,239,163,266,236,640,360
frame_105_14.jpg,Person,189,327,238,359,640,360
frame_105_14.jpg,Person,572,192,603,251,640,360
frame_105_14.jpg,Person,538,168,551,206,640,360
frame_105_14.jpg,Person,42,22,60,81,640,360
frame_105_14.jpg,Person,101,240,143,338,640,360
frame_105_15.jpg,Person,290,247,336,347,640,360
frame_105_15.jpg,Person,191,130,213,194,640,360
frame_105_15.jpg,Person,326,171,349,254,640,360
frame_105_15.jpg,Person,240,163,269,236,640,360
frame_105_15.jpg,Person,189,327,238,359,640,360
frame_105_15.jpg,Person,435,140,464,202,640,360
frame_105_15.jpg,Person,282,128,300,200,640,360
frame_105_15.jpg,Person,101,239,143,338,640,360
frame_105_15.jpg,Person,538,168,551,206,640,360
frame_105_15.jpg,Person,194,233,236,308,640,360
frame_105_15.jpg,Person,42,22,60,81,640,360
frame_148_2.jpg,Person,153,192,215,258,480,360
frame_148_2.jpg,Person,261,126,297,208,480,360
frame_148_2.jpg,Person,336,208,400,297,480,360
frame_148_20.jpg,Person,261,126,297,207,480,360
frame_148_20.jpg,Person,153,192,214,257,480,360
frame_148_20.jpg,Person,329,208,396,287,480,360
frame_148_21.jpg,Person,261,126,297,207,480,360
frame_148_21.jpg,Person,155,192,215,257,480,360
frame_148_21.jpg,Person,328,208,395,284,480,360
frame_148_22.jpg,Person,261,126,297,207,480,360
frame_148_22.jpg,Person,155,192,215,257,480,360
frame_148_22.jpg,Person,328,208,395,277,480,360
frame_148_23.jpg,Person,261,126,297,207,480,360
frame_148_23.jpg,Person,155,192,215,257,480,360
frame_148_23.jpg,Person,328,208,382,283,480,360
frame_148_24.jpg,Person,261,126,297,207,480,360
frame_148_24.jpg,Person,155,192,215,257,480,360
frame_148_24.jpg,Person,328,208,380,283,480,360
frame_148_25.jpg,Person,261,126,297,207,480,360
frame_148_25.jpg,Person,155,192,215,257,480,360
frame_148_25.jpg,Person,327,208,384,278,480,360
frame_148_25.jpg,Person,325,107,356,162,480,360
frame_148_26.jpg,Person,261,126,297,207,480,360
frame_148_26.jpg,Person,155,192,215,257,480,360
frame_148_26.jpg,Person,327,208,390,276,480,360
frame_148_27.jpg,Person,261,126,297,207,480,360
frame_148_27.jpg,Person,153,192,214,258,480,360
frame_148_27.jpg,Person,328,208,393,273,480,360
frame_148_28.jpg,Person,154,192,215,257,480,360
frame_148_28.jpg,Person,261,126,297,208,480,360
frame_148_28.jpg,Person,328,208,394,280,480,360
frame_148_29.jpg,Person,261,126,297,207,480,360
frame_148_29.jpg,Person,154,192,215,257,480,360
frame_148_29.jpg,Person,327,209,392,279,480,360
frame_148_3.jpg,Person,154,192,216,258,480,360
frame_148_3.jpg,Person,261,126,297,208,480,360
frame_148_3.jpg,Person,336,209,400,297,480,360
frame_148_30.jpg,Person,261,126,297,207,480,360
frame_148_30.jpg,Person,155,191,215,256,480,360
frame_148_30.jpg,Person,327,209,392,279,480,360
frame_148_30.jpg,Person,325,107,356,162,480,360
frame_148_31.jpg,Person,261,126,297,207,480,360
frame_148_31.jpg,Person,155,191,215,256,480,360
frame_148_31.jpg,Person,328,207,390,278,480,360
frame_148_32.jpg,Person,261,126,297,207,480,360
frame_148_32.jpg,Person,155,192,215,257,480,360
frame_148_32.jpg,Person,328,207,390,278,480,360
frame_148_33.jpg,Person,261,126,297,207,480,360
frame_148_33.jpg,Person,155,192,215,257,480,360
frame_148_33.jpg,Person,328,207,390,278,480,360
frame_148_33.jpg,Person,325,107,356,162,480,360
frame_148_34.jpg,Person,261,126,297,207,480,360
frame_148_34.jpg,Person,153,191,214,256,480,360
frame_148_34.jpg,Person,328,207,391,278,480,360
frame_148_34.jpg,Person,325,107,356,162,480,360
frame_148_35.jpg,Person,261,126,297,208,480,360
frame_148_35.jpg,Person,153,191,214,256,480,360
frame_148_35.jpg,Person,328,209,392,279,480,360
frame_148_35.jpg,Person,326,107,356,162,480,360
frame_148_36.jpg,Person,261,126,297,207,480,360
frame_148_36.jpg,Person,155,191,215,256,480,360
frame_148_36.jpg,Person,328,208,391,278,480,360
frame_148_36.jpg,Person,326,107,356,162,480,360
frame_148_37.jpg,Person,261,126,297,207,480,360
frame_148_37.jpg,Person,155,191,215,256,480,360
frame_148_37.jpg,Person,328,208,391,278,480,360
frame_148_37.jpg,Person,325,107,356,165,480,360
frame_148_37.jpg,Person,323,107,356,190,480,360
frame_148_38.jpg,Person,261,126,297,207,480,360
frame_148_38.jpg,Person,155,191,215,256,480,360
frame_148_38.jpg,Person,328,208,391,278,480,360
frame_148_38.jpg,Person,325,107,356,165,480,360
frame_148_39.jpg,Person,261,126,297,207,480,360
frame_148_39.jpg,Person,155,191,215,256,480,360
frame_148_39.jpg,Person,327,208,390,278,480,360
frame_148_39.jpg,Person,325,107,356,165,480,360
frame_148_4.jpg,Person,154,192,216,258,480,360
frame_148_4.jpg,Person,336,209,400,296,480,360
frame_148_4.jpg,Person,261,126,297,208,480,360
frame_148_40.jpg,Person,261,126,297,207,480,360
frame_148_40.jpg,Person,155,192,215,258,480,360
frame_148_40.jpg,Person,328,209,390,278,480,360
frame_148_40.jpg,Person,325,107,356,164,480,360
frame_148_41.jpg,Person,261,126,297,207,480,360
frame_148_41.jpg,Person,155,192,215,257,480,360
frame_148_41.jpg,Person,328,209,389,279,480,360
frame_148_41.jpg,Person,325,107,356,164,480,360
frame_148_41.jpg,Person,325,107,356,190,480,360
frame_148_42.jpg,Person,261,126,297,207,480,360
frame_148_42.jpg,Person,154,192,215,257,480,360
frame_148_42.jpg,Person,328,207,389,278,480,360
frame_148_42.jpg,Person,326,107,356,163,480,360
frame_148_42.jpg,Person,325,107,356,191,480,360
frame_148_43.jpg,Person,261,126,297,207,480,360
frame_148_43.jpg,Person,155,192,215,257,480,360
frame_148_43.jpg,Person,328,209,389,279,480,360
frame_148_43.jpg,Person,326,107,356,162,480,360
frame_148_43.jpg,Person,325,107,356,190,480,360
frame_148_44.jpg,Person,261,126,297,207,480,360
frame_148_44.jpg,Person,155,192,215,257,480,360
frame_148_44.jpg,Person,328,209,394,280,480,360
frame_148_44.jpg,Person,326,108,356,164,480,360
frame_148_45.jpg,Person,261,126,297,207,480,360
frame_148_45.jpg,Person,155,192,215,258,480,360
frame_148_45.jpg,Person,328,209,394,281,480,360
frame_148_45.jpg,Person,326,107,356,162,480,360
frame_148_46.jpg,Person,261,126,297,207,480,360
frame_148_46.jpg,Person,155,192,215,258,480,360
frame_148_46.jpg,Person,327,213,394,280,480,360
frame_148_46.jpg,Person,325,107,356,164,480,360
frame_148_47.jpg,Person,261,126,297,207,480,360
frame_148_47.jpg,Person,155,192,215,258,480,360
frame_148_47.jpg,Person,327,212,394,280,480,360
frame_148_47.jpg,Person,326,107,356,165,480,360
frame_148_47.jpg,Person,325,107,356,190,480,360
frame_148_48.jpg,Person,261,126,297,207,480,360
frame_148_48.jpg,Person,155,192,215,258,480,360
frame_148_48.jpg,Person,328,212,396,278,480,360
frame_148_48.jpg,Person,326,107,356,165,480,360
frame_53_22.jpg,Person,829,394,1029,717,1280,720
frame_53_22.jpg,Person,665,242,876,710,1280,720
frame_53_22.jpg,Person,0,196,199,714,1280,720
frame_53_22.jpg,Person,141,92,318,709,1280,720
frame_53_22.jpg,Person,87,56,199,535,1280,720
frame_53_22.jpg,Person,305,90,371,156,1280,720
frame_53_22.jpg,Person,224,150,406,664,1280,720
frame_53_22.jpg,Person,212,150,546,714,1280,720
frame_53_22.jpg,Person,304,89,417,378,1280,720
frame_53_23.jpg,Person,828,394,1029,718,1280,720
frame_53_23.jpg,Person,662,244,876,707,1280,720
frame_53_23.jpg,Person,141,90,317,710,1280,720
frame_53_23.jpg,Person,83,55,203,535,1280,720
frame_53_23.jpg,Person,0,167,200,713,1280,720
frame_53_23.jpg,Person,210,151,543,715,1280,720
frame_53_23.jpg,Person,21,331,199,714,1280,720
frame_53_23.jpg,Person,222,151,408,671,1280,720
frame_53_23.jpg,Person,305,88,370,155,1280,720
frame_53_24.jpg,Person,829,393,1031,717,1280,720
frame_53_24.jpg,Person,648,241,877,701,1280,720
frame_53_24.jpg,Person,141,88,317,709,1280,720
frame_53_24.jpg,Person,83,55,201,535,1280,720
frame_53_24.jpg,Person,23,326,198,715,1280,720
frame_53_24.jpg,Person,305,88,370,156,1280,720
frame_53_24.jpg,Person,209,151,416,709,1280,720
frame_53_24.jpg,Person,0,162,198,713,1280,720
frame_53_25.jpg,Person,830,391,1032,717,1280,720
frame_53_25.jpg,Person,687,243,876,698,1280,720
frame_53_25.jpg,Person,141,89,317,707,1280,720
frame_53_25.jpg,Person,81,55,198,534,1280,720
frame_53_25.jpg,Person,27,332,202,716,1280,720
frame_53_25.jpg,Person,305,87,371,156,1280,720
frame_53_25.jpg,Person,224,153,410,693,1280,720
frame_53_25.jpg,Person,0,170,202,714,1280,720
frame_53_26.jpg,Person,829,391,1032,717,1280,720
frame_53_26.jpg,Person,685,239,877,702,1280,720
frame_53_26.jpg,Person,141,88,316,708,1280,720
frame_53_26.jpg,Person,26,328,203,716,1280,720
frame_53_26.jpg,Person,81,55,201,535,1280,720
frame_53_26.jpg,Person,305,87,371,157,1280,720
frame_53_26.jpg,Person,225,152,412,687,1280,720
frame_53_26.jpg,Person,232,150,412,535,1280,720
frame_53_27.jpg,Person,830,390,1034,717,1280,720
frame_53_27.jpg,Person,681,239,876,707,1280,720
frame_53_27.jpg,Person,28,331,206,716,1280,720
frame_53_27.jpg,Person,142,85,316,708,1280,720
frame_53_27.jpg,Person,80,54,201,533,1280,720
frame_53_27.jpg,Person,305,86,370,157,1280,720
frame_53_27.jpg,Person,230,151,415,549,1280,720
frame_53_27.jpg,Person,212,150,417,706,1280,720
frame_53_27.jpg,Person,0,144,110,707,1280,720
frame_53_27.jpg,Person,83,53,197,356,1280,720
frame_53_28.jpg,Person,829,389,1033,717,1280,720
frame_53_28.jpg,Person,684,236,876,707,1280,720
frame_53_28.jpg,Person,28,332,206,716,1280,720
frame_53_28.jpg,Person,141,84,314,708,1280,720
frame_53_28.jpg,Person,257,489,528,716,1280,720
frame_53_28.jpg,Person,304,85,370,156,1280,720
frame_53_28.jpg,Person,79,54,204,532,1280,720
frame_53_28.jpg,Person,213,149,431,710,1280,720
frame_53_28.jpg,Person,0,145,116,708,1280,720
frame_53_28.jpg,Person,232,150,428,538,1280,720
frame_53_28.jpg,Person,81,53,197,356,1280,720
frame_53_29.jpg,Person,829,387,1033,717,1280,720
frame_53_29.jpg,Person,689,237,877,709,1280,720
frame_53_29.jpg,Person,28,329,210,716,1280,720
frame_53_29.jpg,Person,141,84,313,704,1280,720
frame_53_29.jpg,Person,224,489,508,717,1280,720
frame_53_29.jpg,Person,302,84,369,155,1280,720
frame_53_29.jpg,Person,226,149,416,680,1280,720
frame_53_29.jpg,Person,80,54,205,532,1280,720
frame_53_29.jpg,Person,233,148,415,535,1280,720
frame_53_29.jpg,Person,81,54,194,346,1280,720
frame_53_29.jpg,Person,0,144,114,707,1280,720
frame_53_3.jpg,Person,671,245,884,715,1280,720
frame_53_3.jpg,Person,833,389,1029,717,1280,720
frame_53_3.jpg,Person,14,331,203,715,1280,720
frame_53_3.jpg,Person,208,143,444,643,1280,720
frame_53_3.jpg,Person,86,58,211,538,1280,720
frame_53_3.jpg,Person,153,99,294,499,1280,720
frame_53_3.jpg,Person,288,80,349,146,1280,720
frame_53_30.jpg,Person,828,389,1032,717,1280,720
frame_53_30.jpg,Person,687,235,876,709,1280,720
frame_53_30.jpg,Person,205,488,481,717,1280,720
frame_53_30.jpg,Person,27,329,210,716,1280,720
frame_53_30.jpg,Person,140,82,309,637,1280,720
frame_53_30.jpg,Person,220,148,417,628,1280,720
frame_53_30.jpg,Person,303,82,369,156,1280,720
frame_53_30.jpg,Person,79,54,207,530,1280,720
frame_53_30.jpg,Person,80,52,194,351,1280,720
frame_53_31.jpg,Person,828,388,1032,717,1280,720
frame_53_31.jpg,Person,26,329,210,716,1280,720
frame_53_31.jpg,Person,685,232,876,708,1280,720
frame_53_31.jpg,Person,139,82,308,630,1280,720
frame_53_31.jpg,Person,204,489,480,717,1280,720
frame_53_31.jpg,Person,226,148,418,623,1280,720
frame_53_31.jpg,Person,301,82,368,155,1280,720
frame_53_31.jpg,Person,77,52,209,530,1280,720
frame_53_31.jpg,Person,76,52,195,352,1280,720
frame_53_31.jpg,Person,0,159,96,496,1280,720
frame_53_32.jpg,Person,826,389,1031,717,1280,720
frame_53_32.jpg,Person,202,489,475,717,1280,720
frame_53_32.jpg,Person,685,232,876,705,1280,720
frame_53_32.jpg,Person,25,332,210,716,1280,720
frame_53_32.jpg,Person,208,148,421,615,1280,720
frame_53_32.jpg,Person,138,82,315,612,1280,720
frame_53_32.jpg,Person,302,82,368,155,1280,720
frame_53_32.jpg,Person,78,51,210,533,1280,720
frame_53_32.jpg,Person,78,52,193,352,1280,720
frame_53_32.jpg,Person,0,169,90,492,1280,720
frame_53_33.jpg,Person,826,387,1030,717,1280,720
frame_53_33.jpg,Person,689,233,876,713,1280,720
frame_53_33.jpg,Person,201,489,472,717,1280,720
frame_53_33.jpg,Person,26,333,208,716,1280,720
frame_53_33.jpg,Person,206,148,415,614,1280,720
frame_53_33.jpg,Person,139,82,311,525,1280,720
frame_53_33.jpg,Person,74,49,192,353,1280,720
frame_53_33.jpg,Person,0,461,46,715,1280,720
frame_53_33.jpg,Person,302,80,367,153,1280,720
frame_53_34.jpg,Person,827,387,1031,716,1280,720
frame_53_34.jpg,Person,689,232,876,713,1280,720
frame_53_34.jpg,Person,201,489,472,717,1280,720
frame_53_34.jpg,Person,25,333,208,717,1280,720
frame_53_34.jpg,Person,207,148,415,614,1280,720
frame_53_34.jpg,Person,139,83,311,525,1280,720
frame_53_34.jpg,Person,74,49,192,353,1280,720
frame_53_34.jpg,Person,0,459,46,715,1280,720
frame_53_35.jpg,Person,826,388,1029,717,1280,720
frame_53_35.jpg,Person,201,489,470,717,1280,720
frame_53_35.jpg,Person,27,337,208,717,1280,720
frame_53_35.jpg,Person,217,150,422,612,1280,720
frame_53_35.jpg,Person,139,84,309,612,1280,720
frame_53_35.jpg,Person,688,234,875,712,1280,720
frame_53_35.jpg,Person,76,49,193,352,1280,720
frame_53_35.jpg,Person,547,232,876,712,1280,720
frame_53_35.jpg,Person,302,81,368,156,1280,720
frame_53_35.jpg,Person,0,470,48,718,1280,720
frame_53_36.jpg,Person,826,388,1030,717,1280,720
frame_53_36.jpg,Person,202,490,468,717,1280,720
frame_53_36.jpg,Person,214,151,417,612,1280,720
frame_53_36.jpg,Person,547,231,876,711,1280,720
frame_53_36.jpg,Person,27,337,209,716,1280,720
frame_53_36.jpg,Person,141,85,311,613,1280,720
frame_53_36.jpg,Person,78,49,194,354,1280,720
frame_53_36.jpg,Person,303,81,369,156,1280,720
frame_53_36.jpg,Person,688,235,875,712,1280,720
frame_53_37.jpg,Person,826,389,1030,717,1280,720
frame_53_37.jpg,Person,550,231,877,712,1280,720
frame_53_37.jpg,Person,202,490,465,717,1280,720
frame_53_37.jpg,Person,142,86,309,613,1280,720
frame_53_37.jpg,Person,32,339,210,717,1280,720
frame_53_37.jpg,Person,225,152,418,610,1280,720
frame_53_37.jpg,Person,78,48,195,355,1280,720
frame_53_37.jpg,Person,302,81,369,158,1280,720
frame_53_38.jpg,Person,546,231,878,710,1280,720
frame_53_38.jpg,Person,827,387,1031,716,1280,720
frame_53_38.jpg,Person,203,490,464,717,1280,720
frame_53_38.jpg,Person,225,154,421,612,1280,720
frame_53_38.jpg,Person,143,88,308,612,1280,720
frame_53_38.jpg,Person,33,339,210,717,1280,720
frame_53_38.jpg,Person,79,49,195,358,1280,720
frame_53_38.jpg,Person,302,82,370,160,1280,720
frame_53_39.jpg,Person,825,387,1031,717,1280,720
frame_53_39.jpg,Person,546,231,877,711,1280,720
frame_53_39.jpg,Person,221,157,420,613,1280,720
frame_53_39.jpg,Person,204,490,464,717,1280,720
frame_53_39.jpg,Person,145,89,308,606,1280,720
frame_53_39.jpg,Person,77,49,195,359,1280,720
frame_53_39.jpg,Person,0,165,206,715,1280,720
frame_53_39.jpg,Person,32,339,209,717,1280,720
frame_53_39.jpg,Person,303,81,370,162,1280,720
frame_53_39.jpg,Person,300,81,409,347,1280,720
frame_121_5.jpg,Person,453,221,602,638,1280,720
frame_121_50.jpg,Person,460,224,587,639,1280,720
frame_121_51.jpg,Person,460,224,586,639,1280,720
frame_121_52.jpg,Person,458,224,586,639,1280,720
frame_121_53.jpg,Person,459,225,586,639,1280,720
frame_121_54.jpg,Person,460,225,586,639,1280,720
frame_121_55.jpg,Person,461,225,587,638,1280,720
frame_121_56.jpg,Person,459,225,587,638,1280,720
frame_121_57.jpg,Person,459,225,586,638,1280,720
frame_121_58.jpg,Person,459,225,586,639,1280,720
frame_121_59.jpg,Person,459,225,586,639,1280,720
frame_121_6.jpg,Person,452,220,603,637,1280,720
frame_121_7.jpg,Person,449,221,604,640,1280,720
frame_121_8.jpg,Person,449,221,605,638,1280,720
frame_121_9.jpg,Person,448,222,604,640,1280,720
frame_122_0.jpg,Person,254,24,547,624,1280,720
frame_122_1.jpg,Person,254,25,547,624,1280,720
frame_122_10.jpg,Person,316,29,613,621,1280,720
frame_122_10.jpg,Person,0,63,92,344,1280,720
frame_122_11.jpg,Person,319,28,620,617,1280,720
frame_122_11.jpg,Person,0,68,88,346,1280,720
frame_122_12.jpg,Person,322,44,629,614,1280,720
frame_122_12.jpg,Person,0,64,80,365,1280,720
frame_122_13.jpg,Person,325,23,636,610,1280,720
frame_122_13.jpg,Person,0,67,76,340,1280,720
frame_122_14.jpg,Person,312,26,637,595,1280,720
frame_122_14.jpg,Person,0,73,72,389,1280,720
frame_122_15.jpg,Person,340,24,639,591,1280,720
frame_122_15.jpg,Person,0,74,70,390,1280,720
frame_122_16.jpg,Person,310,25,642,588,1280,720
frame_122_16.jpg,Person,0,77,66,406,1280,720
frame_122_17.jpg,Person,314,23,644,586,1280,720
frame_122_17.jpg,Person,0,84,62,414,1280,720
frame_122_18.jpg,Person,324,23,644,595,1280,720
frame_122_18.jpg,Person,0,94,58,322,1280,720
frame_122_19.jpg,Person,351,23,643,595,1280,720
frame_122_19.jpg,Person,0,98,62,327,1280,720
frame_122_2.jpg,Person,263,32,555,624,1280,720
frame_122_20.jpg,Person,365,23,640,595,1280,720
frame_122_20.jpg,Person,0,102,54,323,1280,720
frame_72_36.jpg,Person,234,68,313,254,704,480
frame_72_36.jpg,Person,328,53,396,248,704,480
frame_72_36.jpg,Person,312,0,340,69,704,480
frame_72_37.jpg,Person,234,72,313,272,704,480
frame_72_37.jpg,Person,328,56,397,260,704,480
frame_72_37.jpg,Person,311,0,340,69,704,480
frame_72_38.jpg,Person,233,74,313,274,704,480
frame_72_38.jpg,Person,327,59,398,261,704,480
frame_72_38.jpg,Person,311,0,340,70,704,480
frame_72_39.jpg,Person,233,76,313,274,704,480
frame_72_39.jpg,Person,328,60,398,257,704,480
frame_72_39.jpg,Person,311,0,340,70,704,480
frame_72_4.jpg,Person,247,32,302,174,704,480
frame_72_4.jpg,Person,307,16,362,168,704,480
frame_72_5.jpg,Person,246,33,304,181,704,480
frame_72_5.jpg,Person,309,18,364,175,704,480
frame_72_6.jpg,Person,245,32,304,183,704,480
frame_72_6.jpg,Person,309,20,363,177,704,480
frame_72_7.jpg,Person,310,23,364,179,704,480
frame_72_7.jpg,Person,246,35,306,185,704,480
frame_72_7.jpg,Person,317,0,357,53,704,480
frame_72_8.jpg,Person,246,37,308,189,704,480
frame_72_8.jpg,Person,311,20,365,183,704,480
frame_72_9.jpg,Person,247,39,310,192,704,480
frame_72_9.jpg,Person,312,21,364,184,704,480
frame_72_9.jpg,Person,314,0,357,54,704,480
frame_73_0.jpg,Person,280,0,312,74,704,480
frame_73_1.jpg,Person,281,0,313,71,704,480
frame_73_10.jpg,Person,283,0,312,68,704,480
frame_73_11.jpg,Person,284,0,314,66,704,480
frame_73_12.jpg,Person,284,0,314,66,704,480
frame_73_13.jpg,Person,284,0,314,64,704,480
frame_73_14.jpg,Person,284,0,314,64,704,480
frame_73_15.jpg,Person,284,0,314,64,704,480
frame_73_16.jpg,Person,284,0,313,64,704,480
frame_73_17.jpg,Person,284,0,313,64,704,480
frame_73_18.jpg,Person,283,0,312,62,704,480
frame_73_19.jpg,Person,284,0,313,62,704,480
frame_73_2.jpg,Person,279,0,312,71,704,480
frame_73_20.jpg,Person,284,0,313,60,704,480
frame_73_21.jpg,Person,284,0,312,60,704,480
frame_73_22.jpg,Person,284,0,312,58,704,480
frame_73_23.jpg,Person,284,0,311,58,704,480
frame_143_10.jpg,Person,804,265,930,580,1280,720
frame_143_11.jpg,Person,686,262,927,631,1280,720
frame_143_12.jpg,Person,686,262,927,631,1280,720
frame_143_13.jpg,Person,672,263,923,647,1280,720
frame_143_14.jpg,Person,674,264,924,648,1280,720
frame_143_15.jpg,Person,662,269,920,638,1280,720
frame_143_16.jpg,Person,662,269,920,637,1280,720
frame_143_17.jpg,Person,666,275,913,594,1280,720
frame_143_18.jpg,Person,666,274,913,599,1280,720
frame_143_19.jpg,Person,695,283,890,629,1280,720
frame_143_20.jpg,Person,687,284,890,630,1280,720
frame_143_21.jpg,Person,633,298,851,633,1280,720
frame_143_22.jpg,Person,633,298,851,633,1280,720
frame_143_23.jpg,Person,626,309,840,637,1280,720
frame_143_24.jpg,Person,626,309,840,637,1280,720
frame_143_25.jpg,Person,626,316,812,632,1280,720
frame_143_26.jpg,Person,625,315,811,632,1280,720
frame_143_27.jpg,Person,623,314,789,635,1280,720
frame_143_28.jpg,Person,623,314,788,635,1280,720
frame_143_29.jpg,Person,578,308,792,647,1280,720
frame_143_30.jpg,Person,578,308,792,647,1280,720
frame_143_31.jpg,Person,588,310,719,627,1280,720
frame_131_4.jpg,Person,578,72,991,704,1280,720
frame_131_40.jpg,Person,791,89,1262,704,1280,720
frame_131_41.jpg,Person,792,87,1267,705,1280,720
frame_131_42.jpg,Person,792,89,1257,700,1280,720
frame_131_43.jpg,Person,793,88,1265,704,1280,720
frame_131_44.jpg,Person,791,89,1273,704,1280,720
frame_131_45.jpg,Person,791,89,1273,703,1280,720
frame_131_46.jpg,Person,793,88,1275,705,1280,720
frame_131_47.jpg,Person,793,88,1274,705,1280,720
frame_131_48.jpg,Person,792,89,1269,701,1280,720
frame_131_49.jpg,Person,789,88,1263,705,1280,720
frame_131_5.jpg,Person,577,72,990,701,1280,720
frame_131_50.jpg,Person,789,86,1253,705,1280,720
frame_131_51.jpg,Person,788,87,1246,704,1280,720
frame_131_52.jpg,Person,789,87,1247,706,1280,720
frame_131_53.jpg,Person,790,87,1243,707,1280,720
frame_131_54.jpg,Person,793,87,1264,704,1280,720
frame_131_55.jpg,Person,799,93,1265,698,1280,720
frame_131_56.jpg,Person,799,96,1265,699,1280,720
frame_131_57.jpg,Person,797,98,1265,700,1280,720
frame_131_58.jpg,Person,797,95,1265,699,1280,720
frame_131_59.jpg,Person,800,96,1265,699,1280,720
frame_131_7.jpg,Person,640,78,1058,705,1280,720
frame_131_8.jpg,Person,643,76,1057,706,1280,720
frame_131_9.jpg,Person,641,76,1057,705,1280,720
frame_23_52.jpg,Person,127,168,298,279,640,360
frame_23_52.jpg,Person,287,58,315,126,640,360
frame_23_52.jpg,Person,67,134,130,190,640,360
frame_23_52.jpg,Person,171,103,194,127,640,360
frame_23_52.jpg,Person,472,186,547,300,640,360
frame_23_52.jpg,Person,292,105,329,140,640,360
frame_23_52.jpg,Person,188,105,252,165,640,360
frame_23_52.jpg,Person,232,86,279,162,640,360
frame_23_53.jpg,Person,127,168,298,279,640,360
frame_23_53.jpg,Person,286,58,313,126,640,360
frame_23_53.jpg,Person,67,133,130,190,640,360
frame_23_53.jpg,Person,188,105,253,163,640,360
frame_23_53.jpg,Person,172,103,194,127,640,360
frame_23_53.jpg,Person,472,186,547,298,640,360
frame_23_53.jpg,Person,292,105,329,140,640,360
frame_23_54.jpg,Person,127,168,298,279,640,360
frame_23_54.jpg,Person,285,58,312,127,640,360
frame_23_54.jpg,Person,67,134,130,190,640,360
frame_23_54.jpg,Person,189,105,253,165,640,360
frame_23_54.jpg,Person,472,186,547,301,640,360
frame_23_54.jpg,Person,294,105,330,140,640,360
frame_23_55.jpg,Person,127,168,298,277,640,360
frame_23_55.jpg,Person,67,133,130,190,640,360
frame_23_55.jpg,Person,285,58,313,128,640,360
frame_23_55.jpg,Person,472,186,547,301,640,360
frame_23_55.jpg,Person,188,105,249,167,640,360
frame_23_55.jpg,Person,294,105,330,140,640,360
frame_23_56.jpg,Person,127,169,298,274,640,360
frame_23_56.jpg,Person,284,58,312,128,640,360
frame_23_56.jpg,Person,67,133,131,190,640,360
frame_23_56.jpg,Person,187,105,252,171,640,360
frame_23_56.jpg,Person,295,105,331,140,640,360
frame_23_56.jpg,Person,473,186,548,305,640,360
frame_23_57.jpg,Person,127,169,298,274,640,360
frame_23_57.jpg,Person,283,58,312,128,640,360
frame_23_57.jpg,Person,67,133,131,190,640,360
frame_23_57.jpg,Person,187,104,252,167,640,360
frame_23_57.jpg,Person,295,105,331,140,640,360
frame_23_57.jpg,Person,171,103,193,127,640,360
frame_23_58.jpg,Person,67,133,130,190,640,360
frame_23_58.jpg,Person,127,168,298,275,640,360
frame_23_58.jpg,Person,280,59,311,129,640,360
frame_23_58.jpg,Person,188,105,252,169,640,360
frame_23_58.jpg,Person,294,105,330,140,640,360
frame_23_58.jpg,Person,472,186,548,303,640,360
frame_23_58.jpg,Person,171,103,193,127,640,360
frame_23_58.jpg,Person,151,190,298,275,640,360
frame_23_59.jpg,Person,279,69,310,129,640,360
frame_23_59.jpg,Person,127,169,298,275,640,360
frame_23_59.jpg,Person,67,133,131,190,640,360
frame_23_59.jpg,Person,188,105,252,167,640,360
frame_23_59.jpg,Person,472,186,548,304,640,360
frame_23_59.jpg,Person,291,105,330,157,640,360
frame_23_59.jpg,Person,171,103,193,127,640,360
frame_23_6.jpg,Person,320,55,347,128,640,360
frame_23_6.jpg,Person,128,169,298,284,640,360
frame_23_6.jpg,Person,60,134,130,203,640,360
frame_23_6.jpg,Person,188,105,254,164,640,360
frame_23_6.jpg,Person,171,103,192,126,640,360
frame_23_60.jpg,Person,279,69,310,129,640,360
frame_23_60.jpg,Person,67,133,131,190,640,360
frame_23_60.jpg,Person,127,168,298,275,640,360
frame_23_60.jpg,Person,188,105,252,169,640,360
frame_23_60.jpg,Person,470,186,548,304,640,360
frame_23_60.jpg,Person,291,105,330,157,640,360
frame_23_60.jpg,Person,172,103,194,127,640,360
frame_23_61.jpg,Person,279,69,310,129,640,360
frame_23_61.jpg,Person,127,168,299,273,640,360
frame_23_61.jpg,Person,67,133,130,190,640,360
frame_23_61.jpg,Person,188,105,254,165,640,360
frame_23_61.jpg,Person,468,185,548,302,640,360
frame_23_61.jpg,Person,291,105,330,156,640,360
frame_23_62.jpg,Person,279,69,310,129,640,360
frame_23_62.jpg,Person,127,169,298,275,640,360
frame_23_62.jpg,Person,67,134,131,190,640,360
frame_23_62.jpg,Person,188,105,254,166,640,360
frame_23_62.jpg,Person,464,186,547,291,640,360
frame_23_62.jpg,Person,292,104,330,155,640,360
frame_23_7.jpg,Person,320,54,347,128,640,360
frame_23_7.jpg,Person,128,169,298,285,640,360
frame_23_7.jpg,Person,60,134,130,203,640,360
frame_23_7.jpg,Person,188,104,254,163,640,360
frame_23_7.jpg,Person,147,192,298,284,640,360
frame_23_8.jpg,Person,320,56,348,128,640,360
frame_23_8.jpg,Person,149,191,297,285,640,360
frame_23_8.jpg,Person,66,134,129,194,640,360
frame_23_8.jpg,Person,127,169,296,288,640,360
frame_23_8.jpg,Person,188,104,254,163,640,360
frame_23_9.jpg,Person,318,55,347,129,640,360
frame_23_9.jpg,Person,149,190,297,285,640,360
frame_23_9.jpg,Person,67,134,130,193,640,360
frame_23_9.jpg,Person,127,169,297,287,640,360
frame_23_9.jpg,Person,188,105,254,165,640,360
frame_23_9.jpg,Person,307,105,336,140,640,360
frame_24_0.jpg,Person,126,168,298,283,640,360
frame_24_0.jpg,Person,264,67,292,130,640,360
frame_24_0.jpg,Person,410,92,428,115,640,360
frame_24_0.jpg,Person,221,91,262,160,640,360
frame_24_0.jpg,Person,279,102,321,208,640,360
frame_24_0.jpg,Person,255,78,266,122,640,360
frame_24_0.jpg,Person,188,102,223,171,640,360
frame_24_0.jpg,Person,369,84,388,104,640,360
frame_24_1.jpg,Person,126,168,298,284,640,360
frame_24_1.jpg,Person,264,67,292,129,640,360
frame_24_1.jpg,Person,410,92,428,115,640,360
frame_24_1.jpg,Person,255,78,266,123,640,360
frame_24_1.jpg,Person,221,92,261,160,640,360
frame_24_1.jpg,Person,188,102,223,171,640,360
frame_24_1.jpg,Person,369,84,388,104,640,360
frame_24_1.jpg,Person,280,102,324,207,640,360
frame_24_10.jpg,Person,128,168,298,283,640,360
frame_24_10.jpg,Person,261,68,307,129,640,360
frame_24_10.jpg,Person,410,93,428,117,640,360
frame_24_10.jpg,Person,230,82,263,160,640,360
frame_24_10.jpg,Person,369,84,388,104,640,360
frame_24_10.jpg,Person,188,104,229,174,640,360
frame_24_10.jpg,Person,167,105,222,173,640,360
frame_24_10.jpg,Person,293,104,335,137,640,360
frame_24_11.jpg,Person,128,169,298,284,640,360
frame_24_11.jpg,Person,232,80,264,159,640,360
frame_24_11.jpg,Person,261,68,306,129,640,360
frame_24_11.jpg,Person,410,92,428,116,640,360
frame_24_11.jpg,Person,369,84,388,104,640,360
frame_24_11.jpg,Person,189,103,229,174,640,360
frame_24_11.jpg,Person,167,105,222,173,640,360
frame_24_12.jpg,Person,128,169,298,283,640,360
frame_24_12.jpg,Person,260,68,305,130,640,360
frame_24_12.jpg,Person,410,93,428,117,640,360
frame_24_12.jpg,Person,230,81,263,159,640,360
frame_24_12.jpg,Person,168,106,222,174,640,360
frame_24_13.jpg,Person,128,170,298,284,640,360
frame_24_13.jpg,Person,260,68,306,130,640,360
frame_24_13.jpg,Person,232,81,263,159,640,360
frame_24_13.jpg,Person,410,93,428,117,640,360
frame_24_13.jpg,Person,189,103,227,174,640,360
frame_24_13.jpg,Person,293,105,336,139,640,360
frame_24_13.jpg,Person,168,103,220,172,640,360
frame_24_13.jpg,Person,59,147,106,204,640,360
frame_24_14.jpg,Person,127,169,298,281,640,360
frame_24_14.jpg,Person,260,67,309,129,640,360
frame_24_14.jpg,Person,232,81,263,159,640,360
frame_24_14.jpg,Person,410,92,428,115,640,360
frame_24_14.jpg,Person,188,103,225,173,640,360
frame_24_14.jpg,Person,59,146,107,203,640,360
frame_24_14.jpg,Person,167,104,220,172,640,360
frame_24_14.jpg,Person,291,104,336,159,640,360
frame_24_14.jpg,Person,366,83,390,148,640,360
frame_24_14.jpg,Person,369,84,390,104,640,360
frame_24_14.jpg,Person,189,103,226,141,640,360
frame_24_15.jpg,Person,128,169,298,283,640,360
frame_24_15.jpg,Person,84,134,133,182,640,360
frame_24_15.jpg,Person,260,67,309,130,640,360
frame_24_15.jpg,Person,232,81,263,159,640,360
frame_24_15.jpg,Person,410,92,428,115,640,360
frame_24_15.jpg,Person,293,105,336,139,640,360
frame_24_15.jpg,Person,59,146,106,203,640,360
frame_24_15.jpg,Person,168,105,221,173,640,360
frame_24_15.jpg,Person,188,103,225,175,640,360
frame_24_15.jpg,Person,366,83,390,151,640,360
frame_24_15.jpg,Person,260,67,294,129,640,360
frame_24_15.jpg,Person,369,83,390,104,640,360
frame_24_16.jpg,Person,128,169,298,280,640,360
frame_24_16.jpg,Person,260,67,309,130,640,360
frame_24_16.jpg,Person,232,80,263,159,640,360
frame_24_16.jpg,Person,84,134,133,182,640,360
frame_24_16.jpg,Person,293,105,336,139,640,360
frame_24_16.jpg,Person,410,92,428,115,640,360
frame_24_16.jpg,Person,60,146,106,203,640,360
frame_24_16.jpg,Person,167,105,220,173,640,360
frame_24_16.jpg,Person,365,83,390,151,640,360
frame_24_16.jpg,Person,260,68,294,130,640,360
frame_24_16.jpg,Person,189,103,226,174,640,360
frame_24_17.jpg,Person,127,169,298,281,640,360
frame_24_17.jpg,Person,260,67,309,129,640,360
frame_24_17.jpg,Person,85,134,133,182,640,360
frame_24_17.jpg,Person,231,80,262,159,640,360
frame_24_17.jpg,Person,294,105,336,139,640,360
frame_24_17.jpg,Person,410,92,428,115,640,360
frame_24_17.jpg,Person,59,146,106,203,640,360
frame_24_17.jpg,Person,369,83,390,104,640,360
frame_24_18.jpg,Person,127,170,298,280,640,360
frame_24_18.jpg,Person,259,66,308,129,640,360
frame_24_18.jpg,Person,84,134,132,182,640,360
frame_24_18.jpg,Person,232,80,263,157,640,360
frame_24_18.jpg,Person,410,92,427,115,640,360
frame_24_18.jpg,Person,293,105,336,139,640,360
frame_24_18.jpg,Person,59,146,106,203,640,360
frame_24_18.jpg,Person,188,103,249,174,640,360
frame_24_18.jpg,Person,365,83,390,151,640,360
frame_24_18.jpg,Person,188,103,231,173,640,360
frame_24_19.jpg,Person,128,170,298,276,640,360
frame_24_19.jpg,Person,232,80,264,158,640,360
frame_24_19.jpg,Person,260,66,308,129,640,360
frame_24_19.jpg,Person,86,133,132,182,640,360
frame_24_19.jpg,Person,59,146,106,204,640,360
frame_24_19.jpg,Person,410,92,427,115,640,360
frame_24_19.jpg,Person,188,103,249,175,640,360
frame_24_19.jpg,Person,293,104,337,139,640,360
frame_24_19.jpg,Person,365,84,390,152,640,360
frame_24_2.jpg,Person,126,168,298,283,640,360
frame_24_2.jpg,Person,410,92,428,115,640,360
frame_24_2.jpg,Person,263,67,292,129,640,360
frame_24_2.jpg,Person,255,78,266,123,640,360
frame_24_2.jpg,Person,231,90,262,159,640,360
frame_24_2.jpg,Person,369,83,389,104,640,360
frame_24_2.jpg,Person,281,103,327,208,640,360
frame_24_2.jpg,Person,188,102,223,171,640,360
frame_24_20.jpg,Person,127,169,298,279,640,360
frame_24_20.jpg,Person,260,66,307,129,640,360
frame_24_20.jpg,Person,86,132,132,181,640,360
frame_24_20.jpg,Person,231,80,262,158,640,360
frame_24_20.jpg,Person,59,145,108,204,640,360
frame_24_20.jpg,Person,366,83,392,154,640,360
frame_24_20.jpg,Person,188,103,249,175,640,360
frame_24_20.jpg,Person,410,93,428,115,640,360
frame_24_21.jpg,Person,127,169,298,280,640,360
frame_24_21.jpg,Person,232,80,263,158,640,360
frame_24_21.jpg,Person,260,66,308,129,640,360
frame_24_21.jpg,Person,87,132,132,181,640,360
frame_24_21.jpg,Person,189,103,249,175,640,360
frame_24_21.jpg,Person,59,145,108,204,640,360
frame_24_21.jpg,Person,365,83,391,154,640,360
frame_24_21.jpg,Person,260,66,293,129,640,360
frame_24_21.jpg,Person,410,93,428,115,640,360
frame_24_22.jpg,Person,127,169,298,280,640,360
frame_24_22.jpg,Person,260,66,307,129,640,360
frame_24_22.jpg,Person,233,79,263,150,640,360
frame_24_22.jpg,Person,87,133,133,181,640,360
frame_24_22.jpg,Person,365,83,391,154,640,360
frame_24_22.jpg,Person,188,103,233,172,640,360
frame_24_22.jpg,Person,260,66,293,129,640,360
frame_24_22.jpg,Person,60,145,110,204,640,360
frame_24_23.jpg,Person,128,170,298,280,640,360
frame_24_23.jpg,Person,231,80,263,158,640,360
frame_24_23.jpg,Person,87,133,132,181,640,360
frame_24_23.jpg,Person,260,66,307,129,640,360
frame_24_23.jpg,Person,365,84,390,154,640,360
frame_24_23.jpg,Person,260,66,293,128,640,360
frame_24_23.jpg,Person,188,103,247,174,640,360
frame_24_23.jpg,Person,233,80,263,138,640,360
frame_7_17.jpg,Person,276,249,312,331,640,360
frame_7_17.jpg,Person,247,244,268,320,640,360
frame_7_17.jpg,Person,304,241,327,323,640,360
frame_7_17.jpg,Person,262,190,275,227,640,360
frame_7_17.jpg,Person,251,190,264,227,640,360
frame_7_18.jpg,Person,276,248,312,331,640,360
frame_7_18.jpg,Person,246,243,267,320,640,360
frame_7_18.jpg,Person,304,241,327,323,640,360
frame_7_18.jpg,Person,263,189,275,226,640,360
frame_7_18.jpg,Person,252,194,265,227,640,360
frame_7_19.jpg,Person,276,248,312,331,640,360
frame_7_19.jpg,Person,246,244,267,320,640,360
frame_7_19.jpg,Person,304,241,327,323,640,360
frame_7_19.jpg,Person,262,192,275,227,640,360
frame_7_19.jpg,Person,251,194,264,227,640,360
frame_7_2.jpg,Person,275,249,310,331,640,360
frame_7_2.jpg,Person,247,243,267,320,640,360
frame_7_2.jpg,Person,303,241,327,324,640,360
frame_7_2.jpg,Person,261,189,273,223,640,360
frame_7_2.jpg,Person,251,198,262,224,640,360
frame_7_20.jpg,Person,277,248,312,331,640,360
frame_7_20.jpg,Person,246,244,267,320,640,360
frame_7_20.jpg,Person,304,241,327,323,640,360
frame_7_20.jpg,Person,263,192,275,227,640,360
frame_7_20.jpg,Person,252,196,264,228,640,360
frame_7_21.jpg,Person,277,248,312,331,640,360
frame_7_21.jpg,Person,246,244,267,320,640,360
frame_7_21.jpg,Person,304,241,327,323,640,360
frame_7_21.jpg,Person,262,192,276,227,640,360
frame_7_21.jpg,Person,252,196,264,227,640,360
frame_7_21.jpg,Person,253,193,275,228,640,360
frame_7_22.jpg,Person,277,248,312,331,640,360
frame_7_22.jpg,Person,246,243,267,320,640,360
frame_7_22.jpg,Person,304,241,327,323,640,360
frame_7_22.jpg,Person,263,190,276,227,640,360
frame_7_22.jpg,Person,252,195,264,228,640,360
frame_7_23.jpg,Person,277,249,312,331,640,360
frame_7_23.jpg,Person,247,244,269,320,640,360
frame_7_23.jpg,Person,304,241,327,323,640,360
frame_7_23.jpg,Person,265,190,277,227,640,360
frame_7_23.jpg,Person,252,197,264,229,640,360
frame_7_24.jpg,Person,277,248,312,331,640,360
frame_7_24.jpg,Person,247,244,269,320,640,360
frame_7_24.jpg,Person,304,241,327,323,640,360
frame_7_24.jpg,Person,264,190,277,227,640,360
frame_7_24.jpg,Person,252,197,264,229,640,360
frame_7_25.jpg,Person,277,248,312,331,640,360
frame_7_25.jpg,Person,246,244,267,320,640,360
frame_7_25.jpg,Person,304,241,327,323,640,360
frame_7_25.jpg,Person,265,190,277,228,640,360
frame_7_25.jpg,Person,253,196,265,230,640,360
frame_7_26.jpg,Person,277,249,312,331,640,360
frame_7_26.jpg,Person,246,244,267,320,640,360
frame_7_26.jpg,Person,304,241,327,323,640,360
frame_7_26.jpg,Person,266,190,278,228,640,360
frame_7_26.jpg,Person,253,195,265,230,640,360
frame_7_27.jpg,Person,277,248,312,331,640,360
frame_7_27.jpg,Person,246,244,267,320,640,360
frame_7_27.jpg,Person,304,241,327,323,640,360
frame_7_27.jpg,Person,265,190,277,230,640,360
frame_7_27.jpg,Person,252,197,265,230,640,360
frame_7_28.jpg,Person,277,249,312,331,640,360
frame_7_28.jpg,Person,246,244,267,320,640,360
frame_7_28.jpg,Person,304,241,327,323,640,360
frame_7_28.jpg,Person,266,190,278,230,640,360
frame_7_28.jpg,Person,253,198,265,231,640,360
frame_7_29.jpg,Person,277,248,312,331,640,360
frame_7_29.jpg,Person,246,244,267,320,640,360
frame_7_29.jpg,Person,304,241,327,323,640,360
frame_7_29.jpg,Person,253,198,265,231,640,360
frame_7_29.jpg,Person,265,190,277,230,640,360
frame_7_3.jpg,Person,275,249,310,331,640,360
frame_7_3.jpg,Person,247,243,267,320,640,360
frame_7_3.jpg,Person,303,240,327,323,640,360
frame_7_3.jpg,Person,260,190,273,223,640,360
frame_7_3.jpg,Person,252,198,262,223,640,360
frame_7_30.jpg,Person,277,248,312,331,640,360
frame_7_30.jpg,Person,246,244,267,320,640,360
frame_7_30.jpg,Person,304,241,328,323,640,360
frame_7_30.jpg,Person,253,198,265,231,640,360
frame_7_30.jpg,Person,265,190,277,230,640,360
frame_7_31.jpg,Person,277,248,312,331,640,360
frame_7_31.jpg,Person,246,244,267,320,640,360
frame_7_31.jpg,Person,304,241,327,323,640,360
frame_7_31.jpg,Person,253,198,265,231,640,360
frame_7_31.jpg,Person,264,190,277,230,640,360
frame_127_2.jpg,Person,695,193,1026,446,1280,720
frame_127_2.jpg,Person,112,395,423,705,1280,720
frame_127_20.jpg,Person,694,192,1026,447,1280,720
frame_127_20.jpg,Person,112,391,427,704,1280,720
frame_127_21.jpg,Person,695,193,1027,447,1280,720
frame_127_21.jpg,Person,112,390,426,704,1280,720
frame_127_22.jpg,Person,695,193,1027,447,1280,720
frame_127_22.jpg,Person,112,390,426,704,1280,720
frame_127_23.jpg,Person,693,193,1026,447,1280,720
frame_127_23.jpg,Person,112,390,423,704,1280,720
frame_127_24.jpg,Person,693,193,1026,447,1280,720
frame_127_24.jpg,Person,112,391,423,705,1280,720
frame_127_25.jpg,Person,693,193,1026,447,1280,720
frame_127_25.jpg,Person,112,390,422,705,1280,720
frame_127_26.jpg,Person,695,192,1027,446,1280,720
frame_127_26.jpg,Person,112,389,423,704,1280,720
frame_127_27.jpg,Person,693,192,1026,446,1280,720
frame_127_27.jpg,Person,112,391,423,705,1280,720
frame_127_28.jpg,Person,693,192,1026,446,1280,720
frame_127_28.jpg,Person,113,391,423,704,1280,720
frame_127_29.jpg,Person,691,192,1026,446,1280,720
frame_127_29.jpg,Person,113,392,420,704,1280,720
frame_127_3.jpg,Person,695,193,1026,446,1280,720
frame_127_3.jpg,Person,112,395,423,705,1280,720
frame_127_30.jpg,Person,693,192,1026,446,1280,720
frame_127_30.jpg,Person,113,392,418,704,1280,720
frame_127_31.jpg,Person,693,192,1026,446,1280,720
frame_127_31.jpg,Person,113,392,418,704,1280,720
frame_127_32.jpg,Person,693,192,1026,446,1280,720
frame_127_32.jpg,Person,113,392,416,704,1280,720
frame_127_33.jpg,Person,692,192,1025,446,1280,720
frame_127_33.jpg,Person,113,390,419,704,1280,720
frame_127_34.jpg,Person,694,192,1026,447,1280,720
frame_127_34.jpg,Person,113,391,420,705,1280,720
frame_17_62.jpg,Person,562,126,615,234,640,360
frame_17_62.jpg,Person,507,109,563,227,640,360
frame_17_62.jpg,Person,157,188,250,323,640,360
frame_17_62.jpg,Person,416,81,450,171,640,360
frame_17_62.jpg,Person,103,180,181,306,640,360
frame_17_62.jpg,Person,73,98,122,186,640,360
frame_17_62.jpg,Person,103,179,167,254,640,360
frame_17_62.jpg,Person,431,64,470,117,640,360
frame_17_7.jpg,Person,511,105,569,228,640,360
frame_17_7.jpg,Person,563,125,617,235,640,360
frame_17_7.jpg,Person,148,196,249,318,640,360
frame_17_7.jpg,Person,413,66,471,171,640,360
frame_17_7.jpg,Person,109,169,176,286,640,360
frame_17_7.jpg,Person,163,82,215,129,640,360
frame_17_7.jpg,Person,52,96,87,170,640,360
frame_18_0.jpg,Person,229,15,262,121,640,360
frame_18_0.jpg,Person,367,43,418,168,640,360
frame_18_0.jpg,Person,331,69,395,186,640,360
frame_18_0.jpg,Person,144,39,192,158,640,360
frame_18_1.jpg,Person,230,15,264,121,640,360
frame_18_1.jpg,Person,332,68,395,185,640,360
frame_18_1.jpg,Person,367,42,418,167,640,360
frame_18_1.jpg,Person,144,39,191,157,640,360
frame_18_10.jpg,Person,230,15,264,121,640,360
frame_18_10.jpg,Person,368,41,417,166,640,360
frame_18_10.jpg,Person,332,69,397,186,640,360
frame_18_10.jpg,Person,150,40,206,156,640,360
frame_18_10.jpg,Person,168,39,206,155,640,360
frame_18_11.jpg,Person,229,14,263,120,640,360
frame_18_11.jpg,Person,333,68,397,185,640,360
frame_18_11.jpg,Person,367,41,416,166,640,360
frame_18_11.jpg,Person,167,38,208,160,640,360
frame_18_12.jpg,Person,368,42,416,166,640,360
frame_18_12.jpg,Person,230,14,264,120,640,360
frame_18_12.jpg,Person,334,69,398,185,640,360
frame_18_12.jpg,Person,168,36,208,159,640,360
frame_18_13.jpg,Person,368,37,417,167,640,360
frame_18_13.jpg,Person,334,68,398,185,640,360
frame_18_13.jpg,Person,229,14,267,121,640,360
frame_18_13.jpg,Person,176,36,213,158,640,360
frame_18_14.jpg,Person,334,69,397,187,640,360
frame_18_14.jpg,Person,368,39,417,166,640,360
frame_18_14.jpg,Person,229,14,264,121,640,360
frame_18_14.jpg,Person,177,36,213,159,640,360
frame_18_15.jpg,Person,229,15,264,121,640,360
frame_18_15.jpg,Person,334,68,397,185,640,360
frame_18_15.jpg,Person,367,38,419,167,640,360
frame_18_15.jpg,Person,178,36,215,155,640,360
frame_18_16.jpg,Person,334,69,397,186,640,360
frame_18_16.jpg,Person,368,40,418,166,640,360
frame_18_16.jpg,Person,229,15,264,123,640,360
frame_18_16.jpg,Person,179,35,222,150,640,360
frame_18_17.jpg,Person,334,68,397,185,640,360
frame_18_17.jpg,Person,368,37,420,167,640,360
frame_18_17.jpg,Person,229,15,263,122,640,360
frame_18_17.jpg,Person,185,36,222,137,640,360
frame_18_18.jpg,Person,368,39,420,167,640,360
frame_18_18.jpg,Person,335,68,397,185,640,360
frame_18_18.jpg,Person,189,38,223,131,640,360
frame_18_18.jpg,Person,229,15,267,122,640,360
frame_18_18.jpg,Person,326,1,354,51,640,360
frame_18_19.jpg,Person,334,68,396,185,640,360
frame_18_19.jpg,Person,368,39,420,167,640,360
frame_18_19.jpg,Person,187,39,223,133,640,360
frame_18_19.jpg,Person,229,15,267,122,640,360
frame_18_2.jpg,Person,230,15,264,121,640,360
frame_18_2.jpg,Person,333,69,395,185,640,360
frame_18_2.jpg,Person,367,43,417,167,640,360
frame_18_2.jpg,Person,146,41,195,159,640,360
frame_18_20.jpg,Person,334,68,397,185,640,360
frame_18_20.jpg,Person,367,36,420,167,640,360
frame_18_20.jpg,Person,188,39,223,133,640,360
frame_18_20.jpg,Person,229,15,266,122,640,360
frame_18_20.jpg,Person,325,1,354,51,640,360
frame_18_21.jpg,Person,368,37,420,167,640,360
frame_18_21.jpg,Person,334,70,397,186,640,360
frame_18_21.jpg,Person,229,14,264,121,640,360
frame_18_21.jpg,Person,192,40,221,131,640,360
frame_18_22.jpg,Person,334,70,397,186,640,360
frame_18_22.jpg,Person,368,36,420,167,640,360
frame_18_22.jpg,Person,229,16,263,122,640,360
frame_18_22.jpg,Person,199,39,231,129,640,360
frame_18_23.jpg,Person,229,16,264,122,640,360
frame_18_23.jpg,Person,333,69,396,186,640,360
frame_18_23.jpg,Person,368,35,420,167,640,360
frame_18_23.jpg,Person,202,37,231,122,640,360
frame_18_23.jpg,Person,323,1,352,51,640,360
frame_18_24.jpg,Person,230,15,264,121,640,360
frame_18_24.jpg,Person,334,69,398,185,640,360
frame_18_24.jpg,Person,366,31,420,166,640,360
frame_18_24.jpg,Person,205,38,233,124,640,360
frame_117_5.jpg,Person,2,192,228,569,1280,720
frame_117_5.jpg,Person,466,167,651,310,1280,720
frame_117_5.jpg,Person,312,266,576,570,1280,720
frame_117_50.jpg,Person,18,201,221,570,1280,720
frame_117_50.jpg,Person,446,162,618,307,1280,720
frame_117_50.jpg,Person,183,279,444,571,1280,720
frame_117_50.jpg,Person,773,191,917,298,1280,720
frame_117_51.jpg,Person,19,201,221,570,1280,720
frame_117_51.jpg,Person,446,163,618,308,1280,720
frame_117_51.jpg,Person,182,280,445,572,1280,720
frame_117_51.jpg,Person,772,192,917,298,1280,720
frame_117_52.jpg,Person,445,162,618,308,1280,720
frame_117_52.jpg,Person,21,202,214,570,1280,720
frame_117_52.jpg,Person,772,191,918,299,1280,720
frame_117_52.jpg,Person,190,281,376,497,1280,720
frame_117_52.jpg,Person,185,279,413,571,1280,720
frame_117_53.jpg,Person,445,162,619,308,1280,720
frame_117_53.jpg,Person,21,201,214,570,1280,720
frame_117_53.jpg,Person,773,191,919,299,1280,720
frame_117_53.jpg,Person,188,281,375,504,1280,720
frame_117_54.jpg,Person,441,158,613,307,1280,720
frame_117_54.jpg,Person,20,204,208,570,1280,720
frame_117_54.jpg,Person,766,191,918,299,1280,720
frame_117_54.jpg,Person,168,281,483,710,1280,720
frame_117_54.jpg,Person,172,282,388,567,1280,720
frame_117_55.jpg,Person,442,158,614,307,1280,720
frame_117_55.jpg,Person,20,205,208,570,1280,720
frame_117_55.jpg,Person,766,191,918,299,1280,720
frame_117_55.jpg,Person,165,282,484,710,1280,720
frame_117_55.jpg,Person,169,283,420,571,1280,720
frame_117_56.jpg,Person,441,158,610,308,1280,720
frame_117_56.jpg,Person,21,208,212,569,1280,720
frame_117_56.jpg,Person,762,189,918,299,1280,720
frame_117_56.jpg,Person,168,285,399,569,1280,720
frame_117_56.jpg,Person,167,284,483,709,1280,720
frame_117_57.jpg,Person,441,157,611,307,1280,720
frame_117_57.jpg,Person,21,208,214,569,1280,720
frame_117_57.jpg,Person,762,189,917,298,1280,720
frame_117_57.jpg,Person,167,285,396,568,1280,720
frame_117_57.jpg,Person,166,284,483,709,1280,720
frame_117_58.jpg,Person,441,156,609,307,1280,720
frame_117_58.jpg,Person,21,217,191,569,1280,720
frame_117_58.jpg,Person,165,286,390,566,1280,720
frame_117_58.jpg,Person,760,189,917,299,1280,720
frame_117_59.jpg,Person,441,156,609,307,1280,720
frame_117_59.jpg,Person,21,216,190,568,1280,720
frame_117_59.jpg,Person,166,286,390,567,1280,720
frame_117_59.jpg,Person,760,188,918,299,1280,720
frame_117_6.jpg,Person,3,192,228,569,1280,720
frame_117_6.jpg,Person,464,167,651,310,1280,720
frame_117_6.jpg,Person,311,267,558,570,1280,720
frame_117_6.jpg,Person,731,190,907,298,1280,720
frame_117_7.jpg,Person,2,192,228,570,1280,720
frame_117_7.jpg,Person,734,190,907,298,1280,720
frame_117_7.jpg,Person,465,168,652,310,1280,720
frame_117_7.jpg,Person,311,266,563,570,1280,720
frame_117_8.jpg,Person,5,193,227,569,1280,720
frame_117_8.jpg,Person,465,167,653,310,1280,720
frame_117_8.jpg,Person,738,188,906,297,1280,720
frame_117_8.jpg,Person,311,268,566,570,1280,720
frame_117_9.jpg,Person,465,168,652,311,1280,720
frame_117_9.jpg,Person,5,193,227,570,1280,720
frame_117_9.jpg,Person,738,188,906,297,1280,720
frame_117_9.jpg,Person,311,268,565,570,1280,720
frame_118_0.jpg,Person,458,139,635,369,1280,720
frame_118_1.jpg,Person,458,138,635,370,1280,720
frame_118_10.jpg,Person,466,139,644,370,1280,720
frame_118_11.jpg,Person,468,138,645,369,1280,720
frame_118_12.jpg,Person,470,138,647,369,1280,720
frame_118_13.jpg,Person,472,138,651,370,1280,720
frame_118_14.jpg,Person,474,138,653,369,1280,720
frame_118_15.jpg,Person,476,138,655,370,1280,720
frame_118_16.jpg,Person,478,137,655,370,1280,720
frame_118_17.jpg,Person,479,138,658,370,1280,720
frame_118_18.jpg,Person,481,138,660,370,1280,720
frame_59_50.jpg,Person,293,110,385,275,480,360
frame_59_50.jpg,Person,110,155,184,330,480,360
frame_59_50.jpg,Person,67,86,112,183,480,360
frame_59_50.jpg,Person,61,166,121,292,480,360
frame_59_51.jpg,Person,293,110,383,274,480,360
frame_59_51.jpg,Person,108,157,184,331,480,360
frame_59_51.jpg,Person,69,86,113,183,480,360
frame_59_51.jpg,Person,63,169,119,292,480,360
frame_59_52.jpg,Person,293,109,380,272,480,360
frame_59_52.jpg,Person,107,158,183,331,480,360
frame_59_52.jpg,Person,72,86,114,182,480,360
frame_59_52.jpg,Person,61,170,116,292,480,360
frame_59_53.jpg,Person,293,109,376,271,480,360
frame_59_53.jpg,Person,105,158,182,331,480,360
frame_59_53.jpg,Person,74,86,114,185,480,360
frame_59_53.jpg,Person,61,169,114,292,480,360
frame_59_54.jpg,Person,293,108,374,269,480,360
frame_59_54.jpg,Person,104,158,182,330,480,360
frame_59_54.jpg,Person,75,86,115,181,480,360
frame_59_54.jpg,Person,62,168,114,292,480,360
frame_59_55.jpg,Person,293,107,372,268,480,360
frame_59_55.jpg,Person,103,158,182,330,480,360
frame_59_55.jpg,Person,77,86,117,181,480,360
frame_59_55.jpg,Person,62,168,112,291,480,360
frame_59_56.jpg,Person,101,158,181,330,480,360
frame_59_56.jpg,Person,294,106,370,267,480,360
frame_59_56.jpg,Person,78,87,120,179,480,360
frame_59_56.jpg,Person,62,165,110,291,480,360
frame_59_57.jpg,Person,99,158,180,330,480,360
frame_59_57.jpg,Person,294,104,368,267,480,360
frame_59_57.jpg,Person,79,87,120,175,480,360
frame_59_57.jpg,Person,62,163,109,292,480,360
frame_59_58.jpg,Person,99,159,181,331,480,360
frame_59_58.jpg,Person,294,102,366,267,480,360
frame_59_58.jpg,Person,79,87,121,175,480,360
frame_59_58.jpg,Person,62,161,111,292,480,360
frame_59_59.jpg,Person,97,157,180,330,480,360
frame_59_59.jpg,Person,294,102,364,267,480,360
frame_59_59.jpg,Person,80,87,121,174,480,360
frame_59_59.jpg,Person,62,159,106,292,480,360
frame_59_6.jpg,Person,77,165,161,338,480,360
frame_59_6.jpg,Person,39,96,93,234,480,360
frame_59_6.jpg,Person,118,115,182,285,480,360
frame_59_6.jpg,Person,0,182,26,284,480,360
frame_59_7.jpg,Person,76,164,159,338,480,360
frame_59_7.jpg,Person,38,96,92,234,480,360
frame_59_7.jpg,Person,120,115,181,285,480,360
frame_59_7.jpg,Person,0,182,26,284,480,360
frame_59_8.jpg,Person,77,163,159,339,480,360
frame_59_8.jpg,Person,38,96,92,234,480,360
frame_59_8.jpg,Person,124,115,182,286,480,360
frame_59_8.jpg,Person,0,182,26,283,480,360
frame_59_9.jpg,Person,77,162,158,338,480,360
frame_59_9.jpg,Person,38,97,92,235,480,360
frame_59_9.jpg,Person,125,115,183,286,480,360
frame_59_9.jpg,Person,0,182,26,283,480,360
frame_5_0.jpg,Person,162,121,283,236,426,240
frame_5_1.jpg,Person,162,121,283,236,426,240
frame_5_10.jpg,Person,153,120,275,236,426,240
frame_27_22.jpg,Person,365,104,388,144,640,360
frame_27_22.jpg,Person,262,84,289,147,640,360
frame_27_22.jpg,Person,178,196,247,315,640,360
frame_27_22.jpg,Person,243,184,276,224,640,360
frame_27_22.jpg,Person,226,184,276,225,640,360
frame_27_23.jpg,Person,365,104,388,144,640,360
frame_27_23.jpg,Person,263,85,289,146,640,360
frame_27_23.jpg,Person,243,183,276,224,640,360
frame_27_23.jpg,Person,180,196,248,315,640,360
frame_27_24.jpg,Person,365,105,388,144,640,360
frame_27_24.jpg,Person,265,80,289,146,640,360
frame_27_24.jpg,Person,242,183,276,224,640,360
frame_27_24.jpg,Person,208,197,253,258,640,360
frame_27_3.jpg,Person,356,91,378,146,640,360
frame_27_3.jpg,Person,252,86,269,145,640,360
frame_27_3.jpg,Person,193,189,239,343,640,360
frame_27_3.jpg,Person,244,184,276,223,640,360
frame_27_30.jpg,Person,368,104,391,143,640,360
frame_27_30.jpg,Person,276,77,290,144,640,360
frame_27_30.jpg,Person,243,183,276,224,640,360
frame_27_30.jpg,Person,161,211,217,339,640,360
frame_27_31.jpg,Person,368,104,391,143,640,360
frame_27_31.jpg,Person,276,77,290,144,640,360
frame_27_31.jpg,Person,244,183,276,224,640,360
frame_27_31.jpg,Person,161,211,216,339,640,360
frame_27_32.jpg,Person,368,105,391,144,640,360
frame_27_32.jpg,Person,276,77,290,144,640,360
frame_27_32.jpg,Person,244,183,276,224,640,360
frame_27_32.jpg,Person,161,211,217,339,640,360
frame_27_37.jpg,Person,371,109,394,144,640,360
frame_27_37.jpg,Person,279,76,302,143,640,360
frame_21_42.jpg,Person,170,1,287,196,640,314
frame_21_42.jpg,Person,344,86,608,264,640,314
frame_21_43.jpg,Person,170,1,287,196,640,314
frame_21_43.jpg,Person,343,86,606,264,640,314
frame_21_43.jpg,Person,39,0,197,308,640,314
frame_21_44.jpg,Person,343,88,607,264,640,314
frame_21_45.jpg,Person,342,87,606,264,640,314
frame_21_46.jpg,Person,343,87,607,265,640,314
frame_21_46.jpg,Person,7,0,275,305,640,314
frame_21_47.jpg,Person,342,89,607,265,640,314
frame_21_47.jpg,Person,70,0,264,87,640,314
frame_21_47.jpg,Person,49,0,293,299,640,314
frame_21_48.jpg,Person,344,88,607,265,640,314
frame_21_48.jpg,Person,65,0,259,94,640,314
frame_21_48.jpg,Person,56,0,335,302,640,314
frame_21_49.jpg,Person,343,89,606,265,640,314
frame_21_49.jpg,Person,64,0,259,94,640,314
frame_21_5.jpg,Person,253,1,416,249,640,314
frame_21_5.jpg,Person,172,0,270,208,640,314
frame_21_5.jpg,Person,19,0,182,306,640,314
frame_21_50.jpg,Person,50,0,253,166,640,314
frame_21_51.jpg,Person,50,0,253,168,640,314
frame_21_51.jpg,Person,413,91,608,232,640,314
frame_21_52.jpg,Person,52,0,254,166,640,314
frame_21_52.jpg,Person,413,90,609,229,640,314
frame_21_53.jpg,Person,46,0,248,176,640,314
frame_21_54.jpg,Person,33,0,238,302,640,314
frame_21_54.jpg,Person,256,93,609,277,640,314
frame_21_55.jpg,Person,36,0,237,302,640,314
frame_21_55.jpg,Person,256,93,609,279,640,314
frame_21_56.jpg,Person,259,99,601,298,640,314
frame_21_56.jpg,Person,30,0,231,220,640,314
frame_21_57.jpg,Person,259,100,600,296,640,314
frame_21_57.jpg,Person,32,0,231,218,640,314
frame_21_58.jpg,Person,258,97,601,295,640,314
frame_21_58.jpg,Person,32,0,231,220,640,314
frame_21_59.jpg,Person,33,0,227,296,640,314
frame_21_59.jpg,Person,250,107,588,308,640,314
frame_21_6.jpg,Person,252,1,415,249,640,314
frame_21_6.jpg,Person,172,0,270,208,640,314
frame_21_6.jpg,Person,19,0,182,306,640,314
frame_21_60.jpg,Person,23,0,227,300,640,314
frame_21_61.jpg,Person,24,0,229,296,640,314
frame_91_27.jpg,Person,197,167,216,210,320,240
frame_91_27.jpg,Person,205,112,216,144,320,240
frame_91_27.jpg,Person,183,163,197,202,320,240
frame_91_28.jpg,Person,199,166,217,210,320,240
frame_91_28.jpg,Person,206,111,219,144,320,240
frame_91_28.jpg,Person,184,163,198,201,320,240
frame_91_28.jpg,Person,180,145,192,182,320,240
frame_91_29.jpg,Person,200,165,218,210,320,240
frame_91_29.jpg,Person,206,112,222,144,320,240
frame_91_29.jpg,Person,186,161,199,201,320,240
frame_91_29.jpg,Person,182,145,192,181,320,240
frame_91_3.jpg,Person,181,128,198,166,320,240
frame_91_3.jpg,Person,147,161,161,198,320,240
frame_91_3.jpg,Person,170,183,186,217,320,240
frame_91_3.jpg,Person,156,180,174,220,320,240
frame_91_30.jpg,Person,199,165,218,209,320,240
frame_91_30.jpg,Person,207,111,223,143,320,240
frame_91_30.jpg,Person,185,160,199,201,320,240
frame_91_30.jpg,Person,182,145,192,181,320,240
frame_91_31.jpg,Person,201,164,218,207,320,240
frame_91_31.jpg,Person,207,110,222,143,320,240
frame_91_31.jpg,Person,187,160,200,201,320,240
frame_91_31.jpg,Person,182,144,193,180,320,240
frame_91_32.jpg,Person,201,163,219,205,320,240
frame_91_32.jpg,Person,207,110,222,143,320,240
frame_91_32.jpg,Person,188,159,202,200,320,240
frame_91_32.jpg,Person,183,144,199,180,320,240
frame_91_33.jpg,Person,202,163,219,203,320,240
frame_91_33.jpg,Person,208,109,223,143,320,240
frame_91_33.jpg,Person,188,158,202,200,320,240
frame_91_33.jpg,Person,183,143,197,180,320,240
frame_91_34.jpg,Person,203,161,220,200,320,240
frame_91_34.jpg,Person,185,157,203,200,320,240
frame_91_34.jpg,Person,212,108,224,141,320,240
frame_91_34.jpg,Person,184,142,199,178,320,240
frame_91_35.jpg,Person,204,162,223,202,320,240
frame_91_35.jpg,Person,214,108,225,141,320,240
frame_91_35.jpg,Person,189,157,205,199,320,240
frame_91_35.jpg,Person,186,141,199,176,320,240
frame_91_36.jpg,Person,204,160,225,201,320,240
frame_91_36.jpg,Person,213,108,226,140,320,240
frame_91_36.jpg,Person,188,156,205,197,320,240
frame_91_36.jpg,Person,190,141,200,163,320,240
frame_91_37.jpg,Person,205,160,226,201,320,240
frame_91_37.jpg,Person,213,107,228,140,320,240
frame_91_37.jpg,Person,191,155,206,195,320,240
frame_91_37.jpg,Person,189,140,201,168,320,240
frame_91_4.jpg,Person,183,127,199,165,320,240
frame_91_4.jpg,Person,146,161,161,199,320,240
frame_91_4.jpg,Person,172,181,189,220,320,240
frame_91_4.jpg,Person,160,180,174,212,320,240
frame_91_5.jpg,Person,183,126,199,162,320,240
frame_91_5.jpg,Person,147,160,162,198,320,240
frame_91_5.jpg,Person,161,178,176,211,320,240
frame_91_5.jpg,Person,173,180,188,214,320,240
frame_91_5.jpg,Person,173,180,190,221,320,240
frame_91_6.jpg,Person,183,125,198,161,320,240
frame_91_6.jpg,Person,148,160,163,198,320,240
frame_91_6.jpg,Person,174,180,190,214,320,240
frame_91_6.jpg,Person,162,179,175,211,320,240
frame_91_7.jpg,Person,187,123,198,158,320,240
frame_91_7.jpg,Person,175,179,191,219,320,240
frame_91_7.jpg,Person,152,160,165,196,320,240
frame_91_7.jpg,Person,165,178,177,211,320,240
frame_91_8.jpg,Person,188,124,199,158,320,240
frame_91_8.jpg,Person,177,178,192,216,320,240
frame_91_8.jpg,Person,165,177,178,212,320,240
frame_91_9.jpg,Person,189,122,200,157,320,240
frame_91_9.jpg,Person,177,178,192,216,320,240
frame_91_9.jpg,Person,165,176,178,211,320,240
frame_91_9.jpg,Person,158,159,167,195,320,240
frame_92_0.jpg,Person,136,35,169,144,636,360
frame_92_0.jpg,Person,78,66,109,161,636,360
frame_92_0.jpg,Person,53,43,69,83,636,360
frame_92_0.jpg,Person,79,0,93,38,636,360
frame_92_0.jpg,Person,66,40,96,103,636,360
frame_92_1.jpg,Person,134,34,167,143,636,360
frame_92_1.jpg,Person,73,70,108,156,636,360
frame_92_1.jpg,Person,50,45,68,85,636,360
frame_92_10.jpg,Person,118,32,148,127,636,360
frame_92_10.jpg,Person,76,54,100,140,636,360
frame_92_10.jpg,Person,79,2,93,38,636,360
frame_92_11.jpg,Person,74,52,100,141,636,360
frame_92_11.jpg,Person,113,29,146,127,636,360
frame_92_12.jpg,Person,72,55,100,138,636,360
frame_92_12.jpg,Person,113,24,147,126,636,360
frame_92_13.jpg,Person,70,52,100,138,636,360
frame_92_13.jpg,Person,111,21,146,125,636,360
frame_92_13.jpg,Person,449,0,634,352,636,360
frame_92_14.jpg,Person,70,52,99,142,636,360
frame_92_14.jpg,Person,111,23,145,124,636,360
frame_92_15.jpg,Person,68,49,100,143,636,360
frame_92_15.jpg,Person,109,26,142,116,636,360
frame_92_16.jpg,Person,72,50,100,139,636,360
frame_92_16.jpg,Person,106,28,140,118,636,360
frame_92_17.jpg,Person,65,51,99,135,636,360
frame_92_17.jpg,Person,451,0,635,352,636,360
frame_92_17.jpg,Person,105,33,131,111,636,360
frame_92_18.jpg,Person,69,51,99,129,636,360
frame_92_18.jpg,Person,451,0,635,351,636,360
frame_92_18.jpg,Person,51,65,69,100,636,360
frame_92_18.jpg,Person,80,1,93,35,636,360
frame_92_19.jpg,Person,68,51,98,124,636,360
frame_92_19.jpg,Person,102,28,127,109,636,360
frame_92_19.jpg,Person,36,45,69,101,636,360
frame_92_19.jpg,Person,451,1,634,352,636,360
frame_1_59.jpg,Person,139,94,208,247,480,360
frame_1_59.jpg,Person,48,156,108,278,480,360
frame_1_59.jpg,Person,3,61,56,175,480,360
frame_1_59.jpg,Person,48,156,118,322,480,360
frame_1_59.jpg,Person,18,64,57,171,480,360
frame_1_6.jpg,Person,96,61,150,192,480,360
frame_1_6.jpg,Person,9,67,53,180,480,360
frame_1_6.jpg,Person,40,73,83,180,480,360
frame_1_60.jpg,Person,144,94,209,247,480,360
frame_1_60.jpg,Person,15,63,56,172,480,360
frame_1_60.jpg,Person,44,150,105,271,480,360
frame_1_60.jpg,Person,4,52,56,173,480,360
frame_1_61.jpg,Person,144,94,209,247,480,360
frame_1_61.jpg,Person,15,63,56,172,480,360
frame_1_61.jpg,Person,44,150,105,271,480,360
frame_1_62.jpg,Person,147,96,213,248,480,360
frame_1_62.jpg,Person,40,142,101,264,480,360
frame_1_62.jpg,Person,10,45,52,170,480,360
frame_1_63.jpg,Person,147,96,213,248,480,360
frame_1_63.jpg,Person,40,142,101,264,480,360
frame_1_63.jpg,Person,5,43,52,170,480,360
frame_1_64.jpg,Person,150,98,216,255,480,360
frame_1_64.jpg,Person,40,137,183,355,480,360
frame_1_64.jpg,Person,9,45,51,170,480,360
frame_1_64.jpg,Person,41,137,98,258,480,360
frame_1_65.jpg,Person,150,98,216,255,480,360
frame_1_65.jpg,Person,11,48,51,170,480,360
frame_1_65.jpg,Person,41,137,98,258,480,360
frame_1_65.jpg,Person,41,136,183,355,480,360
frame_1_66.jpg,Person,153,99,218,268,480,360
frame_1_66.jpg,Person,38,133,186,355,480,360
frame_1_66.jpg,Person,2,43,50,169,480,360
frame_1_67.jpg,Person,153,99,218,269,480,360
frame_1_67.jpg,Person,38,133,186,355,480,360
frame_1_67.jpg,Person,2,43,50,169,480,360
frame_1_68.jpg,Person,155,102,221,278,480,360
frame_1_68.jpg,Person,72,198,188,357,480,360
frame_1_68.jpg,Person,35,128,90,251,480,360
frame_1_68.jpg,Person,1,45,48,169,480,360
frame_1_69.jpg,Person,155,102,221,278,480,360
frame_1_69.jpg,Person,72,198,188,357,480,360
frame_1_69.jpg,Person,35,129,90,252,480,360
frame_1_69.jpg,Person,2,45,48,168,480,360
frame_1_7.jpg,Person,95,61,150,192,480,360
frame_1_7.jpg,Person,9,67,53,180,480,360
frame_1_7.jpg,Person,42,75,83,180,480,360
frame_1_70.jpg,Person,157,104,223,281,480,360
frame_1_70.jpg,Person,66,183,182,356,480,360
frame_1_70.jpg,Person,36,124,90,282,480,360
frame_1_70.jpg,Person,4,47,45,165,480,360
frame_1_70.jpg,Person,36,123,88,236,480,360
frame_1_71.jpg,Person,157,104,223,281,480,360
frame_1_71.jpg,Person,66,184,182,356,480,360
frame_1_71.jpg,Person,36,123,89,281,480,360
frame_1_71.jpg,Person,4,48,45,165,480,360
frame_1_71.jpg,Person,37,123,89,236,480,360
frame_1_72.jpg,Person,159,106,225,282,480,360
frame_1_72.jpg,Person,59,169,173,354,480,360
frame_1_72.jpg,Person,34,117,86,231,480,360
frame_1_72.jpg,Person,6,57,42,164,480,360
frame_1_73.jpg,Person,159,106,225,282,480,360
frame_1_73.jpg,Person,34,117,86,231,480,360
frame_1_73.jpg,Person,59,169,173,354,480,360
frame_1_73.jpg,Person,5,59,42,165,480,360
frame_1_74.jpg,Person,161,108,227,282,480,360
frame_1_74.jpg,Person,57,159,163,347,480,360
frame_1_74.jpg,Person,29,113,82,226,480,360
frame_1_75.jpg,Person,161,108,227,282,480,360
frame_1_75.jpg,Person,57,159,163,347,480,360
frame_1_75.jpg,Person,29,113,82,226,480,360
frame_16_21.jpg,Person,156,55,186,116,640,360
frame_16_21.jpg,Person,498,92,563,200,640,360
frame_16_21.jpg,Person,524,190,626,319,640,360
frame_16_21.jpg,Person,220,123,266,188,640,360
frame_16_21.jpg,Person,406,70,463,183,640,360
frame_16_21.jpg,Person,34,97,107,204,640,360
frame_16_21.jpg,Person,34,97,71,163,640,360
frame_16_21.jpg,Person,393,85,418,168,640,360
frame_16_21.jpg,Person,59,87,102,154,640,360
frame_16_22.jpg,Person,156,55,186,116,640,360
frame_16_22.jpg,Person,499,92,563,200,640,360
frame_16_22.jpg,Person,406,70,463,184,640,360
frame_16_22.jpg,Person,220,123,266,188,640,360
frame_16_22.jpg,Person,524,190,628,320,640,360
frame_16_22.jpg,Person,393,86,418,168,640,360
frame_16_22.jpg,Person,34,97,71,163,640,360
frame_16_22.jpg,Person,59,87,102,154,640,360
frame_16_23.jpg,Person,44,87,108,204,640,360
frame_16_23.jpg,Person,498,92,562,199,640,360
frame_16_23.jpg,Person,156,57,186,117,640,360
frame_16_23.jpg,Person,220,123,266,188,640,360
frame_16_23.jpg,Person,35,91,68,160,640,360
frame_16_23.jpg,Person,393,86,417,168,640,360
frame_16_23.jpg,Person,407,70,463,183,640,360
frame_16_23.jpg,Person,429,69,463,175,640,360
frame_16_24.jpg,Person,498,92,562,199,640,360
frame_16_24.jpg,Person,156,57,186,117,640,360
frame_16_24.jpg,Person,44,90,108,204,640,360
frame_16_24.jpg,Person,220,123,266,188,640,360
frame_16_24.jpg,Person,406,70,463,183,640,360
frame_16_24.jpg,Person,35,91,68,160,640,360
frame_16_24.jpg,Person,393,86,417,167,640,360
frame_16_25.jpg,Person,156,55,185,117,640,360
frame_16_25.jpg,Person,498,92,562,199,640,360
frame_16_25.jpg,Person,219,123,266,189,640,360
frame_16_25.jpg,Person,407,70,462,183,640,360
frame_16_25.jpg,Person,393,86,416,167,640,360
frame_16_25.jpg,Person,40,144,108,201,640,360
frame_16_25.jpg,Person,526,191,608,321,640,360
frame_16_26.jpg,Person,41,145,107,203,640,360
frame_16_26.jpg,Person,156,55,185,117,640,360
frame_16_26.jpg,Person,219,123,266,189,640,360
frame_16_26.jpg,Person,407,70,462,183,640,360
frame_16_26.jpg,Person,498,92,562,199,640,360
frame_16_26.jpg,Person,526,191,605,321,640,360
frame_16_26.jpg,Person,393,86,417,168,640,360
frame_16_26.jpg,Person,57,88,105,156,640,360
frame_16_27.jpg,Person,155,55,186,116,640,360
frame_16_27.jpg,Person,527,189,595,320,640,360
frame_16_27.jpg,Person,218,123,266,189,640,360
frame_16_27.jpg,Person,498,92,562,199,640,360
frame_16_27.jpg,Person,406,76,462,184,640,360
frame_16_27.jpg,Person,393,85,415,168,640,360
frame_16_27.jpg,Person,39,143,107,206,640,360
frame_16_28.jpg,Person,527,189,594,320,640,360
frame_16_28.jpg,Person,155,55,186,116,640,360
frame_16_28.jpg,Person,219,122,266,188,640,360
frame_16_28.jpg,Person,406,76,461,183,640,360
frame_16_28.jpg,Person,498,92,562,199,640,360
frame_16_28.jpg,Person,393,85,415,168,640,360
frame_16_28.jpg,Person,39,143,106,206,640,360
frame_16_29.jpg,Person,156,55,185,116,640,360
frame_16_29.jpg,Person,522,188,585,323,640,360
frame_16_29.jpg,Person,218,122,265,188,640,360
frame_16_29.jpg,Person,499,93,563,199,640,360
frame_16_29.jpg,Person,406,76,461,184,640,360
frame_16_29.jpg,Person,392,83,414,168,640,360
frame_16_29.jpg,Person,36,98,107,204,640,360
frame_16_3.jpg,Person,150,55,185,117,640,360
frame_16_3.jpg,Person,500,90,556,206,640,360
frame_16_3.jpg,Person,401,79,462,184,640,360
frame_16_3.jpg,Person,31,102,84,190,640,360
frame_16_3.jpg,Person,220,124,264,186,640,360
frame_16_30.jpg,Person,157,55,186,116,640,360
frame_16_30.jpg,Person,218,122,265,188,640,360
frame_16_30.jpg,Person,406,76,462,184,640,360
frame_16_30.jpg,Person,525,188,585,321,640,360
frame_16_30.jpg,Person,499,93,563,199,640,360
frame_16_30.jpg,Person,37,96,107,203,640,360
frame_16_30.jpg,Person,392,85,415,169,640,360
frame_16_31.jpg,Person,157,55,186,116,640,360
frame_16_31.jpg,Person,35,134,107,203,640,360
frame_16_31.jpg,Person,218,123,266,189,640,360
frame_16_31.jpg,Person,406,76,462,184,640,360
frame_16_31.jpg,Person,499,93,563,198,640,360
frame_16_32.jpg,Person,157,55,186,116,640,360
frame_16_32.jpg,Person,35,134,107,203,640,360
frame_16_32.jpg,Person,217,122,264,187,640,360
frame_16_32.jpg,Person,406,76,462,184,640,360
frame_16_32.jpg,Person,499,93,562,199,640,360
frame_16_32.jpg,Person,392,85,414,169,640,360
frame_16_33.jpg,Person,157,55,186,116,640,360
frame_16_33.jpg,Person,219,122,265,187,640,360
frame_16_33.jpg,Person,406,76,461,184,640,360
frame_16_33.jpg,Person,499,93,563,199,640,360
frame_16_33.jpg,Person,37,125,107,204,640,360
frame_16_34.jpg,Person,158,55,186,116,640,360
frame_16_34.jpg,Person,219,123,265,189,640,360
frame_16_34.jpg,Person,501,193,564,321,640,360
frame_16_34.jpg,Person,405,76,462,184,640,360
frame_16_34.jpg,Person,499,93,563,199,640,360
frame_16_34.jpg,Person,30,130,97,212,640,360
frame_16_36.jpg,Person,158,55,186,116,640,360
frame_16_36.jpg,Person,219,123,264,188,640,360
frame_16_36.jpg,Person,406,76,462,184,640,360
frame_16_36.jpg,Person,493,192,552,319,640,360
frame_16_36.jpg,Person,499,93,563,199,640,360
frame_16_36.jpg,Person,30,121,88,202,640,360
frame_16_36.jpg,Person,38,119,102,200,640,360
frame_16_36.jpg,Person,392,85,415,169,640,360
frame_29_30.jpg,Person,353,3,402,119,640,360
frame_29_30.jpg,Person,239,0,273,73,640,360
frame_29_31.jpg,Person,357,2,417,126,640,360
frame_29_31.jpg,Person,242,0,274,73,640,360
frame_29_32.jpg,Person,363,0,428,133,640,360
frame_29_32.jpg,Person,244,0,278,73,640,360
frame_29_33.jpg,Person,372,2,439,142,640,360
frame_29_33.jpg,Person,243,1,282,74,640,360
frame_29_34.jpg,Person,396,15,464,151,640,360
frame_29_34.jpg,Person,249,0,290,76,640,360
frame_29_35.jpg,Person,402,19,485,150,640,360
frame_29_35.jpg,Person,251,0,296,79,640,360
frame_29_36.jpg,Person,415,18,497,154,640,360
frame_29_36.jpg,Person,264,1,299,80,640,360
frame_29_37.jpg,Person,427,21,511,172,640,360
frame_29_37.jpg,Person,268,0,310,86,640,360
frame_29_38.jpg,Person,445,27,542,187,640,360
frame_29_38.jpg,Person,276,1,316,89,640,360
frame_29_39.jpg,Person,478,34,551,196,640,360
frame_29_39.jpg,Person,286,2,319,89,640,360
frame_29_40.jpg,Person,284,0,321,89,640,360
frame_29_40.jpg,Person,496,33,565,198,640,360
frame_29_41.jpg,Person,514,42,591,199,640,360
frame_29_41.jpg,Person,289,0,327,90,640,360
frame_29_42.jpg,Person,296,0,344,94,640,360
frame_29_43.jpg,Person,300,0,353,103,640,360
frame_29_43.jpg,Person,533,56,639,228,640,360
frame_29_44.jpg,Person,309,0,357,106,640,360
frame_29_45.jpg,Person,314,1,359,108,640,360
frame_29_46.jpg,Person,320,1,380,109,640,360
frame_29_47.jpg,Person,325,0,389,111,640,360
frame_2_0.jpg,Person,24,256,124,354,480,360
frame_2_0.jpg,Person,68,154,181,326,480,360
frame_2_0.jpg,Person,385,35,444,210,480,360
frame_2_0.jpg,Person,0,275,30,334,480,360
frame_2_0.jpg,Person,80,0,142,126,480,360
frame_2_0.jpg,Person,88,121,154,193,480,360
frame_2_0.jpg,Person,89,121,140,168,480,360
frame_2_1.jpg,Person,68,151,181,326,480,360
frame_2_1.jpg,Person,386,33,448,210,480,360
frame_2_1.jpg,Person,17,253,122,353,480,360
frame_2_1.jpg,Person,87,118,153,194,480,360
frame_2_1.jpg,Person,0,276,28,334,480,360
frame_2_10.jpg,Person,69,158,182,326,480,360
frame_2_10.jpg,Person,87,119,149,180,480,360
frame_2_10.jpg,Person,387,36,443,209,480,360
frame_2_10.jpg,Person,0,273,28,334,480,360
frame_2_10.jpg,Person,15,250,119,353,480,360
frame_2_11.jpg,Person,69,158,182,326,480,360
frame_2_11.jpg,Person,87,119,149,180,480,360
frame_2_11.jpg,Person,387,35,443,208,480,360
frame_2_11.jpg,Person,0,273,28,334,480,360
frame_2_11.jpg,Person,15,250,119,352,480,360
frame_2_12.jpg,Person,69,161,183,327,480,360
frame_2_12.jpg,Person,385,33,444,209,480,360
frame_2_12.jpg,Person,0,275,28,335,480,360
frame_2_12.jpg,Person,85,120,152,190,480,360
frame_2_13.jpg,Person,68,152,183,325,480,360
frame_2_13.jpg,Person,385,35,447,209,480,360
frame_2_13.jpg,Person,0,273,28,335,480,360
frame_2_13.jpg,Person,86,120,142,187,480,360
frame_2_13.jpg,Person,87,120,139,166,480,360
frame_2_14.jpg,Person,68,153,183,326,480,360
frame_2_14.jpg,Person,385,33,447,208,480,360
frame_2_14.jpg,Person,0,273,28,335,480,360
frame_2_14.jpg,Person,86,120,142,187,480,360
frame_2_15.jpg,Person,68,152,183,325,480,360
frame_2_15.jpg,Person,385,33,446,208,480,360
frame_2_15.jpg,Person,0,273,28,335,480,360
frame_2_15.jpg,Person,86,120,141,188,480,360
frame_2_16.jpg,Person,68,152,183,329,480,360
frame_2_16.jpg,Person,87,120,139,166,480,360
frame_2_16.jpg,Person,382,34,448,209,480,360
frame_2_16.jpg,Person,12,249,109,355,480,360
frame_2_16.jpg,Person,386,57,432,208,480,360
frame_2_16.jpg,Person,0,273,28,335,480,360
frame_2_17.jpg,Person,386,81,433,207,480,360
frame_2_17.jpg,Person,68,152,183,337,480,360
frame_2_17.jpg,Person,12,249,113,352,480,360
frame_40_7.jpg,Person,601,187,781,610,1280,720
frame_40_8.jpg,Person,601,187,781,610,1280,720
frame_40_9.jpg,Person,600,187,781,610,1280,720
frame_41_0.jpg,Person,651,336,888,705,1280,720
frame_41_1.jpg,Person,651,336,889,707,1280,720
frame_41_10.jpg,Person,625,282,908,696,1280,720
frame_41_11.jpg,Person,626,250,911,700,1280,720
frame_41_12.jpg,Person,625,249,909,713,1280,720
frame_41_13.jpg,Person,624,249,909,713,1280,720
frame_41_14.jpg,Person,624,249,909,713,1280,720
frame_41_15.jpg,Person,614,236,896,698,1280,720
frame_41_16.jpg,Person,614,235,896,705,1280,720
frame_41_17.jpg,Person,612,232,897,711,1280,720
frame_41_18.jpg,Person,612,232,897,711,1280,720
frame_41_19.jpg,Person,612,232,898,710,1280,720
frame_41_20.jpg,Person,596,212,933,714,1280,720
frame_41_21.jpg,Person,596,212,934,714,1280,720
frame_41_22.jpg,Person,596,212,934,714,1280,720
frame_41_23.jpg,Person,596,212,934,714,1280,720
frame_41_24.jpg,Person,551,191,891,708,1280,720
frame_41_25.jpg,Person,552,193,892,711,1280,720
frame_9_0.jpg,Person,266,254,444,475,848,480
frame_9_0.jpg,Person,391,78,447,194,848,480
frame_9_0.jpg,Person,356,190,467,399,848,480
frame_9_0.jpg,Person,354,194,463,475,848,480
frame_9_0.jpg,Person,385,76,447,227,848,480
frame_9_0.jpg,Person,379,65,425,132,848,480
frame_9_1.jpg,Person,274,249,450,476,848,480
frame_9_1.jpg,Person,355,184,467,472,848,480
frame_9_1.jpg,Person,388,77,446,227,848,480
frame_9_1.jpg,Person,354,184,466,382,848,480
frame_9_1.jpg,Person,391,79,445,190,848,480
frame_9_1.jpg,Person,378,63,425,133,848,480
frame_9_10.jpg,Person,294,225,461,476,848,480
frame_9_10.jpg,Person,367,170,461,340,848,480
frame_9_10.jpg,Person,376,63,421,174,848,480
frame_9_10.jpg,Person,399,75,440,211,848,480
frame_9_11.jpg,Person,295,223,460,476,848,480
frame_9_11.jpg,Person,373,171,461,340,848,480
frame_9_11.jpg,Person,377,63,421,175,848,480
frame_9_11.jpg,Person,400,74,440,211,848,480
frame_9_12.jpg,Person,296,222,458,476,848,480
frame_9_12.jpg,Person,371,169,461,340,848,480
frame_9_12.jpg,Person,399,74,438,212,848,480
frame_9_12.jpg,Person,376,62,443,214,848,480
frame_9_12.jpg,Person,376,63,420,175,848,480
frame_107_56.jpg,Person,493,203,763,589,1280,720
frame_107_56.jpg,Person,1132,112,1277,605,1280,720
frame_107_56.jpg,Person,461,150,544,382,1280,720
frame_107_56.jpg,Person,609,20,769,221,1280,720
frame_107_56.jpg,Person,559,137,680,253,1280,720
frame_107_57.jpg,Person,1131,100,1262,556,1280,720
frame_107_57.jpg,Person,614,19,747,222,1280,720
frame_107_57.jpg,Person,494,203,763,588,1280,720
frame_107_57.jpg,Person,462,151,545,381,1280,720
frame_107_57.jpg,Person,558,138,655,234,1280,720
frame_107_57.jpg,Person,960,19,979,43,1280,720
frame_107_57.jpg,Person,559,138,683,255,1280,720
frame_107_58.jpg,Person,1104,82,1247,536,1280,720
frame_107_58.jpg,Person,618,21,753,223,1280,720
frame_107_58.jpg,Person,488,205,762,589,1280,720
frame_107_58.jpg,Person,462,151,544,381,1280,720
frame_107_58.jpg,Person,559,137,663,238,1280,720
frame_107_58.jpg,Person,958,19,980,43,1280,720
frame_107_59.jpg,Person,1104,82,1248,536,1280,720
frame_107_59.jpg,Person,618,21,753,222,1280,720
frame_107_59.jpg,Person,491,205,762,589,1280,720
frame_107_59.jpg,Person,463,151,545,381,1280,720
frame_107_59.jpg,Person,558,137,663,238,1280,720
frame_107_59.jpg,Person,957,19,980,43,1280,720
frame_107_6.jpg,Person,453,268,807,711,1280,720
frame_107_6.jpg,Person,470,170,552,287,1280,720
frame_107_6.jpg,Person,567,158,686,312,1280,720
frame_107_6.jpg,Person,518,19,619,152,1280,720
frame_107_6.jpg,Person,1122,19,1168,123,1280,720
frame_107_6.jpg,Person,1053,19,1104,124,1280,720
frame_107_6.jpg,Person,517,220,623,312,1280,720
frame_107_7.jpg,Person,450,271,813,713,1280,720
frame_107_7.jpg,Person,526,19,622,153,1280,720
frame_107_7.jpg,Person,470,168,552,279,1280,720
frame_107_7.jpg,Person,568,156,687,314,1280,720
frame_107_7.jpg,Person,1047,20,1106,123,1280,720
frame_107_7.jpg,Person,1112,19,1166,119,1280,720
frame_107_7.jpg,Person,494,218,623,308,1280,720
frame_107_8.jpg,Person,568,154,688,314,1280,720
frame_107_8.jpg,Person,468,167,551,277,1280,720
frame_107_8.jpg,Person,449,264,801,711,1280,720
frame_107_8.jpg,Person,525,19,620,152,1280,720
frame_107_8.jpg,Person,1113,20,1165,118,1280,720
frame_107_8.jpg,Person,1041,19,1104,120,1280,720
frame_107_8.jpg,Person,513,216,622,307,1280,720
frame_107_9.jpg,Person,451,267,796,710,1280,720
frame_107_9.jpg,Person,1033,18,1104,121,1280,720
frame_107_9.jpg,Person,567,153,687,314,1280,720
frame_107_9.jpg,Person,469,166,550,271,1280,720
frame_107_9.jpg,Person,1108,19,1160,114,1280,720
frame_107_9.jpg,Person,528,19,621,150,1280,720
frame_107_9.jpg,Person,500,216,623,303,1280,720
frame_108_0.jpg,Person,309,83,393,287,640,360
frame_108_0.jpg,Person,414,66,439,188,640,360
frame_108_0.jpg,Person,44,138,89,276,640,360
frame_108_0.jpg,Person,45,178,88,276,640,360
frame_108_1.jpg,Person,308,81,391,282,640,360
frame_108_1.jpg,Person,414,63,439,187,640,360
frame_108_1.jpg,Person,43,177,87,275,640,360
frame_108_1.jpg,Person,43,138,89,274,640,360
frame_108_10.jpg,Person,416,55,442,182,640,360
frame_108_10.jpg,Person,309,79,384,263,640,360
frame_108_10.jpg,Person,43,171,84,269,640,360
frame_108_10.jpg,Person,41,134,85,269,640,360
frame_108_11.jpg,Person,415,55,441,182,640,360
frame_108_11.jpg,Person,309,79,383,263,640,360
frame_108_11.jpg,Person,41,141,84,270,640,360
frame_108_12.jpg,Person,414,57,440,182,640,360
frame_108_12.jpg,Person,308,82,382,263,640,360
frame_108_12.jpg,Person,39,177,83,271,640,360
frame_108_12.jpg,Person,38,136,84,272,640,360
frame_108_13.jpg,Person,413,57,438,182,640,360
frame_108_13.jpg,Person,310,80,382,263,640,360
frame_108_13.jpg,Person,39,135,84,271,640,360
frame_108_14.jpg,Person,413,58,438,183,640,360
frame_108_14.jpg,Person,309,77,383,269,640,360
frame_108_14.jpg,Person,39,162,83,272,640,360
frame_108_15.jpg,Person,413,58,438,183,640,360
frame_108_15.jpg,Person,309,78,383,268,640,360
frame_108_15.jpg,Person,39,164,83,272,640,360
frame_108_16.jpg,Person,413,58,438,183,640,360
frame_108_16.jpg,Person,311,80,382,267,640,360
frame_108_16.jpg,Person,39,159,83,272,640,360
frame_108_17.jpg,Person,413,58,438,183,640,360
frame_108_17.jpg,Person,316,81,382,264,640,360
frame_108_17.jpg,Person,37,134,82,272,640,360
frame_108_18.jpg,Person,413,58,438,183,640,360
frame_108_18.jpg,Person,314,79,383,270,640,360
frame_108_18.jpg,Person,37,159,82,272,640,360
frame_108_19.jpg,Person,413,58,438,183,640,360
frame_108_19.jpg,Person,316,81,384,271,640,360
frame_108_19.jpg,Person,37,169,82,273,640,360
frame_108_19.jpg,Person,36,127,83,272,640,360
frame_140_6.jpg,Person,1036,382,1199,717,1280,720
frame_140_6.jpg,Person,252,93,290,183,1280,720
frame_140_7.jpg,Person,1042,377,1199,715,1280,720
frame_98_16.jpg,Person,291,179,335,267,450,360
frame_98_16.jpg,Person,217,179,250,231,450,360
frame_98_16.jpg,Person,89,69,102,110,450,360
frame_98_16.jpg,Person,186,90,204,137,450,360
frame_98_16.jpg,Person,69,74,81,102,450,360
frame_98_17.jpg,Person,291,180,334,267,450,360
frame_98_17.jpg,Person,89,69,102,110,450,360
frame_98_17.jpg,Person,217,178,251,232,450,360
frame_98_17.jpg,Person,186,90,204,137,450,360
frame_98_17.jpg,Person,69,74,81,102,450,360
frame_98_18.jpg,Person,288,178,333,278,450,360
frame_98_18.jpg,Person,89,69,103,110,450,360
frame_98_18.jpg,Person,216,177,251,228,450,360
frame_98_18.jpg,Person,186,90,204,137,450,360
frame_98_18.jpg,Person,70,74,82,103,450,360
frame_98_19.jpg,Person,288,177,333,278,450,360
frame_98_19.jpg,Person,89,69,103,110,450,360
frame_98_19.jpg,Person,216,177,251,228,450,360
frame_98_19.jpg,Person,186,90,204,137,450,360
frame_98_19.jpg,Person,70,75,82,103,450,360
frame_98_2.jpg,Person,285,174,338,263,450,360
frame_98_2.jpg,Person,217,166,269,228,450,360
frame_98_2.jpg,Person,89,70,103,111,450,360
frame_98_2.jpg,Person,184,90,203,137,450,360
frame_98_2.jpg,Person,73,74,83,104,450,360
frame_98_2.jpg,Person,407,149,437,195,450,360
frame_98_2.jpg,Person,435,163,449,194,450,360
frame_98_20.jpg,Person,282,179,332,281,450,360
frame_98_20.jpg,Person,88,70,102,111,450,360
frame_98_20.jpg,Person,215,175,250,227,450,360
frame_98_20.jpg,Person,186,90,204,137,450,360
frame_98_20.jpg,Person,69,75,81,103,450,360
frame_98_21.jpg,Person,282,178,332,281,450,360
frame_98_21.jpg,Person,88,70,101,111,450,360
frame_98_21.jpg,Person,216,175,250,224,450,360
frame_98_21.jpg,Person,186,90,204,137,450,360
frame_98_21.jpg,Person,70,75,82,103,450,360
frame_98_22.jpg,Person,281,181,332,281,450,360
frame_98_22.jpg,Person,88,70,102,111,450,360
frame_98_22.jpg,Person,216,175,250,225,450,360
frame_98_22.jpg,Person,186,90,204,137,450,360
frame_98_22.jpg,Person,69,74,81,102,450,360
frame_98_23.jpg,Person,280,183,330,283,450,360
frame_98_23.jpg,Person,89,71,102,111,450,360
frame_98_23.jpg,Person,186,90,203,137,450,360
frame_98_23.jpg,Person,69,74,81,102,450,360
frame_98_23.jpg,Person,216,174,250,223,450,360
frame_98_23.jpg,Person,435,162,449,193,450,360
frame_98_23.jpg,Person,404,148,430,199,450,360
frame_98_24.jpg,Person,280,183,330,283,450,360
frame_98_24.jpg,Person,89,71,102,111,450,360
frame_98_24.jpg,Person,186,90,203,137,450,360
frame_98_24.jpg,Person,69,74,81,102,450,360
frame_98_24.jpg,Person,216,175,249,224,450,360
frame_98_25.jpg,Person,276,187,327,285,450,360
frame_98_25.jpg,Person,89,71,102,111,450,360
frame_98_25.jpg,Person,186,90,203,137,450,360
frame_98_25.jpg,Person,69,74,81,102,450,360
frame_98_25.jpg,Person,404,148,430,199,450,360
frame_98_25.jpg,Person,435,162,449,194,450,360
frame_98_25.jpg,Person,215,175,248,225,450,360
frame_98_26.jpg,Person,276,187,327,284,450,360
frame_98_26.jpg,Person,89,71,102,111,450,360
frame_98_26.jpg,Person,186,90,203,137,450,360
frame_98_26.jpg,Person,69,73,81,102,450,360
frame_98_26.jpg,Person,404,148,430,199,450,360
frame_98_26.jpg,Person,215,175,249,225,450,360
frame_98_26.jpg,Person,434,162,449,194,450,360
frame_98_27.jpg,Person,277,187,327,284,450,360
frame_98_27.jpg,Person,89,70,103,111,450,360
frame_98_27.jpg,Person,186,90,203,137,450,360
frame_98_27.jpg,Person,69,73,81,102,450,360
frame_98_27.jpg,Person,434,161,449,194,450,360
frame_98_27.jpg,Person,404,148,430,199,450,360
frame_98_27.jpg,Person,255,91,269,123,450,360
frame_98_28.jpg,Person,276,189,326,284,450,360
frame_98_28.jpg,Person,89,70,103,111,450,360
frame_98_28.jpg,Person,186,90,203,137,450,360
frame_98_28.jpg,Person,69,73,81,102,450,360
frame_98_28.jpg,Person,435,162,449,193,450,360
frame_98_29.jpg,Person,276,189,326,284,450,360
frame_98_29.jpg,Person,89,70,103,111,450,360
frame_98_29.jpg,Person,186,90,203,137,450,360
frame_98_29.jpg,Person,69,73,81,102,450,360
frame_98_29.jpg,Person,435,163,449,194,450,360
frame_98_3.jpg,Person,285,172,339,263,450,360
frame_98_3.jpg,Person,184,90,203,137,450,360
frame_98_3.jpg,Person,89,72,102,112,450,360
frame_98_3.jpg,Person,72,72,82,103,450,360
frame_98_3.jpg,Person,217,169,267,229,450,360
frame_98_3.jpg,Person,405,146,436,196,450,360
frame_98_30.jpg,Person,275,191,323,285,450,360
frame_98_30.jpg,Person,89,70,103,112,450,360
frame_98_30.jpg,Person,186,90,204,137,450,360
frame_98_30.jpg,Person,69,73,81,102,450,360
frame_98_31.jpg,Person,275,191,323,285,450,360
frame_98_31.jpg,Person,89,70,103,112,450,360
frame_98_31.jpg,Person,186,90,203,137,450,360
frame_98_31.jpg,Person,69,73,81,102,450,360
frame_98_32.jpg,Person,275,190,323,285,450,360
frame_98_32.jpg,Person,89,70,103,112,450,360
frame_98_32.jpg,Person,186,90,204,137,450,360
frame_98_32.jpg,Person,69,72,81,102,450,360
frame_54_40.jpg,Person,0,139,60,566,1280,720
frame_54_40.jpg,Person,149,57,258,434,1280,720
frame_54_40.jpg,Person,111,37,176,334,1280,720
frame_54_41.jpg,Person,147,24,258,434,1280,720
frame_54_41.jpg,Person,0,138,59,565,1280,720
frame_54_41.jpg,Person,109,33,177,335,1280,720
frame_54_42.jpg,Person,0,136,58,566,1280,720
frame_54_42.jpg,Person,143,18,258,434,1280,720
frame_54_42.jpg,Person,110,27,179,334,1280,720
frame_54_43.jpg,Person,0,139,58,566,1280,720
frame_54_43.jpg,Person,148,21,258,435,1280,720
frame_54_43.jpg,Person,107,39,180,335,1280,720
frame_54_44.jpg,Person,0,137,58,566,1280,720
frame_54_44.jpg,Person,149,13,257,435,1280,720
frame_54_44.jpg,Person,105,35,180,333,1280,720
frame_54_45.jpg,Person,149,11,257,435,1280,720
frame_54_45.jpg,Person,0,134,59,566,1280,720
frame_54_45.jpg,Person,105,14,181,329,1280,720
frame_54_46.jpg,Person,0,147,59,566,1280,720
frame_54_46.jpg,Person,147,11,257,435,1280,720
frame_54_46.jpg,Person,104,12,180,326,1280,720
frame_54_47.jpg,Person,149,12,256,435,1280,720
frame_54_47.jpg,Person,0,146,59,567,1280,720
frame_54_47.jpg,Person,101,8,179,325,1280,720
frame_54_47.jpg,Person,0,9,90,367,1280,720
frame_54_48.jpg,Person,151,13,257,435,1280,720
frame_54_48.jpg,Person,0,148,59,567,1280,720
frame_54_48.jpg,Person,100,7,179,325,1280,720
frame_54_48.jpg,Person,0,10,88,366,1280,720
frame_54_49.jpg,Person,150,12,256,435,1280,720
frame_54_49.jpg,Person,0,149,58,567,1280,720
frame_54_49.jpg,Person,99,8,177,329,1280,720
frame_54_49.jpg,Person,0,11,88,366,1280,720
frame_54_5.jpg,Person,0,149,66,567,1280,720
frame_54_5.jpg,Person,110,9,249,394,1280,720
frame_54_5.jpg,Person,0,3,89,316,1280,720
frame_54_6.jpg,Person,0,104,67,564,1280,720
frame_54_6.jpg,Person,135,6,247,394,1280,720
frame_54_6.jpg,Person,103,42,172,332,1280,720
frame_54_7.jpg,Person,0,107,68,565,1280,720
frame_54_7.jpg,Person,108,6,248,394,1280,720
frame_54_7.jpg,Person,105,38,171,332,1280,720
frame_54_8.jpg,Person,107,2,247,393,1280,720
frame_54_8.jpg,Person,0,110,70,564,1280,720
frame_54_9.jpg,Person,106,7,247,393,1280,720
frame_54_9.jpg,Person,0,99,70,562,1280,720
frame_55_0.jpg,Person,732,378,810,478,854,480
frame_55_0.jpg,Person,584,308,642,411,854,480
frame_55_0.jpg,Person,311,106,347,146,854,480
frame_55_0.jpg,Person,603,286,638,329,854,480
frame_55_1.jpg,Person,737,380,814,478,854,480
frame_55_1.jpg,Person,605,287,642,334,854,480
frame_55_1.jpg,Person,311,105,347,144,854,480
frame_55_1.jpg,Person,591,312,648,418,854,480
frame_55_1.jpg,Person,310,105,347,174,854,480
frame_55_10.jpg,Person,777,411,853,478,854,480
frame_55_10.jpg,Person,611,299,667,380,854,480
frame_55_10.jpg,Person,609,336,720,471,854,480
frame_55_10.jpg,Person,311,105,347,144,854,480
frame_55_11.jpg,Person,781,415,852,478,854,480
frame_55_11.jpg,Person,611,300,668,382,854,480
frame_55_11.jpg,Person,612,342,718,472,854,480
frame_55_11.jpg,Person,310,106,347,144,854,480
frame_55_12.jpg,Person,785,420,852,478,854,480
frame_55_12.jpg,Person,611,301,673,384,854,480
frame_55_12.jpg,Person,617,346,720,468,854,480
frame_55_12.jpg,Person,310,105,348,144,854,480
frame_55_13.jpg,Person,614,302,675,385,854,480
frame_55_13.jpg,Person,789,423,852,478,854,480
frame_55_13.jpg,Person,622,348,719,475,854,480
frame_55_13.jpg,Person,310,106,347,144,854,480
frame_55_14.jpg,Person,793,426,853,478,854,480
frame_55_14.jpg,Person,631,303,677,388,854,480
frame_55_14.jpg,Person,632,350,717,475,854,480
frame_55_14.jpg,Person,310,106,348,144,854,480
frame_55_15.jpg,Person,637,353,715,473,854,480
frame_55_15.jpg,Person,634,304,678,391,854,480
frame_55_15.jpg,Person,797,428,853,478,854,480
frame_55_15.jpg,Person,310,105,347,144,854,480
frame_55_16.jpg,Person,644,356,719,474,854,480
frame_55_16.jpg,Person,629,305,678,390,854,480
frame_55_16.jpg,Person,310,105,347,144,854,480
frame_55_17.jpg,Person,651,357,724,474,854,480
frame_55_17.jpg,Person,633,306,680,393,854,480
frame_55_17.jpg,Person,309,106,346,176,854,480
frame_55_17.jpg,Person,311,105,347,145,854,480
frame_55_17.jpg,Person,807,436,852,477,854,480
frame_55_18.jpg,Person,659,360,726,475,854,480
frame_55_18.jpg,Person,638,309,683,399,854,480
frame_55_18.jpg,Person,310,105,347,146,854,480
frame_55_19.jpg,Person,661,362,731,477,854,480
frame_55_19.jpg,Person,643,310,684,403,854,480
frame_55_19.jpg,Person,310,105,349,146,854,480
frame_55_2.jpg,Person,743,382,817,478,854,480
frame_55_2.jpg,Person,594,310,655,459,854,480
frame_55_2.jpg,Person,609,288,637,337,854,480
frame_55_2.jpg,Person,311,106,347,146,854,480
frame_55_20.jpg,Person,644,314,687,410,854,480
frame_55_20.jpg,Person,664,366,737,477,854,480
frame_55_20.jpg,Person,311,105,351,147,854,480
frame_55_21.jpg,Person,665,372,748,478,854,480
frame_55_21.jpg,Person,645,315,690,410,854,480
frame_55_21.jpg,Person,311,105,352,146,854,480
frame_55_22.jpg,Person,665,376,750,477,854,480
frame_55_22.jpg,Person,646,318,692,416,854,480
frame_55_22.jpg,Person,311,105,353,146,854,480
frame_55_23.jpg,Person,665,383,752,478,854,480
frame_55_23.jpg,Person,647,320,695,415,854,480
frame_55_23.jpg,Person,312,105,348,147,854,480
frame_55_24.jpg,Person,646,322,698,416,854,480
frame_55_24.jpg,Person,678,387,754,478,854,480
frame_55_24.jpg,Person,312,105,346,146,854,480
frame_55_25.jpg,Person,689,396,757,478,854,480
frame_55_25.jpg,Person,644,323,700,414,854,480
frame_55_25.jpg,Person,313,105,345,147,854,480
frame_55_25.jpg,Person,312,105,345,174,854,480
frame_55_26.jpg,Person,647,324,701,418,854,480
frame_55_26.jpg,Person,691,392,763,477,854,480
frame_55_26.jpg,Person,314,105,346,147,854,480
frame_33_15.jpg,Person,78,132,189,344,640,360
frame_33_16.jpg,Person,79,132,189,344,640,360
frame_33_17.jpg,Person,79,132,189,345,640,360
frame_33_18.jpg,Person,79,131,189,344,640,360
frame_33_19.jpg,Person,79,131,189,344,640,360
frame_33_2.jpg,Person,77,132,186,346,640,360
frame_33_20.jpg,Person,79,132,189,345,640,360
frame_33_21.jpg,Person,79,132,189,346,640,360
frame_33_22.jpg,Person,78,132,188,346,640,360
frame_33_23.jpg,Person,78,132,188,346,640,360
frame_33_24.jpg,Person,77,132,187,346,640,360
frame_33_25.jpg,Person,77,132,187,346,640,360
frame_33_26.jpg,Person,77,132,187,346,640,360
frame_33_27.jpg,Person,77,132,187,346,640,360
frame_33_28.jpg,Person,77,131,187,346,640,360
frame_33_29.jpg,Person,77,131,187,346,640,360
frame_33_3.jpg,Person,77,132,186,346,640,360
frame_33_30.jpg,Person,77,132,187,346,640,360
frame_33_31.jpg,Person,77,132,187,346,640,360
frame_60_31.jpg,Person,52,94,106,238,480,360
frame_60_31.jpg,Person,207,79,265,206,480,360
frame_60_31.jpg,Person,111,250,230,340,480,360
frame_60_31.jpg,Person,96,33,136,120,480,360
frame_60_32.jpg,Person,52,93,105,238,480,360
frame_60_32.jpg,Person,207,80,265,207,480,360
frame_60_32.jpg,Person,110,250,229,340,480,360
frame_60_32.jpg,Person,96,33,136,120,480,360
frame_60_33.jpg,Person,52,94,106,238,480,360
frame_60_33.jpg,Person,207,80,265,208,480,360
frame_60_33.jpg,Person,110,250,229,339,480,360
frame_60_33.jpg,Person,96,33,136,120,480,360
frame_60_34.jpg,Person,54,93,106,238,480,360
frame_60_34.jpg,Person,205,80,264,208,480,360
frame_60_34.jpg,Person,96,33,136,120,480,360
frame_60_34.jpg,Person,110,251,229,339,480,360
frame_60_35.jpg,Person,54,93,106,238,480,360
frame_60_35.jpg,Person,206,81,266,209,480,360
frame_60_35.jpg,Person,110,251,229,339,480,360
frame_60_35.jpg,Person,96,33,136,120,480,360
frame_60_36.jpg,Person,54,93,106,238,480,360
frame_60_36.jpg,Person,205,81,264,209,480,360
frame_60_36.jpg,Person,109,252,228,340,480,360
frame_60_36.jpg,Person,96,33,136,120,480,360
frame_60_37.jpg,Person,54,93,105,238,480,360
frame_60_37.jpg,Person,205,81,264,210,480,360
frame_60_37.jpg,Person,109,252,228,340,480,360
frame_60_37.jpg,Person,96,33,136,120,480,360
frame_60_38.jpg,Person,205,81,264,210,480,360
frame_60_38.jpg,Person,55,93,106,238,480,360
frame_60_38.jpg,Person,109,252,228,340,480,360
frame_60_38.jpg,Person,96,33,136,120,480,360
frame_60_39.jpg,Person,205,82,264,212,480,360
frame_60_39.jpg,Person,55,93,106,238,480,360
frame_60_39.jpg,Person,109,252,228,340,480,360
frame_60_39.jpg,Person,96,33,136,120,480,360
frame_60_4.jpg,Person,48,93,105,238,480,360
frame_60_4.jpg,Person,140,244,239,340,480,360
frame_60_4.jpg,Person,228,77,282,191,480,360
frame_60_4.jpg,Person,96,33,136,120,480,360
frame_60_40.jpg,Person,204,83,263,213,480,360
frame_60_40.jpg,Person,56,93,106,238,480,360
frame_60_40.jpg,Person,109,252,227,340,480,360
frame_60_40.jpg,Person,96,33,136,120,480,360
frame_60_41.jpg,Person,56,93,106,238,480,360
frame_60_41.jpg,Person,205,82,264,213,480,360
frame_60_41.jpg,Person,109,252,227,340,480,360
frame_60_41.jpg,Person,96,33,136,120,480,360
frame_60_42.jpg,Person,56,93,105,238,480,360
frame_60_42.jpg,Person,204,83,263,213,480,360
frame_60_42.jpg,Person,96,33,136,120,480,360
frame_60_42.jpg,Person,109,252,227,340,480,360
frame_60_43.jpg,Person,56,93,105,238,480,360
frame_60_43.jpg,Person,204,83,263,213,480,360
frame_60_43.jpg,Person,109,252,227,340,480,360
frame_60_43.jpg,Person,96,33,136,120,480,360
frame_60_44.jpg,Person,56,93,105,238,480,360
frame_60_44.jpg,Person,204,83,263,213,480,360
frame_60_44.jpg,Person,109,252,227,340,480,360
frame_60_44.jpg,Person,96,33,136,120,480,360
frame_60_45.jpg,Person,56,93,105,238,480,360
frame_60_45.jpg,Person,204,83,263,213,480,360
frame_60_45.jpg,Person,109,252,227,340,480,360
frame_60_45.jpg,Person,96,33,136,120,480,360
frame_60_46.jpg,Person,56,93,105,238,480,360
frame_60_46.jpg,Person,204,83,263,213,480,360
frame_60_46.jpg,Person,96,33,136,120,480,360
frame_60_46.jpg,Person,109,252,227,340,480,360
frame_60_47.jpg,Person,56,93,105,238,480,360
frame_60_47.jpg,Person,204,83,263,213,480,360
frame_60_47.jpg,Person,96,33,136,120,480,360
frame_60_47.jpg,Person,109,252,227,340,480,360
frame_60_48.jpg,Person,205,83,264,213,480,360
frame_60_48.jpg,Person,56,93,106,238,480,360
frame_60_48.jpg,Person,109,252,227,340,480,360
frame_60_48.jpg,Person,96,33,136,120,480,360
frame_60_49.jpg,Person,56,93,105,238,480,360
frame_60_49.jpg,Person,205,83,264,213,480,360
frame_60_49.jpg,Person,109,252,227,340,480,360
frame_60_49.jpg,Person,96,33,135,120,480,360
frame_60_5.jpg,Person,48,93,106,239,480,360
frame_60_5.jpg,Person,139,244,239,340,480,360
frame_60_5.jpg,Person,225,77,281,191,480,360
frame_60_5.jpg,Person,96,33,135,120,480,360
frame_60_50.jpg,Person,56,93,105,238,480,360
frame_60_50.jpg,Person,204,83,263,213,480,360
frame_60_50.jpg,Person,109,252,227,340,480,360
frame_60_50.jpg,Person,96,33,136,120,480,360
frame_60_51.jpg,Person,56,93,105,238,480,360
frame_60_51.jpg,Person,205,83,264,213,480,360
frame_60_51.jpg,Person,109,252,227,340,480,360
frame_60_51.jpg,Person,96,33,136,120,480,360
frame_60_52.jpg,Person,56,93,105,238,480,360
frame_60_52.jpg,Person,205,83,264,213,480,360
frame_60_52.jpg,Person,96,33,136,120,480,360
frame_60_52.jpg,Person,109,252,227,340,480,360
frame_60_53.jpg,Person,56,93,105,238,480,360
frame_60_53.jpg,Person,205,83,264,213,480,360
frame_60_53.jpg,Person,109,252,227,340,480,360
frame_60_53.jpg,Person,96,33,136,120,480,360
frame_5_34.jpg,Person,96,126,246,236,426,240
frame_5_35.jpg,Person,97,129,247,236,426,240
frame_5_36.jpg,Person,97,129,247,237,426,240
frame_5_4.jpg,Person,159,120,280,236,426,240
frame_5_5.jpg,Person,159,119,279,236,426,240
frame_5_6.jpg,Person,157,120,279,236,426,240
frame_5_7.jpg,Person,157,119,279,236,426,240
frame_5_8.jpg,Person,155,119,276,236,426,240
frame_5_9.jpg,Person,156,119,276,236,426,240
frame_60_0.jpg,Person,50,93,105,238,480,360
frame_60_0.jpg,Person,142,244,242,339,480,360
frame_60_0.jpg,Person,230,76,281,191,480,360
frame_60_0.jpg,Person,96,33,136,120,480,360
frame_60_1.jpg,Person,50,93,106,238,480,360
frame_60_1.jpg,Person,141,244,240,339,480,360
frame_60_1.jpg,Person,231,76,282,191,480,360
frame_60_1.jpg,Person,96,33,136,120,480,360
frame_60_10.jpg,Person,48,93,106,239,480,360
frame_60_10.jpg,Person,219,79,277,192,480,360
frame_60_10.jpg,Person,96,33,136,121,480,360
frame_60_10.jpg,Person,133,244,237,339,480,360
frame_60_11.jpg,Person,48,93,106,239,480,360
frame_60_11.jpg,Person,220,79,284,192,480,360
frame_60_11.jpg,Person,96,33,136,121,480,360
frame_60_11.jpg,Person,131,244,236,339,480,360
frame_54_2.jpg,Person,0,147,66,568,1280,720
frame_54_2.jpg,Person,112,29,199,328,1280,720
frame_54_2.jpg,Person,157,34,244,370,1280,720
frame_54_4.jpg,Person,0,154,66,566,1280,720
frame_54_4.jpg,Person,111,7,244,395,1280,720
frame_55_27.jpg,Person,649,325,703,416,854,480
frame_55_27.jpg,Person,695,396,768,478,854,480
frame_55_27.jpg,Person,315,106,345,147,854,480
frame_55_27.jpg,Person,315,106,344,168,854,480
frame_55_6.jpg,Person,757,394,843,477,854,480
frame_55_6.jpg,Person,605,321,683,455,854,480
frame_55_6.jpg,Person,613,292,647,354,854,480
frame_55_6.jpg,Person,311,106,347,146,854,480
frame_57_35.jpg,Person,259,142,333,303,480,360
frame_57_35.jpg,Person,213,111,270,243,480,360
frame_57_35.jpg,Person,125,41,161,119,480,360
frame_57_35.jpg,Person,175,38,207,112,480,360
frame_57_55.jpg,Person,239,179,331,337,480,360
frame_57_55.jpg,Person,224,83,278,243,480,360
frame_57_55.jpg,Person,127,41,162,118,480,360
frame_57_55.jpg,Person,175,38,207,112,480,360
frame_58_19.jpg,Person,300,176,378,339,480,360
frame_58_19.jpg,Person,195,117,253,190,480,360
frame_58_38.jpg,Person,300,182,380,339,480,360
frame_58_38.jpg,Person,195,117,252,191,480,360
frame_58_9.jpg,Person,299,172,375,339,480,360
frame_58_9.jpg,Person,195,117,253,190,480,360
frame_59_30.jpg,Person,129,133,192,287,480,360
frame_59_30.jpg,Person,30,98,89,222,480,360
frame_59_30.jpg,Person,62,159,139,301,480,360
frame_59_30.jpg,Person,0,181,26,283,480,360
frame_59_30.jpg,Person,350,204,417,279,480,360
frame_59_30.jpg,Person,359,129,439,214,480,360
frame_59_5.jpg,Person,39,97,93,235,480,360
frame_59_5.jpg,Person,77,166,162,337,480,360
frame_59_5.jpg,Person,0,182,26,284,480,360
frame_59_5.jpg,Person,117,113,180,283,480,360
frame_5_13.jpg,Person,148,121,271,236,426,240
frame_5_33.jpg,Person,96,126,246,236,426,240
frame_60_12.jpg,Person,47,93,106,239,480,360
frame_60_12.jpg,Person,219,80,283,193,480,360
frame_60_12.jpg,Person,96,33,136,121,480,360
frame_60_12.jpg,Person,130,244,236,339,480,360
frame_60_30.jpg,Person,52,95,106,239,480,360
frame_60_30.jpg,Person,208,80,266,206,480,360
frame_60_30.jpg,Person,111,250,230,340,480,360
frame_60_30.jpg,Person,96,33,136,120,480,360
frame_60_54.jpg,Person,56,93,105,238,480,360
frame_60_54.jpg,Person,205,83,264,213,480,360
frame_60_54.jpg,Person,109,252,227,340,480,360
frame_60_54.jpg,Person,96,33,136,120,480,360
frame_61_22.jpg,Person,155,68,250,236,636,360
frame_61_22.jpg,Person,209,62,250,208,636,360
frame_61_22.jpg,Person,86,48,113,166,636,360
frame_61_22.jpg,Person,168,20,204,96,636,360
frame_61_44.jpg,Person,145,58,247,211,636,360
frame_61_44.jpg,Person,89,47,116,165,636,360
frame_61_44.jpg,Person,208,58,255,208,636,360
frame_61_44.jpg,Person,176,25,216,96,636,360
frame_62_13.jpg,Person,214,104,314,326,704,480
frame_3_59.jpg,Person,179,151,266,355,480,360
frame_3_59.jpg,Person,388,92,454,259,480,360
frame_3_59.jpg,Person,55,90,118,264,480,360
frame_3_59.jpg,Person,21,195,126,354,480,360
frame_3_59.jpg,Person,233,62,271,168,480,360
frame_3_6.jpg,Person,173,149,256,345,480,360
frame_3_6.jpg,Person,216,64,262,177,480,360
frame_3_6.jpg,Person,386,149,475,321,480,360
frame_3_6.jpg,Person,68,87,122,164,480,360
frame_3_6.jpg,Person,40,131,154,316,480,360
frame_3_6.jpg,Person,420,107,475,188,480,360
frame_3_7.jpg,Person,173,149,256,347,480,360
frame_3_7.jpg,Person,216,64,262,177,480,360
frame_3_7.jpg,Person,387,149,475,321,480,360
frame_3_7.jpg,Person,39,131,154,316,480,360
frame_3_7.jpg,Person,68,88,121,164,480,360
frame_3_7.jpg,Person,411,107,474,189,480,360
frame_3_8.jpg,Person,173,148,258,348,480,360
frame_3_8.jpg,Person,216,64,262,176,480,360
frame_3_8.jpg,Person,58,134,153,316,480,360
frame_3_8.jpg,Person,68,88,120,164,480,360
frame_3_9.jpg,Person,173,148,258,349,480,360
frame_3_9.jpg,Person,217,63,262,176,480,360
frame_3_9.jpg,Person,59,130,152,316,480,360
frame_3_9.jpg,Person,68,88,120,164,480,360
frame_3_9.jpg,Person,398,153,476,308,480,360
frame_3_9.jpg,Person,342,310,446,355,480,360
frame_40_0.jpg,Person,578,182,795,685,1280,720
frame_40_1.jpg,Person,578,182,795,685,1280,720
frame_40_10.jpg,Person,600,187,781,610,1280,720
frame_40_11.jpg,Person,609,186,799,610,1280,720
frame_40_12.jpg,Person,612,183,800,610,1280,720
frame_40_13.jpg,Person,612,184,800,611,1280,720
frame_40_14.jpg,Person,608,182,814,609,1280,720
frame_40_15.jpg,Person,605,180,821,606,1280,720
frame_40_16.jpg,Person,605,180,821,606,1280,720
frame_40_17.jpg,Person,605,180,820,606,1280,720
frame_40_18.jpg,Person,605,180,821,606,1280,720
frame_40_19.jpg,Person,605,179,822,606,1280,720
frame_122_38.jpg,Person,328,25,607,565,1280,720
frame_122_38.jpg,Person,0,148,106,552,1280,720
frame_122_39.jpg,Person,320,27,602,565,1280,720
frame_122_39.jpg,Person,0,214,108,561,1280,720
frame_122_4.jpg,Person,276,26,562,624,1280,720
frame_122_40.jpg,Person,313,29,596,565,1280,720
frame_122_40.jpg,Person,0,158,126,570,1280,720
frame_122_41.jpg,Person,304,30,592,567,1280,720
frame_122_41.jpg,Person,0,159,124,569,1280,720
frame_122_42.jpg,Person,298,30,590,566,1280,720
frame_122_42.jpg,Person,0,162,126,569,1280,720
frame_122_43.jpg,Person,290,28,588,565,1280,720
frame_122_43.jpg,Person,0,163,124,566,1280,720
frame_122_43.jpg,Person,0,73,46,229,1280,720
frame_122_44.jpg,Person,294,27,586,566,1280,720
frame_122_44.jpg,Person,0,165,134,571,1280,720
frame_122_44.jpg,Person,0,73,46,233,1280,720
frame_122_45.jpg,Person,293,26,585,568,1280,720
frame_122_45.jpg,Person,0,167,140,573,1280,720
frame_122_45.jpg,Person,0,71,46,270,1280,720
frame_122_46.jpg,Person,291,24,583,571,1280,720
frame_122_46.jpg,Person,9,171,145,590,1280,720
frame_122_46.jpg,Person,0,72,48,281,1280,720
frame_122_47.jpg,Person,288,28,583,567,1280,720
frame_122_47.jpg,Person,19,174,176,592,1280,720
frame_122_47.jpg,Person,0,71,50,285,1280,720
frame_122_48.jpg,Person,288,26,582,572,1280,720
frame_122_48.jpg,Person,27,178,204,623,1280,720
frame_122_48.jpg,Person,0,73,48,285,1280,720
frame_122_49.jpg,Person,291,25,583,572,1280,720
frame_122_49.jpg,Person,37,181,191,591,1280,720
frame_122_49.jpg,Person,0,71,48,285,1280,720
frame_122_5.jpg,Person,285,26,570,624,1280,720
frame_122_50.jpg,Person,289,23,583,572,1280,720
frame_122_50.jpg,Person,49,185,242,640,1280,720
frame_122_50.jpg,Person,0,72,48,288,1280,720
frame_122_51.jpg,Person,291,24,584,571,1280,720
frame_122_51.jpg,Person,67,191,243,653,1280,720
frame_122_51.jpg,Person,0,73,46,284,1280,720
frame_122_52.jpg,Person,286,27,586,569,1280,720
frame_122_52.jpg,Person,82,193,246,655,1280,720
frame_122_52.jpg,Person,0,72,46,286,1280,720
frame_122_53.jpg,Person,287,25,587,568,1280,720
frame_122_53.jpg,Person,0,73,46,288,1280,720
frame_122_53.jpg,Person,94,195,257,656,1280,720
frame_122_54.jpg,Person,292,24,588,567,1280,720
frame_122_54.jpg,Person,101,196,270,655,1280,720
frame_122_54.jpg,Person,0,72,47,287,1280,720
frame_122_55.jpg,Person,296,21,590,571,1280,720
frame_122_55.jpg,Person,133,197,288,655,1280,720
frame_122_55.jpg,Person,0,73,46,287,1280,720
frame_145_5.jpg,Person,626,64,704,253,1280,720
frame_145_6.jpg,Person,625,66,705,254,1280,720
frame_96_30.jpg,Person,185,146,234,206,450,360
frame_96_30.jpg,Person,0,33,14,68,450,360
frame_96_31.jpg,Person,0,33,14,68,450,360
frame_96_31.jpg,Person,186,145,231,206,450,360
frame_96_32.jpg,Person,0,33,14,68,450,360
frame_96_33.jpg,Person,0,33,14,68,450,360
frame_96_34.jpg,Person,186,145,231,208,450,360
frame_96_34.jpg,Person,0,33,14,68,450,360
frame_96_35.jpg,Person,186,145,231,208,450,360
frame_96_35.jpg,Person,0,33,14,68,450,360
frame_96_36.jpg,Person,187,144,232,208,450,360
frame_96_36.jpg,Person,0,33,14,68,450,360
frame_96_37.jpg,Person,187,144,232,208,450,360
frame_96_37.jpg,Person,0,33,14,68,450,360
frame_96_38.jpg,Person,186,143,231,207,450,360
frame_96_38.jpg,Person,0,33,14,68,450,360
frame_96_39.jpg,Person,186,141,231,209,450,360
frame_96_39.jpg,Person,0,33,14,68,450,360
frame_96_4.jpg,Person,203,133,257,221,450,360
frame_96_4.jpg,Person,0,33,14,69,450,360
frame_96_40.jpg,Person,187,140,233,207,450,360
frame_96_40.jpg,Person,0,33,14,68,450,360
frame_96_42.jpg,Person,0,33,14,68,450,360
frame_96_42.jpg,Person,187,138,230,210,450,360
frame_96_43.jpg,Person,0,33,14,68,450,360
frame_96_43.jpg,Person,187,138,229,210,450,360
frame_96_44.jpg,Person,188,136,233,212,450,360
frame_96_44.jpg,Person,0,33,14,68,450,360
frame_96_45.jpg,Person,188,134,234,211,450,360
frame_96_45.jpg,Person,0,33,14,68,450,360
frame_101_30.jpg,Person,230,75,274,210,480,360
frame_101_30.jpg,Person,274,38,294,96,480,360
frame_101_31.jpg,Person,230,75,273,211,480,360
frame_101_31.jpg,Person,274,38,294,96,480,360
frame_101_32.jpg,Person,230,75,273,211,480,360
frame_101_32.jpg,Person,274,39,294,96,480,360
frame_101_33.jpg,Person,230,75,273,210,480,360
frame_101_33.jpg,Person,273,39,294,97,480,360
frame_101_34.jpg,Person,230,75,274,210,480,360
frame_101_34.jpg,Person,274,39,294,97,480,360
frame_101_35.jpg,Person,230,76,273,210,480,360
frame_101_35.jpg,Person,273,39,294,97,480,360
frame_101_36.jpg,Person,233,76,273,211,480,360
frame_101_36.jpg,Person,273,39,294,97,480,360
frame_101_36.jpg,Person,106,86,161,169,480,360
frame_101_40.jpg,Person,230,75,272,210,480,360
frame_101_40.jpg,Person,273,40,294,96,480,360
frame_101_40.jpg,Person,121,86,168,162,480,360
frame_101_41.jpg,Person,234,75,272,210,480,360
frame_101_41.jpg,Person,273,40,294,96,480,360
frame_101_42.jpg,Person,234,75,272,210,480,360
frame_101_42.jpg,Person,273,40,294,95,480,360
frame_101_43.jpg,Person,232,75,271,210,480,360
frame_101_43.jpg,Person,273,40,294,95,480,360
frame_101_44.jpg,Person,231,76,271,210,480,360
frame_101_44.jpg,Person,146,80,191,162,480,360
frame_101_44.jpg,Person,274,40,296,95,480,360
frame_101_45.jpg,Person,231,75,271,211,480,360
frame_101_45.jpg,Person,146,79,191,162,480,360
frame_101_45.jpg,Person,273,40,294,95,480,360
frame_101_46.jpg,Person,228,73,272,211,480,360
frame_101_46.jpg,Person,145,79,192,162,480,360
frame_101_46.jpg,Person,273,40,295,95,480,360
frame_101_47.jpg,Person,229,75,272,210,480,360
frame_101_47.jpg,Person,147,79,192,162,480,360
frame_101_47.jpg,Person,273,40,294,95,480,360
frame_48_3.jpg,Person,272,73,414,299,626,360
frame_48_3.jpg,Person,16,3,184,271,626,360
frame_48_3.jpg,Person,256,295,352,355,626,360
frame_48_3.jpg,Person,172,3,270,92,626,360
frame_48_30.jpg,Person,107,154,291,354,626,360
frame_48_30.jpg,Person,311,136,490,349,626,360
frame_48_30.jpg,Person,109,136,188,320,626,360
frame_48_30.jpg,Person,13,3,179,182,626,360
frame_48_31.jpg,Person,108,140,293,354,626,360
frame_48_31.jpg,Person,311,139,488,344,626,360
frame_48_31.jpg,Person,13,5,126,192,626,360
frame_48_31.jpg,Person,108,128,207,314,626,360
frame_48_31.jpg,Person,116,3,178,140,626,360
frame_48_32.jpg,Person,109,137,295,354,626,360
frame_48_32.jpg,Person,13,3,116,194,626,360
frame_48_32.jpg,Person,312,139,487,340,626,360
frame_48_32.jpg,Person,109,126,208,308,626,360
frame_48_32.jpg,Person,91,3,174,154,626,360
frame_48_32.jpg,Person,354,176,497,350,626,360
frame_48_32.jpg,Person,172,9,287,93,626,360
frame_48_33.jpg,Person,112,137,298,354,626,360
frame_48_33.jpg,Person,313,141,489,347,626,360
frame_48_33.jpg,Person,17,3,123,194,626,360
frame_48_33.jpg,Person,99,118,208,311,626,360
frame_48_33.jpg,Person,90,3,169,152,626,360
frame_48_33.jpg,Person,171,11,312,91,626,360
frame_48_34.jpg,Person,113,134,303,354,626,360
frame_48_34.jpg,Person,313,138,495,347,626,360
frame_48_34.jpg,Person,94,116,208,310,626,360
frame_48_34.jpg,Person,174,9,302,93,626,360
frame_48_34.jpg,Person,16,4,169,188,626,360
frame_48_34.jpg,Person,75,4,170,162,626,360
frame_48_35.jpg,Person,116,132,303,353,626,360
frame_48_35.jpg,Person,314,136,496,339,626,360
frame_48_35.jpg,Person,94,114,208,318,626,360
frame_48_35.jpg,Person,17,3,171,189,626,360
frame_48_35.jpg,Person,16,4,125,190,626,360
frame_48_35.jpg,Person,194,4,289,91,626,360
frame_48_36.jpg,Person,123,194,311,353,626,360
frame_48_36.jpg,Person,108,109,210,333,626,360
frame_48_36.jpg,Person,315,141,496,319,626,360
frame_48_36.jpg,Person,14,4,171,180,626,360
frame_48_36.jpg,Person,177,5,285,91,626,360
frame_48_37.jpg,Person,315,141,497,318,626,360
frame_48_37.jpg,Person,106,107,214,334,626,360
frame_48_37.jpg,Person,15,3,172,186,626,360
frame_48_37.jpg,Person,126,175,319,353,626,360
frame_48_37.jpg,Person,175,4,289,95,626,360
frame_48_38.jpg,Person,316,141,498,318,626,360
frame_48_38.jpg,Person,95,106,218,346,626,360
frame_48_38.jpg,Person,134,188,326,354,626,360
frame_48_38.jpg,Person,176,5,292,94,626,360
frame_48_38.jpg,Person,15,3,171,166,626,360
frame_48_39.jpg,Person,317,141,501,318,626,360
frame_48_39.jpg,Person,100,103,222,349,626,360
frame_48_39.jpg,Person,137,211,333,354,626,360
frame_48_39.jpg,Person,14,4,121,178,626,360
frame_48_39.jpg,Person,108,2,173,131,626,360
frame_48_39.jpg,Person,178,6,288,96,626,360
frame_48_4.jpg,Person,271,71,415,305,626,360
frame_48_4.jpg,Person,17,4,182,314,626,360
frame_48_4.jpg,Person,14,16,101,278,626,360
frame_48_40.jpg,Person,317,142,500,318,626,360
frame_48_40.jpg,Person,99,102,222,339,626,360
frame_48_40.jpg,Person,139,207,334,354,626,360
frame_48_40.jpg,Person,106,3,171,130,626,360
frame_48_40.jpg,Person,14,4,119,169,626,360
frame_48_40.jpg,Person,178,5,287,98,626,360
frame_48_41.jpg,Person,136,202,339,354,626,360
frame_48_41.jpg,Person,105,96,230,348,626,360
frame_48_41.jpg,Person,317,142,501,318,626,360
frame_48_41.jpg,Person,15,4,101,168,626,360
frame_48_41.jpg,Person,90,3,170,147,626,360
frame_48_41.jpg,Person,176,7,284,91,626,360
frame_48_42.jpg,Person,108,95,233,347,626,360
frame_48_42.jpg,Person,144,197,339,354,626,360
frame_48_42.jpg,Person,317,142,501,318,626,360
frame_48_42.jpg,Person,14,3,121,166,626,360
frame_48_42.jpg,Person,92,3,171,130,626,360
frame_48_42.jpg,Person,175,4,284,92,626,360
frame_48_43.jpg,Person,151,193,339,354,626,360
frame_48_43.jpg,Person,111,92,233,343,626,360
frame_48_43.jpg,Person,318,141,502,318,626,360
frame_48_43.jpg,Person,15,4,98,170,626,360
frame_48_43.jpg,Person,87,4,170,146,626,360
frame_48_43.jpg,Person,175,3,284,92,626,360
frame_48_44.jpg,Person,154,187,337,354,626,360
frame_48_44.jpg,Person,111,88,236,337,626,360
frame_48_44.jpg,Person,318,142,502,320,626,360
frame_48_44.jpg,Person,15,4,96,170,626,360
frame_48_44.jpg,Person,87,3,170,144,626,360
frame_48_44.jpg,Person,176,3,288,90,626,360
frame_48_45.jpg,Person,157,187,337,354,626,360
frame_48_45.jpg,Person,114,87,223,337,626,360
frame_48_45.jpg,Person,316,142,501,320,626,360
frame_48_45.jpg,Person,17,3,99,168,626,360
frame_48_45.jpg,Person,86,4,169,144,626,360
frame_48_46.jpg,Person,157,180,336,354,626,360
frame_48_46.jpg,Person,118,81,223,326,626,360
frame_48_46.jpg,Person,316,140,502,322,626,360
frame_48_46.jpg,Person,18,3,94,178,626,360
frame_48_46.jpg,Person,88,3,170,144,626,360
frame_48_47.jpg,Person,157,176,335,354,626,360
frame_48_47.jpg,Person,315,140,500,319,626,360
frame_48_47.jpg,Person,119,81,225,325,626,360
frame_48_47.jpg,Person,19,3,94,190,626,360
frame_48_47.jpg,Person,87,4,170,144,626,360
frame_48_48.jpg,Person,164,173,334,354,626,360
frame_48_48.jpg,Person,119,75,228,316,626,360
frame_48_48.jpg,Person,315,140,504,322,626,360
frame_48_48.jpg,Person,88,3,171,147,626,360
frame_48_48.jpg,Person,20,4,95,186,626,360
frame_48_49.jpg,Person,163,169,332,354,626,360
frame_48_49.jpg,Person,119,72,228,307,626,360
frame_48_49.jpg,Person,314,139,505,349,626,360
frame_48_49.jpg,Person,89,3,171,147,626,360
frame_48_49.jpg,Person,21,3,95,188,626,360
frame_48_5.jpg,Person,14,4,176,336,626,360
frame_48_5.jpg,Person,266,76,418,306,626,360
frame_48_6.jpg,Person,267,82,415,306,626,360
frame_48_6.jpg,Person,31,4,177,330,626,360
frame_48_6.jpg,Person,4,19,81,112,626,360
frame_48_7.jpg,Person,267,85,414,308,626,360
frame_48_7.jpg,Person,21,4,183,346,626,360
frame_48_7.jpg,Person,261,70,390,216,626,360
frame_48_7.jpg,Person,250,305,350,355,626,360
frame_48_7.jpg,Person,192,3,308,58,626,360
frame_48_8.jpg,Person,6,4,184,349,626,360
frame_48_8.jpg,Person,263,88,411,307,626,360
frame_48_8.jpg,Person,246,307,347,355,626,360
frame_48_9.jpg,Person,6,4,186,342,626,360
frame_49_0.jpg,Person,136,127,221,214,400,216
frame_49_0.jpg,Person,138,13,205,145,400,216
frame_49_0.jpg,Person,197,19,252,124,400,216
frame_49_0.jpg,Person,91,4,139,130,400,216
frame_49_0.jpg,Person,215,42,324,177,400,216
frame_14_26.jpg,Person,430,425,1176,728,1920,1080
frame_14_27.jpg,Person,431,340,1185,719,1920,1080
frame_14_28.jpg,Person,429,401,1191,715,1920,1080
frame_14_29.jpg,Person,438,365,1159,721,1920,1080
frame_14_3.jpg,Person,394,440,1038,724,1920,1080
frame_14_30.jpg,Person,440,390,1141,728,1920,1080
frame_14_31.jpg,Person,432,412,1148,731,1920,1080
frame_14_32.jpg,Person,432,414,1173,733,1920,1080
frame_14_33.jpg,Person,466,412,1153,727,1920,1080
frame_14_37.jpg,Person,445,347,1177,722,1920,1080
frame_14_38.jpg,Person,447,352,1187,726,1920,1080
frame_14_39.jpg,Person,597,347,1189,723,1920,1080
frame_14_4.jpg,Person,451,441,1035,710,1920,1080
frame_14_40.jpg,Person,610,356,1206,730,1920,1080
frame_139_28.jpg,Person,532,71,753,473,1280,720
frame_139_29.jpg,Person,533,71,753,472,1280,720
frame_139_30.jpg,Person,531,72,742,454,1280,720
frame_139_31.jpg,Person,531,72,741,453,1280,720
frame_139_32.jpg,Person,528,73,731,463,1280,720
frame_139_33.jpg,Person,528,73,731,465,1280,720
frame_139_34.jpg,Person,526,73,730,486,1280,720
frame_139_35.jpg,Person,525,73,728,486,1280,720
frame_139_36.jpg,Person,525,74,730,490,1280,720
frame_139_37.jpg,Person,526,72,730,489,1280,720
frame_139_38.jpg,Person,524,68,734,485,1280,720
frame_139_39.jpg,Person,524,68,734,485,1280,720
frame_139_4.jpg,Person,504,73,731,516,1280,720
frame_139_4.jpg,Person,871,623,978,719,1280,720
frame_139_4.jpg,Person,871,622,1033,719,1280,720
frame_139_40.jpg,Person,524,63,738,484,1280,720
frame_139_41.jpg,Person,524,64,739,485,1280,720
frame_13_3.jpg,Person,213,153,377,284,512,288
frame_13_3.jpg,Person,26,50,76,162,512,288
frame_13_3.jpg,Person,100,29,159,139,512,288
frame_13_7.jpg,Person,210,153,376,284,512,288
frame_13_7.jpg,Person,25,52,76,161,512,288
frame_13_7.jpg,Person,112,32,169,135,512,288
frame_143_32.jpg,Person,588,310,719,627,1280,720
frame_143_54.jpg,Person,503,275,675,704,1280,720
frame_144_29.jpg,Person,632,114,722,375,1280,720
frame_144_53.jpg,Person,629,158,753,457,1280,720
frame_147_22.jpg,Person,366,79,399,177,640,360
frame_147_22.jpg,Person,336,56,362,142,640,360
frame_147_22.jpg,Person,274,51,301,133,640,360
frame_147_22.jpg,Person,314,58,340,135,640,360
frame_147_22.jpg,Person,289,33,314,94,640,360
frame_147_22.jpg,Person,342,40,355,64,640,360
frame_147_22.jpg,Person,270,45,288,112,640,360
frame_147_38.jpg,Person,365,79,399,177,640,360
frame_147_38.jpg,Person,308,62,337,147,640,360
frame_147_38.jpg,Person,332,62,363,153,640,360
frame_147_38.jpg,Person,293,33,313,94,640,360
frame_147_38.jpg,Person,266,52,296,130,640,360
frame_147_38.jpg,Person,305,43,323,95,640,360
frame_147_38.jpg,Person,342,40,361,103,640,360
frame_147_38.jpg,Person,342,40,357,76,640,360
frame_9_31.jpg,Person,313,194,454,476,848,480
frame_9_31.jpg,Person,377,57,444,210,848,480
frame_9_31.jpg,Person,340,144,434,250,848,480
frame_9_32.jpg,Person,319,191,457,475,848,480
frame_9_32.jpg,Person,339,141,433,247,848,480
frame_9_32.jpg,Person,378,55,444,208,848,480
frame_9_32.jpg,Person,404,67,443,209,848,480
frame_9_33.jpg,Person,321,184,460,475,848,480
frame_9_33.jpg,Person,379,54,444,202,848,480
frame_9_33.jpg,Person,335,140,404,258,848,480
frame_9_33.jpg,Person,404,66,444,199,848,480
frame_9_34.jpg,Person,327,180,464,476,848,480
frame_9_34.jpg,Person,335,137,404,258,848,480
frame_9_34.jpg,Person,406,67,447,211,848,480
frame_9_34.jpg,Person,381,61,418,178,848,480
frame_9_34.jpg,Person,381,55,446,211,848,480
frame_9_35.jpg,Person,328,182,466,476,848,480
frame_9_35.jpg,Person,382,60,420,178,848,480
frame_9_35.jpg,Person,407,69,446,210,848,480
frame_9_35.jpg,Person,334,135,409,258,848,480
frame_9_36.jpg,Person,331,179,467,477,848,480
frame_9_36.jpg,Person,383,59,420,174,848,480
frame_9_36.jpg,Person,408,69,447,205,848,480
frame_9_36.jpg,Person,334,132,407,257,848,480
frame_9_37.jpg,Person,332,174,470,476,848,480
frame_9_37.jpg,Person,334,129,396,264,848,480
frame_9_37.jpg,Person,383,59,422,175,848,480
frame_9_37.jpg,Person,409,68,449,205,848,480
frame_9_38.jpg,Person,332,173,471,476,848,480
frame_9_38.jpg,Person,384,59,423,173,848,480
frame_9_38.jpg,Person,409,67,450,203,848,480
frame_9_38.jpg,Person,333,127,400,270,848,480
frame_9_39.jpg,Person,332,172,471,474,848,480
frame_9_39.jpg,Person,384,58,422,173,848,480
frame_9_39.jpg,Person,409,67,451,201,848,480
frame_9_39.jpg,Person,333,127,402,268,848,480
frame_9_4.jpg,Person,282,240,452,476,848,480
frame_9_4.jpg,Person,353,176,464,356,848,480
frame_9_4.jpg,Person,377,63,423,179,848,480
frame_9_4.jpg,Person,392,78,443,222,848,480
frame_9_4.jpg,Person,392,78,439,186,848,480
frame_9_4.jpg,Person,377,62,424,134,848,480
frame_9_40.jpg,Person,333,171,475,475,848,480
frame_9_40.jpg,Person,407,64,452,198,848,480
frame_9_40.jpg,Person,384,58,423,170,848,480
frame_9_40.jpg,Person,333,125,406,246,848,480
frame_9_41.jpg,Person,334,167,476,475,848,480
frame_9_41.jpg,Person,382,58,425,168,848,480
frame_9_41.jpg,Person,409,62,455,198,848,480
frame_9_41.jpg,Person,333,125,402,241,848,480
frame_9_42.jpg,Person,334,168,476,475,848,480
frame_9_42.jpg,Person,381,57,429,168,848,480
frame_9_42.jpg,Person,408,64,456,193,848,480
frame_9_42.jpg,Person,333,125,402,239,848,480
frame_9_43.jpg,Person,334,171,476,475,848,480
frame_9_43.jpg,Person,381,58,431,168,848,480
frame_9_43.jpg,Person,334,125,404,239,848,480
frame_9_43.jpg,Person,408,66,455,202,848,480
frame_9_44.jpg,Person,334,171,475,474,848,480
frame_9_44.jpg,Person,407,66,458,205,848,480
frame_9_44.jpg,Person,380,57,425,167,848,480
frame_9_44.jpg,Person,333,124,402,235,848,480
frame_9_45.jpg,Person,335,170,475,474,848,480
frame_9_45.jpg,Person,380,58,424,170,848,480
frame_9_45.jpg,Person,410,65,459,212,848,480
frame_9_45.jpg,Person,333,124,400,235,848,480
frame_9_46.jpg,Person,334,167,473,473,848,480
frame_9_46.jpg,Person,413,65,462,217,848,480
frame_9_46.jpg,Person,381,58,423,170,848,480
frame_9_46.jpg,Person,334,125,400,235,848,480
frame_9_47.jpg,Person,335,166,472,467,848,480
frame_9_47.jpg,Person,413,63,463,217,848,480
frame_9_47.jpg,Person,381,58,424,169,848,480
frame_9_47.jpg,Person,334,124,398,235,848,480
frame_9_48.jpg,Person,336,167,472,466,848,480
frame_9_48.jpg,Person,414,58,464,215,848,480
frame_9_48.jpg,Person,382,59,424,170,848,480
frame_9_48.jpg,Person,334,123,399,234,848,480
frame_9_49.jpg,Person,335,166,470,462,848,480
frame_9_49.jpg,Person,415,57,464,212,848,480
frame_9_49.jpg,Person,381,60,423,168,848,480
frame_9_49.jpg,Person,334,123,400,236,848,480
frame_9_5.jpg,Person,285,234,460,475,848,480
frame_9_5.jpg,Person,354,174,463,352,848,480
frame_9_5.jpg,Person,377,62,425,177,848,480
frame_9_5.jpg,Person,396,77,446,220,848,480
frame_9_5.jpg,Person,397,77,443,187,848,480
frame_9_50.jpg,Person,337,161,469,453,848,480
frame_9_50.jpg,Person,415,67,464,210,848,480
frame_9_50.jpg,Person,381,59,425,164,848,480
frame_9_50.jpg,Person,335,121,399,239,848,480
frame_9_50.jpg,Person,333,120,398,357,848,480
frame_9_51.jpg,Person,339,158,466,445,848,480
frame_9_51.jpg,Person,381,59,426,160,848,480
frame_9_51.jpg,Person,416,64,465,203,848,480
frame_9_51.jpg,Person,335,118,401,240,848,480
frame_9_52.jpg,Person,338,158,465,446,848,480
frame_9_52.jpg,Person,380,59,425,158,848,480
frame_9_52.jpg,Person,416,55,466,204,848,480
frame_9_52.jpg,Person,335,117,401,241,848,480
frame_9_53.jpg,Person,343,156,464,432,848,480
frame_9_53.jpg,Person,415,65,466,203,848,480
frame_9_53.jpg,Person,380,59,425,158,848,480
frame_9_53.jpg,Person,334,115,401,241,848,480
frame_9_53.jpg,Person,333,114,400,347,848,480
frame_9_54.jpg,Person,348,148,461,427,848,480
frame_9_54.jpg,Person,331,112,401,336,848,480
frame_9_54.jpg,Person,410,68,468,201,848,480
frame_9_54.jpg,Person,379,59,426,151,848,480
frame_9_55.jpg,Person,348,148,461,428,848,480
frame_9_55.jpg,Person,330,111,402,330,848,480
frame_9_55.jpg,Person,410,66,470,206,848,480
frame_9_55.jpg,Person,378,58,424,150,848,480
frame_9_56.jpg,Person,350,147,461,426,848,480
frame_9_56.jpg,Person,330,110,402,329,848,480
frame_9_56.jpg,Person,409,61,470,207,848,480
frame_9_56.jpg,Person,378,56,423,150,848,480
frame_9_57.jpg,Person,349,145,460,426,848,480
frame_9_57.jpg,Person,330,110,401,324,848,480
frame_9_57.jpg,Person,409,55,471,206,848,480
frame_9_57.jpg,Person,377,56,422,147,848,480
frame_9_58.jpg,Person,359,144,461,425,848,480
frame_9_58.jpg,Person,328,109,403,325,848,480
frame_9_58.jpg,Person,411,54,472,206,848,480
frame_9_58.jpg,Person,377,57,424,147,848,480
frame_9_59.jpg,Person,357,144,461,424,848,480
frame_9_59.jpg,Person,327,109,404,322,848,480
frame_9_59.jpg,Person,414,54,474,205,848,480
frame_9_59.jpg,Person,376,56,424,147,848,480
frame_9_6.jpg,Person,286,236,459,475,848,480
frame_9_6.jpg,Person,343,172,462,350,848,480
frame_9_6.jpg,Person,376,63,423,178,848,480
frame_9_6.jpg,Person,397,77,444,191,848,480
frame_9_7.jpg,Person,288,231,459,476,848,480
frame_9_7.jpg,Person,348,171,462,346,848,480
frame_9_7.jpg,Person,376,62,426,181,848,480
frame_9_7.jpg,Person,396,75,441,188,848,480
frame_9_8.jpg,Person,290,227,460,476,848,480
frame_9_8.jpg,Person,361,170,462,344,848,480
frame_9_8.jpg,Person,376,61,433,178,848,480
frame_9_8.jpg,Person,397,75,443,185,848,480
frame_9_9.jpg,Person,290,227,460,476,848,480
frame_9_9.jpg,Person,356,170,461,342,848,480
frame_9_9.jpg,Person,376,62,421,174,848,480
frame_9_9.jpg,Person,400,75,444,199,848,480
frame_19_58.jpg,Person,349,173,480,311,640,314
frame_19_59.jpg,Person,104,68,226,297,640,314
frame_19_6.jpg,Person,7,0,124,153,640,314
frame_19_6.jpg,Person,43,0,124,153,640,314
frame_19_6.jpg,Person,341,173,477,311,640,314
frame_19_7.jpg,Person,43,0,125,153,640,314
frame_19_7.jpg,Person,341,173,477,311,640,314
frame_19_8.jpg,Person,342,173,476,311,640,314
frame_19_8.jpg,Person,52,0,126,153,640,314
frame_19_9.jpg,Person,8,0,126,154,640,314
frame_19_9.jpg,Person,342,172,476,311,640,314
frame_1_0.jpg,Person,102,57,149,193,480,360
frame_1_0.jpg,Person,8,70,53,181,480,360
frame_1_1.jpg,Person,102,56,150,192,480,360
frame_1_1.jpg,Person,8,70,53,181,480,360
frame_1_10.jpg,Person,94,61,149,193,480,360
frame_1_10.jpg,Person,7,65,52,181,480,360
frame_1_11.jpg,Person,94,61,149,193,480,360
frame_1_11.jpg,Person,7,64,51,180,480,360
frame_1_11.jpg,Person,0,233,38,337,480,360
frame_1_12.jpg,Person,95,63,151,199,480,360
frame_1_12.jpg,Person,6,72,51,180,480,360
frame_1_13.jpg,Person,95,63,151,199,480,360
frame_1_13.jpg,Person,6,69,51,180,480,360
frame_1_13.jpg,Person,34,67,74,180,480,360
frame_1_14.jpg,Person,94,62,151,205,480,360
frame_1_14.jpg,Person,5,66,49,179,480,360
frame_1_14.jpg,Person,34,67,75,181,480,360
frame_1_14.jpg,Person,0,239,38,335,480,360
frame_1_15.jpg,Person,94,62,151,205,480,360
frame_1_15.jpg,Person,5,65,49,180,480,360
frame_1_15.jpg,Person,0,239,38,335,480,360
frame_1_15.jpg,Person,35,65,75,181,480,360
frame_1_16.jpg,Person,95,62,154,208,480,360
frame_1_16.jpg,Person,4,69,47,179,480,360
frame_1_17.jpg,Person,95,62,154,208,480,360
frame_1_17.jpg,Person,4,67,47,179,480,360
frame_1_17.jpg,Person,33,59,75,180,480,360
frame_1_18.jpg,Person,97,63,155,209,480,360
frame_1_18.jpg,Person,2,67,45,181,480,360
frame_1_18.jpg,Person,39,66,74,180,480,360
frame_1_19.jpg,Person,97,62,155,209,480,360
frame_1_19.jpg,Person,2,66,45,181,480,360
frame_1_19.jpg,Person,39,66,75,180,480,360
frame_1_2.jpg,Person,100,58,150,192,480,360
frame_1_2.jpg,Person,8,69,65,181,480,360
frame_1_2.jpg,Person,0,227,42,335,480,360
frame_1_2.jpg,Person,42,5,101,179,480,360
frame_1_20.jpg,Person,98,65,156,209,480,360
frame_1_20.jpg,Person,1,68,41,180,480,360
frame_1_20.jpg,Person,35,64,74,179,480,360
frame_1_20.jpg,Person,0,253,111,355,480,360
frame_1_21.jpg,Person,98,64,156,209,480,360
frame_1_21.jpg,Person,1,68,41,180,480,360
frame_1_21.jpg,Person,34,64,74,179,480,360
frame_1_21.jpg,Person,0,252,111,353,480,360
frame_1_22.jpg,Person,100,62,158,209,480,360
frame_1_22.jpg,Person,0,67,37,175,480,360
frame_1_22.jpg,Person,40,66,74,178,480,360
frame_1_23.jpg,Person,99,63,158,209,480,360
frame_1_23.jpg,Person,1,67,37,175,480,360
frame_1_23.jpg,Person,37,66,73,177,480,360
frame_1_23.jpg,Person,0,257,110,351,480,360
frame_1_24.jpg,Person,101,69,160,209,480,360
frame_1_24.jpg,Person,0,69,37,167,480,360
frame_1_24.jpg,Person,38,65,73,177,480,360
frame_1_24.jpg,Person,22,64,73,178,480,360
frame_1_25.jpg,Person,101,69,160,209,480,360
frame_1_25.jpg,Person,37,64,74,177,480,360
frame_1_25.jpg,Person,0,68,37,167,480,360
frame_1_25.jpg,Person,23,63,73,178,480,360
frame_1_26.jpg,Person,102,71,161,210,480,360
frame_1_26.jpg,Person,0,74,38,168,480,360
frame_1_26.jpg,Person,21,62,74,175,480,360
frame_1_26.jpg,Person,38,64,74,175,480,360
frame_1_27.jpg,Person,102,71,161,210,480,360
frame_1_27.jpg,Person,0,74,38,168,480,360
frame_1_27.jpg,Person,23,62,74,175,480,360
frame_1_27.jpg,Person,39,63,74,174,480,360
frame_1_28.jpg,Person,104,71,164,218,480,360
frame_1_28.jpg,Person,36,64,74,175,480,360
frame_1_28.jpg,Person,0,74,38,168,480,360
frame_18_9.jpg,Person,230,14,264,120,640,360
frame_18_9.jpg,Person,366,41,417,167,640,360
frame_18_9.jpg,Person,331,70,396,186,640,360
frame_18_9.jpg,Person,133,39,204,158,640,360
frame_18_9.jpg,Person,155,40,205,158,640,360
frame_1_29.jpg,Person,104,71,164,218,480,360
frame_1_29.jpg,Person,36,63,74,174,480,360
frame_1_29.jpg,Person,0,73,38,168,480,360
frame_1_58.jpg,Person,139,94,208,247,480,360
frame_1_58.jpg,Person,48,156,108,278,480,360
frame_1_58.jpg,Person,18,64,57,172,480,360
frame_1_58.jpg,Person,48,155,118,322,480,360
frame_1_58.jpg,Person,3,59,57,174,480,360
frame_1_76.jpg,Person,162,109,230,283,480,360
frame_1_76.jpg,Person,59,151,160,346,480,360
frame_1_76.jpg,Person,30,110,85,258,480,360
frame_21_23.jpg,Person,174,0,270,195,640,314
frame_21_23.jpg,Person,222,1,406,241,640,314
frame_21_23.jpg,Person,345,88,607,265,640,314
frame_21_23.jpg,Person,0,1,100,307,640,314
frame_21_41.jpg,Person,170,1,287,196,640,314
frame_21_41.jpg,Person,343,86,607,263,640,314
frame_21_41.jpg,Person,39,0,199,308,640,314
frame_21_62.jpg,Person,16,0,214,298,640,314
frame_22_22.jpg,Person,297,73,401,289,640,360
frame_22_22.jpg,Person,139,14,220,219,640,360
frame_22_22.jpg,Person,213,48,293,126,640,360
frame_22_22.jpg,Person,276,78,335,156,640,360
frame_22_22.jpg,Person,212,48,259,126,640,360
frame_22_44.jpg,Person,190,68,271,300,640,360
frame_22_44.jpg,Person,102,36,186,225,640,360
frame_22_44.jpg,Person,267,77,331,183,640,360
frame_23_14.jpg,Person,127,169,298,286,640,360
frame_23_14.jpg,Person,66,135,130,195,640,360
frame_23_14.jpg,Person,189,104,255,163,640,360
frame_23_14.jpg,Person,318,58,348,128,640,360
frame_23_14.jpg,Person,292,106,336,158,640,360
frame_23_33.jpg,Person,307,57,334,126,640,360
frame_23_33.jpg,Person,126,170,297,282,640,360
frame_23_33.jpg,Person,67,134,130,190,640,360
frame_23_33.jpg,Person,291,105,331,159,640,360
frame_23_33.jpg,Person,188,105,226,140,640,360
frame_23_33.jpg,Person,188,105,252,165,640,360
frame_23_33.jpg,Person,473,184,548,301,640,360
frame_23_51.jpg,Person,287,58,316,127,640,360
frame_23_51.jpg,Person,127,168,298,279,640,360
frame_23_51.jpg,Person,67,134,130,190,640,360
frame_23_51.jpg,Person,188,105,253,163,640,360
frame_23_51.jpg,Person,472,186,547,301,640,360
frame_23_51.jpg,Person,171,103,194,127,640,360
frame_24_24.jpg,Person,128,169,298,282,640,360
frame_24_24.jpg,Person,261,65,293,128,640,360
frame_24_24.jpg,Person,232,80,263,158,640,360
frame_24_24.jpg,Person,365,84,390,154,640,360
frame_24_24.jpg,Person,189,103,231,172,640,360
frame_24_51.jpg,Person,127,168,299,273,640,360
frame_24_51.jpg,Person,279,60,344,208,640,360
frame_24_51.jpg,Person,231,76,261,159,640,360
frame_24_51.jpg,Person,364,82,390,135,640,360
frame_24_51.jpg,Person,259,63,287,130,640,360
frame_24_51.jpg,Person,408,87,442,166,640,360
frame_24_51.jpg,Person,193,99,228,173,640,360
frame_25_60.jpg,Person,340,36,366,100,640,360
frame_25_60.jpg,Person,554,6,591,92,640,360
frame_25_60.jpg,Person,491,67,518,122,640,360
frame_25_60.jpg,Person,330,21,343,55,640,360
frame_58_2.jpg,Person,299,170,375,339,480,360
frame_58_2.jpg,Person,195,118,253,190,480,360
frame_58_20.jpg,Person,300,177,378,339,480,360
frame_58_20.jpg,Person,195,117,253,190,480,360
frame_58_21.jpg,Person,299,178,378,340,480,360
frame_58_21.jpg,Person,195,118,253,191,480,360
frame_58_21.jpg,Person,149,96,180,141,480,360
frame_58_22.jpg,Person,299,178,378,339,480,360
frame_58_22.jpg,Person,195,117,253,190,480,360
frame_58_23.jpg,Person,300,179,379,339,480,360
frame_58_23.jpg,Person,195,117,253,190,480,360
frame_58_24.jpg,Person,300,179,379,340,480,360
frame_58_24.jpg,Person,195,117,253,191,480,360
frame_58_25.jpg,Person,300,179,380,340,480,360
frame_58_25.jpg,Person,195,117,253,190,480,360
frame_58_26.jpg,Person,300,180,380,340,480,360
frame_58_26.jpg,Person,195,117,253,190,480,360
frame_58_26.jpg,Person,150,96,181,142,480,360
frame_58_27.jpg,Person,300,180,380,339,480,360
frame_58_27.jpg,Person,195,117,253,190,480,360
frame_58_27.jpg,Person,150,96,182,142,480,360
frame_58_28.jpg,Person,300,180,380,340,480,360
frame_58_28.jpg,Person,195,117,253,190,480,360
frame_58_29.jpg,Person,300,180,380,339,480,360
frame_58_29.jpg,Person,195,117,252,190,480,360
frame_58_3.jpg,Person,299,170,375,339,480,360
frame_58_3.jpg,Person,195,118,253,190,480,360
frame_58_30.jpg,Person,300,182,380,340,480,360
frame_58_30.jpg,Person,195,117,253,190,480,360
frame_58_31.jpg,Person,300,182,380,340,480,360
frame_58_31.jpg,Person,195,117,253,190,480,360
frame_58_32.jpg,Person,299,182,380,340,480,360
frame_58_32.jpg,Person,195,117,253,190,480,360
frame_58_33.jpg,Person,299,182,380,340,480,360
frame_58_33.jpg,Person,195,117,253,190,480,360
frame_58_34.jpg,Person,299,182,380,340,480,360
frame_58_34.jpg,Person,195,117,253,190,480,360
frame_58_34.jpg,Person,148,97,184,143,480,360
frame_58_35.jpg,Person,299,182,380,339,480,360
frame_58_35.jpg,Person,195,117,252,190,480,360
frame_58_36.jpg,Person,300,182,380,339,480,360
frame_58_36.jpg,Person,195,117,252,190,480,360
frame_58_37.jpg,Person,300,183,380,340,480,360
frame_58_37.jpg,Person,195,117,252,191,480,360
frame_64_5.jpg,Person,225,194,346,476,704,480
frame_64_5.jpg,Person,372,210,481,476,704,480
frame_64_5.jpg,Person,362,0,399,102,704,480
frame_64_5.jpg,Person,300,0,341,104,704,480
frame_64_6.jpg,Person,222,199,344,476,704,480
frame_64_6.jpg,Person,377,216,486,476,704,480
frame_64_6.jpg,Person,301,0,342,106,704,480
frame_64_6.jpg,Person,364,0,401,100,704,480
frame_64_6.jpg,Person,357,0,371,26,704,480
frame_64_7.jpg,Person,219,202,342,476,704,480
frame_64_7.jpg,Person,377,218,491,476,704,480
frame_64_7.jpg,Person,302,0,343,106,704,480
frame_64_7.jpg,Person,364,0,402,100,704,480
frame_64_7.jpg,Person,356,0,371,24,704,480
frame_64_8.jpg,Person,215,204,342,475,704,480
frame_64_8.jpg,Person,376,221,497,476,704,480
frame_64_8.jpg,Person,302,0,344,106,704,480
frame_64_8.jpg,Person,365,0,403,100,704,480
frame_64_8.jpg,Person,356,0,371,26,704,480
frame_64_9.jpg,Person,213,206,342,476,704,480
frame_64_9.jpg,Person,377,224,504,477,704,480
frame_64_9.jpg,Person,303,0,345,106,704,480
frame_64_9.jpg,Person,364,0,403,98,704,480
frame_64_9.jpg,Person,356,0,372,26,704,480
frame_65_16.jpg,Person,319,355,477,478,704,480
frame_65_17.jpg,Person,320,350,477,477,704,480
frame_65_18.jpg,Person,320,341,474,478,704,480
frame_65_19.jpg,Person,320,334,489,478,704,480
frame_65_20.jpg,Person,318,326,489,478,704,480
frame_65_21.jpg,Person,316,311,471,476,704,480
frame_65_22.jpg,Person,316,295,475,477,704,480
frame_93_3.jpg,Person,240,8,289,127,480,360
frame_93_30.jpg,Person,231,18,321,157,480,360
frame_93_31.jpg,Person,231,18,321,157,480,360
frame_93_32.jpg,Person,231,18,320,158,480,360
frame_93_33.jpg,Person,247,19,320,157,480,360
frame_93_34.jpg,Person,247,18,321,157,480,360
frame_93_35.jpg,Person,246,18,321,157,480,360
frame_93_36.jpg,Person,247,18,321,157,480,360
frame_93_37.jpg,Person,247,18,321,157,480,360
frame_93_38.jpg,Person,261,23,344,162,480,360
frame_93_39.jpg,Person,261,23,344,162,480,360
frame_93_4.jpg,Person,240,7,289,126,480,360
frame_93_40.jpg,Person,261,23,344,162,480,360
frame_93_41.jpg,Person,261,23,344,162,480,360
frame_93_42.jpg,Person,261,23,344,162,480,360
frame_93_43.jpg,Person,271,23,346,166,480,360
frame_93_44.jpg,Person,272,23,347,167,480,360
frame_93_45.jpg,Person,272,23,347,167,480,360
frame_93_46.jpg,Person,284,22,351,168,480,360
frame_93_47.jpg,Person,285,22,352,168,480,360
frame_93_48.jpg,Person,285,22,352,167,480,360
frame_93_49.jpg,Person,285,22,353,167,480,360
frame_93_5.jpg,Person,240,8,289,127,480,360
frame_93_50.jpg,Person,284,22,352,167,480,360
frame_93_51.jpg,Person,284,22,352,167,480,360
frame_93_52.jpg,Person,289,21,352,177,480,360
frame_93_53.jpg,Person,289,21,352,177,480,360
frame_93_54.jpg,Person,290,21,353,177,480,360
frame_93_55.jpg,Person,299,22,369,188,480,360
frame_93_56.jpg,Person,299,22,371,188,480,360
frame_93_57.jpg,Person,298,22,371,188,480,360
frame_93_58.jpg,Person,299,22,371,188,480,360
frame_93_59.jpg,Person,299,22,371,188,480,360
frame_93_6.jpg,Person,240,8,289,127,480,360
frame_114_0.jpg,Person,308,114,388,329,1280,720
frame_114_0.jpg,Person,326,373,463,612,1280,720
frame_114_0.jpg,Person,435,124,506,277,1280,720
frame_114_0.jpg,Person,853,81,919,260,1280,720
frame_114_0.jpg,Person,1120,204,1175,271,1280,720
frame_114_0.jpg,Person,934,106,983,238,1280,720
frame_114_0.jpg,Person,1166,95,1199,165,1280,720
frame_114_0.jpg,Person,698,84,749,167,1280,720
frame_114_0.jpg,Person,1097,99,1128,156,1280,720
frame_114_0.jpg,Person,1061,97,1100,156,1280,720
frame_114_0.jpg,Person,744,9,780,80,1280,720
frame_114_0.jpg,Person,630,10,664,53,1280,720
frame_114_0.jpg,Person,547,37,600,149,1280,720
frame_114_1.jpg,Person,308,114,388,329,1280,720
frame_114_1.jpg,Person,326,373,463,612,1280,720
frame_114_1.jpg,Person,435,124,506,277,1280,720
frame_114_1.jpg,Person,853,81,919,260,1280,720
frame_114_1.jpg,Person,1121,204,1175,271,1280,720
frame_114_1.jpg,Person,934,107,983,237,1280,720
frame_114_1.jpg,Person,1167,97,1201,165,1280,720
frame_114_1.jpg,Person,698,84,749,167,1280,720
frame_114_1.jpg,Person,1097,99,1128,157,1280,720
frame_114_1.jpg,Person,1061,97,1100,157,1280,720
frame_114_1.jpg,Person,744,9,780,80,1280,720
frame_114_1.jpg,Person,547,37,600,149,1280,720
frame_114_1.jpg,Person,630,10,664,53,1280,720
frame_114_10.jpg,Person,308,114,388,329,1280,720
frame_114_10.jpg,Person,326,373,463,612,1280,720
frame_114_10.jpg,Person,436,124,506,276,1280,720
frame_114_10.jpg,Person,853,85,919,260,1280,720
frame_114_10.jpg,Person,1120,205,1176,273,1280,720
frame_114_10.jpg,Person,934,107,983,237,1280,720
frame_114_10.jpg,Person,1177,103,1214,183,1280,720
frame_114_10.jpg,Person,698,85,750,151,1280,720
frame_114_10.jpg,Person,560,88,606,156,1280,720
frame_114_10.jpg,Person,1097,98,1128,156,1280,720
frame_114_10.jpg,Person,1062,96,1102,156,1280,720
frame_114_10.jpg,Person,744,9,780,80,1280,720
frame_114_10.jpg,Person,630,11,663,54,1280,720
frame_114_11.jpg,Person,308,114,388,329,1280,720
frame_114_11.jpg,Person,326,373,463,612,1280,720
frame_114_11.jpg,Person,436,124,506,276,1280,720
frame_114_11.jpg,Person,853,85,919,260,1280,720
frame_114_11.jpg,Person,1120,205,1176,273,1280,720
frame_114_11.jpg,Person,934,107,983,237,1280,720
frame_114_11.jpg,Person,698,85,750,153,1280,720
frame_114_11.jpg,Person,1178,103,1215,182,1280,720
frame_114_11.jpg,Person,560,88,606,156,1280,720
frame_114_11.jpg,Person,1097,98,1128,156,1280,720
frame_114_11.jpg,Person,1061,96,1100,156,1280,720
frame_114_11.jpg,Person,743,9,779,77,1280,720
frame_114_11.jpg,Person,630,11,663,55,1280,720
frame_114_12.jpg,Person,308,114,388,329,1280,720
frame_114_12.jpg,Person,326,373,463,612,1280,720
frame_114_12.jpg,Person,436,124,506,275,1280,720
frame_114_12.jpg,Person,853,85,919,261,1280,720
frame_114_12.jpg,Person,1120,205,1176,273,1280,720
frame_114_12.jpg,Person,934,107,983,237,1280,720
frame_114_12.jpg,Person,698,84,750,151,1280,720
frame_114_12.jpg,Person,1178,103,1216,182,1280,720
frame_114_12.jpg,Person,559,87,606,156,1280,720
frame_114_12.jpg,Person,1097,99,1128,157,1280,720
frame_114_12.jpg,Person,1062,95,1102,156,1280,720
frame_114_12.jpg,Person,744,9,780,80,1280,720
frame_114_12.jpg,Person,630,10,663,53,1280,720
frame_114_13.jpg,Person,308,114,388,329,1280,720
frame_114_13.jpg,Person,326,372,463,611,1280,720
frame_114_13.jpg,Person,436,124,506,276,1280,720
frame_114_13.jpg,Person,853,85,919,260,1280,720
frame_114_13.jpg,Person,934,106,983,237,1280,720
frame_114_13.jpg,Person,1119,204,1176,273,1280,720
frame_114_13.jpg,Person,698,84,750,153,1280,720
frame_114_13.jpg,Person,559,87,606,156,1280,720
frame_114_13.jpg,Person,1178,104,1216,182,1280,720
frame_114_13.jpg,Person,1097,99,1128,157,1280,720
frame_114_13.jpg,Person,1062,95,1102,156,1280,720
frame_114_13.jpg,Person,744,9,780,80,1280,720
frame_114_13.jpg,Person,630,10,663,53,1280,720
frame_114_13.jpg,Person,1112,205,1178,347,1280,720
frame_114_14.jpg,Person,308,114,388,329,1280,720
frame_114_14.jpg,Person,325,373,462,612,1280,720
frame_114_14.jpg,Person,436,124,506,275,1280,720
frame_114_14.jpg,Person,852,85,919,261,1280,720
frame_114_14.jpg,Person,934,106,983,237,1280,720
frame_114_14.jpg,Person,698,84,750,149,1280,720
frame_114_14.jpg,Person,1120,204,1176,273,1280,720
frame_114_14.jpg,Person,560,88,606,156,1280,720
frame_114_14.jpg,Person,1062,95,1102,156,1280,720
frame_114_14.jpg,Person,1098,99,1128,157,1280,720
frame_114_14.jpg,Person,1180,104,1217,182,1280,720
frame_114_14.jpg,Person,744,9,780,77,1280,720
frame_114_14.jpg,Person,630,10,663,53,1280,720
frame_114_14.jpg,Person,1111,204,1177,347,1280,720
frame_114_15.jpg,Person,308,115,387,329,1280,720
frame_114_15.jpg,Person,325,373,462,612,1280,720
frame_114_15.jpg,Person,436,124,506,275,1280,720
frame_114_15.jpg,Person,852,83,919,260,1280,720
frame_114_15.jpg,Person,934,106,983,238,1280,720
frame_114_15.jpg,Person,698,85,750,149,1280,720
frame_114_15.jpg,Person,559,88,606,156,1280,720
frame_114_15.jpg,Person,1119,204,1176,273,1280,720
frame_114_15.jpg,Person,1062,95,1102,156,1280,720
frame_114_15.jpg,Person,1097,99,1128,157,1280,720
frame_114_15.jpg,Person,1179,105,1219,182,1280,720
frame_114_15.jpg,Person,1110,204,1177,349,1280,720
frame_114_15.jpg,Person,744,10,780,78,1280,720
frame_114_15.jpg,Person,630,10,664,53,1280,720
frame_114_16.jpg,Person,308,114,387,329,1280,720
frame_114_16.jpg,Person,325,373,462,612,1280,720
frame_114_16.jpg,Person,436,124,506,275,1280,720
frame_114_16.jpg,Person,852,83,919,260,1280,720
frame_114_16.jpg,Person,934,106,983,238,1280,720
frame_114_16.jpg,Person,698,85,750,149,1280,720
frame_114_16.jpg,Person,560,88,606,155,1280,720
frame_114_16.jpg,Person,1119,204,1176,273,1280,720
frame_114_16.jpg,Person,1062,95,1102,156,1280,720
frame_114_16.jpg,Person,1098,99,1128,157,1280,720
frame_114_16.jpg,Person,1179,106,1220,182,1280,720
frame_114_16.jpg,Person,1110,204,1177,349,1280,720
frame_114_16.jpg,Person,743,10,779,78,1280,720
frame_114_16.jpg,Person,630,11,664,55,1280,720
frame_114_17.jpg,Person,308,115,387,329,1280,720
frame_114_17.jpg,Person,325,373,462,612,1280,720
frame_114_17.jpg,Person,436,124,506,275,1280,720
frame_114_17.jpg,Person,852,84,919,261,1280,720
frame_114_17.jpg,Person,934,106,983,238,1280,720
frame_114_17.jpg,Person,698,85,750,149,1280,720
frame_114_17.jpg,Person,560,88,606,156,1280,720
frame_114_17.jpg,Person,1119,204,1176,273,1280,720
frame_114_17.jpg,Person,1062,95,1102,156,1280,720
frame_114_17.jpg,Person,1098,99,1128,157,1280,720
frame_114_17.jpg,Person,1180,106,1221,181,1280,720
frame_114_17.jpg,Person,1110,204,1177,349,1280,720
frame_114_17.jpg,Person,744,10,780,78,1280,720
frame_114_17.jpg,Person,630,11,664,55,1280,720
frame_114_18.jpg,Person,308,115,387,329,1280,720
frame_114_18.jpg,Person,325,373,462,612,1280,720
frame_114_18.jpg,Person,436,124,506,275,1280,720
frame_114_18.jpg,Person,853,84,919,261,1280,720
frame_114_18.jpg,Person,934,106,983,238,1280,720
frame_114_18.jpg,Person,560,88,606,156,1280,720
frame_114_18.jpg,Person,698,85,750,150,1280,720
frame_114_18.jpg,Person,1119,204,1176,273,1280,720
frame_114_18.jpg,Person,1062,96,1102,157,1280,720
frame_114_18.jpg,Person,1098,99,1128,157,1280,720
frame_114_18.jpg,Person,1180,106,1221,182,1280,720
frame_114_18.jpg,Person,1110,204,1178,349,1280,720
frame_114_18.jpg,Person,744,10,780,78,1280,720
frame_114_18.jpg,Person,630,11,664,55,1280,720
frame_114_19.jpg,Person,308,114,387,329,1280,720
frame_114_19.jpg,Person,325,373,462,612,1280,720
frame_114_19.jpg,Person,436,124,506,275,1280,720
frame_114_19.jpg,Person,854,84,920,261,1280,720
frame_114_19.jpg,Person,934,106,983,238,1280,720
frame_114_19.jpg,Person,698,86,750,150,1280,720
frame_114_19.jpg,Person,560,88,606,154,1280,720
frame_114_19.jpg,Person,1120,204,1176,274,1280,720
frame_114_19.jpg,Person,1062,95,1102,156,1280,720
frame_114_19.jpg,Person,1186,107,1223,182,1280,720
frame_114_19.jpg,Person,1098,98,1128,156,1280,720
frame_114_19.jpg,Person,1110,205,1177,351,1280,720
frame_114_19.jpg,Person,743,9,779,78,1280,720
frame_114_19.jpg,Person,630,11,663,55,1280,720
frame_114_2.jpg,Person,308,114,388,329,1280,720
frame_114_2.jpg,Person,326,373,463,612,1280,720
frame_114_2.jpg,Person,435,124,506,277,1280,720
frame_114_2.jpg,Person,853,81,919,260,1280,720
frame_114_2.jpg,Person,1122,204,1176,271,1280,720
frame_114_2.jpg,Person,1168,98,1202,164,1280,720
frame_114_2.jpg,Person,934,107,983,237,1280,720
frame_114_2.jpg,Person,698,84,749,167,1280,720
frame_114_2.jpg,Person,1097,99,1128,157,1280,720
frame_114_2.jpg,Person,1061,96,1100,156,1280,720
frame_114_2.jpg,Person,744,9,780,80,1280,720
frame_114_2.jpg,Person,548,37,600,149,1280,720
frame_114_2.jpg,Person,630,10,664,53,1280,720
frame_125_3.jpg,Person,69,100,421,562,1280,720
frame_125_32.jpg,Person,219,127,571,419,1280,720
frame_125_33.jpg,Person,223,134,545,409,1280,720
frame_125_34.jpg,Person,221,137,561,428,1280,720
frame_125_35.jpg,Person,209,141,564,616,1280,720
frame_125_35.jpg,Person,213,141,564,444,1280,720
frame_125_36.jpg,Person,217,146,567,620,1280,720
frame_125_36.jpg,Person,219,146,571,460,1280,720
frame_125_37.jpg,Person,224,148,592,470,1280,720
frame_125_38.jpg,Person,223,150,588,482,1280,720
frame_125_39.jpg,Person,223,149,597,490,1280,720
frame_125_4.jpg,Person,71,106,426,553,1280,720
frame_125_40.jpg,Person,224,150,603,494,1280,720
frame_125_41.jpg,Person,234,150,605,496,1280,720
frame_125_42.jpg,Person,239,149,603,500,1280,720
frame_125_43.jpg,Person,234,148,603,502,1280,720
frame_125_44.jpg,Person,235,148,603,504,1280,720
frame_125_45.jpg,Person,225,148,613,650,1280,720
frame_125_46.jpg,Person,240,148,622,516,1280,720
frame_125_47.jpg,Person,242,147,622,519,1280,720
frame_125_48.jpg,Person,242,147,627,515,1280,720
frame_35_37.jpg,Person,160,8,378,304,640,360
frame_35_37.jpg,Person,555,113,638,303,640,360
frame_35_37.jpg,Person,363,42,581,303,640,360
frame_35_37.jpg,Person,0,100,233,306,640,360
frame_35_38.jpg,Person,159,8,374,304,640,360
frame_35_38.jpg,Person,555,115,639,304,640,360
frame_35_38.jpg,Person,360,42,574,304,640,360
frame_35_38.jpg,Person,0,103,178,306,640,360
frame_35_39.jpg,Person,159,5,376,304,640,360
frame_35_39.jpg,Person,355,40,575,303,640,360
frame_35_39.jpg,Person,553,112,638,303,640,360
frame_35_39.jpg,Person,0,97,179,311,640,360
frame_35_4.jpg,Person,195,19,416,304,640,360
frame_35_4.jpg,Person,557,22,639,302,640,360
frame_35_4.jpg,Person,0,106,189,305,640,360
frame_35_4.jpg,Person,385,214,533,304,640,360
frame_35_40.jpg,Person,158,7,376,305,640,360
frame_35_40.jpg,Person,351,41,574,303,640,360
frame_35_40.jpg,Person,0,91,184,309,640,360
frame_35_40.jpg,Person,553,111,638,304,640,360
frame_35_41.jpg,Person,158,5,374,304,640,360
frame_35_41.jpg,Person,553,111,639,302,640,360
frame_35_41.jpg,Person,350,42,571,304,640,360
frame_35_41.jpg,Person,0,91,182,307,640,360
frame_35_42.jpg,Person,157,6,372,304,640,360
frame_35_42.jpg,Person,553,112,639,304,640,360
frame_35_42.jpg,Person,347,42,573,304,640,360
frame_35_42.jpg,Person,0,90,188,305,640,360
frame_35_43.jpg,Person,156,5,372,304,640,360
frame_35_43.jpg,Person,348,42,570,304,640,360
frame_35_43.jpg,Person,553,112,639,303,640,360
frame_35_43.jpg,Person,0,100,184,306,640,360
frame_35_44.jpg,Person,155,7,370,305,640,360
frame_35_44.jpg,Person,551,112,638,337,640,360
frame_35_44.jpg,Person,349,42,571,304,640,360
frame_35_44.jpg,Person,0,103,187,306,640,360
frame_35_44.jpg,Person,0,105,314,306,640,360
frame_35_45.jpg,Person,154,5,373,305,640,360
frame_35_45.jpg,Person,350,42,573,304,640,360
frame_35_45.jpg,Person,551,112,638,337,640,360
frame_35_45.jpg,Person,0,104,182,306,640,360
frame_35_45.jpg,Person,0,104,314,306,640,360
frame_35_46.jpg,Person,153,5,372,304,640,360
frame_35_46.jpg,Person,349,41,574,304,640,360
frame_35_46.jpg,Person,551,111,639,336,640,360
frame_35_46.jpg,Person,0,105,312,306,640,360
frame_35_46.jpg,Person,0,104,182,309,640,360
frame_35_47.jpg,Person,152,5,379,305,640,360
frame_35_47.jpg,Person,551,109,639,306,640,360
frame_35_47.jpg,Person,351,43,573,305,640,360
frame_35_47.jpg,Person,0,102,184,306,640,360
frame_35_48.jpg,Person,151,5,378,304,640,360
frame_35_48.jpg,Person,550,110,639,304,640,360
frame_35_48.jpg,Person,344,42,574,304,640,360
frame_35_48.jpg,Person,0,100,182,306,640,360
frame_35_49.jpg,Person,151,5,379,304,640,360
frame_35_49.jpg,Person,332,43,571,305,640,360
frame_35_49.jpg,Person,550,107,639,333,640,360
frame_35_49.jpg,Person,0,100,194,305,640,360
frame_35_5.jpg,Person,189,19,410,303,640,360
frame_35_5.jpg,Person,0,103,236,304,640,360
frame_35_5.jpg,Person,559,120,639,304,640,360
frame_35_5.jpg,Person,507,92,599,302,640,360
frame_35_5.jpg,Person,557,18,638,303,640,360
frame_35_6.jpg,Person,190,16,419,304,640,360
frame_35_6.jpg,Person,0,101,188,305,640,360
frame_35_6.jpg,Person,559,118,639,305,640,360
frame_35_6.jpg,Person,507,90,598,301,640,360
frame_35_7.jpg,Person,183,19,416,304,640,360
frame_35_7.jpg,Person,0,107,229,305,640,360
frame_35_7.jpg,Person,559,117,639,308,640,360
frame_35_7.jpg,Person,559,25,639,348,640,360
frame_35_7.jpg,Person,507,87,599,301,640,360
frame_35_8.jpg,Person,180,15,409,304,640,360
frame_35_8.jpg,Person,558,16,639,309,640,360
frame_35_8.jpg,Person,0,107,224,305,640,360
frame_35_8.jpg,Person,507,94,601,302,640,360
frame_35_9.jpg,Person,176,15,396,305,640,360
frame_35_9.jpg,Person,0,105,192,304,640,360
frame_35_9.jpg,Person,559,15,639,307,640,360
frame_36_0.jpg,Person,319,75,411,251,640,360
frame_36_0.jpg,Person,370,80,417,202,640,360
frame_36_0.jpg,Person,280,49,296,90,640,360
frame_36_0.jpg,Person,399,46,411,80,640,360
frame_36_0.jpg,Person,416,23,431,46,640,360
frame_36_0.jpg,Person,465,80,507,229,640,360
frame_36_0.jpg,Person,415,44,430,77,640,360
frame_36_1.jpg,Person,319,75,411,251,640,360
frame_36_1.jpg,Person,370,80,417,202,640,360
frame_36_1.jpg,Person,280,49,296,90,640,360
frame_36_1.jpg,Person,399,46,411,80,640,360
frame_36_1.jpg,Person,416,23,431,46,640,360
frame_36_1.jpg,Person,465,81,507,229,640,360
frame_36_10.jpg,Person,352,73,436,249,640,360
frame_36_10.jpg,Person,394,77,429,187,640,360
frame_36_10.jpg,Person,292,46,306,70,640,360
frame_36_10.jpg,Person,399,40,413,72,640,360
frame_36_10.jpg,Person,415,40,434,78,640,360
frame_36_11.jpg,Person,375,71,436,249,640,360
frame_36_11.jpg,Person,293,45,308,70,640,360
frame_36_11.jpg,Person,414,24,435,78,640,360
frame_36_12.jpg,Person,376,70,436,249,640,360
frame_36_12.jpg,Person,293,45,308,70,640,360
frame_36_12.jpg,Person,415,25,435,79,640,360
frame_36_12.jpg,Person,419,35,435,79,640,360
frame_36_12.jpg,Person,399,39,412,71,640,360
frame_36_13.jpg,Person,375,71,436,249,640,360
frame_36_13.jpg,Person,294,45,311,70,640,360
frame_36_13.jpg,Person,415,24,435,77,640,360
frame_36_14.jpg,Person,387,71,435,249,640,360
frame_36_14.jpg,Person,295,46,311,72,640,360
frame_36_14.jpg,Person,415,24,435,77,640,360
frame_36_15.jpg,Person,386,71,435,249,640,360
frame_36_15.jpg,Person,295,45,311,71,640,360
frame_36_15.jpg,Person,400,39,416,71,640,360
frame_36_15.jpg,Person,414,24,433,77,640,360
frame_36_15.jpg,Person,466,83,508,230,640,360
frame_36_16.jpg,Person,389,71,450,249,640,360
frame_36_16.jpg,Person,296,46,312,72,640,360
frame_36_16.jpg,Person,415,26,433,79,640,360
frame_36_16.jpg,Person,466,85,507,231,640,360
frame_36_17.jpg,Person,388,71,450,248,640,360
frame_36_17.jpg,Person,415,25,433,78,640,360
frame_36_17.jpg,Person,296,46,312,72,640,360
frame_36_17.jpg,Person,466,84,507,230,640,360
frame_36_18.jpg,Person,388,69,449,249,640,360
frame_36_18.jpg,Person,467,85,507,231,640,360
frame_36_18.jpg,Person,296,47,311,73,640,360
frame_36_18.jpg,Person,414,30,435,74,640,360
frame_36_18.jpg,Person,401,40,417,69,640,360
frame_36_19.jpg,Person,394,70,468,250,640,360
frame_36_19.jpg,Person,467,83,507,230,640,360
frame_36_19.jpg,Person,299,47,313,72,640,360
frame_36_19.jpg,Person,419,34,436,73,640,360
frame_36_19.jpg,Person,399,40,418,72,640,360
frame_36_2.jpg,Person,319,75,411,251,640,360
frame_36_2.jpg,Person,370,79,417,201,640,360
frame_36_2.jpg,Person,280,49,296,90,640,360
frame_36_2.jpg,Person,399,46,411,80,640,360
frame_36_2.jpg,Person,416,23,431,46,640,360
frame_36_2.jpg,Person,465,81,506,229,640,360
frame_36_2.jpg,Person,415,44,430,77,640,360
frame_36_20.jpg,Person,393,70,468,249,640,360
frame_36_20.jpg,Person,467,81,507,230,640,360
frame_36_20.jpg,Person,299,47,313,72,640,360
frame_36_20.jpg,Person,419,34,437,74,640,360
frame_36_20.jpg,Person,400,40,418,72,640,360
frame_36_21.jpg,Person,467,81,506,230,640,360
frame_36_21.jpg,Person,394,71,471,249,640,360
frame_36_21.jpg,Person,300,47,314,72,640,360
frame_36_21.jpg,Person,420,33,437,74,640,360
frame_36_21.jpg,Person,400,40,417,70,640,360
frame_36_21.jpg,Person,403,145,472,249,640,360
frame_36_22.jpg,Person,467,83,506,230,640,360
frame_36_22.jpg,Person,299,47,318,72,640,360
frame_36_22.jpg,Person,394,71,472,249,640,360
frame_36_22.jpg,Person,402,145,471,249,640,360
frame_36_22.jpg,Person,420,34,437,74,640,360
frame_106_1.jpg,Person,465,373,728,715,1280,720
frame_106_1.jpg,Person,991,130,1143,586,1280,720
frame_106_1.jpg,Person,1105,95,1225,522,1280,720
frame_106_1.jpg,Person,754,19,857,183,1280,720
frame_106_1.jpg,Person,517,154,624,285,1280,720
frame_106_1.jpg,Person,478,164,537,274,1280,720
frame_106_10.jpg,Person,467,378,715,713,1280,720
frame_106_10.jpg,Person,1021,147,1154,591,1280,720
frame_106_10.jpg,Person,1146,114,1273,537,1280,720
frame_106_10.jpg,Person,496,211,677,459,1280,720
frame_106_10.jpg,Person,779,19,881,204,1280,720
frame_106_10.jpg,Person,476,159,537,272,1280,720
frame_106_10.jpg,Person,520,151,565,238,1280,720
frame_106_10.jpg,Person,520,151,630,282,1280,720
frame_106_11.jpg,Person,466,380,709,713,1280,720
frame_106_11.jpg,Person,1029,149,1163,590,1280,720
frame_106_11.jpg,Person,784,20,886,210,1280,720
frame_106_11.jpg,Person,497,214,677,460,1280,720
frame_106_11.jpg,Person,1149,114,1278,538,1280,720
frame_106_11.jpg,Person,476,158,538,271,1280,720
frame_106_11.jpg,Person,519,150,565,237,1280,720
frame_106_11.jpg,Person,518,151,631,283,1280,720
frame_106_11.jpg,Person,544,211,655,338,1280,720
frame_106_12.jpg,Person,466,380,707,714,1280,720
frame_106_12.jpg,Person,1030,150,1169,590,1280,720
frame_106_12.jpg,Person,784,19,886,211,1280,720
frame_106_12.jpg,Person,1155,114,1278,537,1280,720
frame_106_12.jpg,Person,475,158,678,460,1280,720
frame_106_12.jpg,Person,544,209,659,342,1280,720
frame_106_12.jpg,Person,518,150,631,283,1280,720
frame_106_12.jpg,Person,519,150,565,238,1280,720
frame_106_12.jpg,Person,476,158,536,271,1280,720
frame_106_13.jpg,Person,465,382,704,714,1280,720
frame_106_13.jpg,Person,475,157,677,460,1280,720
frame_106_13.jpg,Person,1037,151,1183,590,1280,720
frame_106_13.jpg,Person,787,19,888,193,1280,720
frame_106_13.jpg,Person,543,209,658,340,1280,720
frame_106_13.jpg,Person,518,150,632,284,1280,720
frame_106_13.jpg,Person,1157,115,1279,535,1280,720
frame_106_14.jpg,Person,462,383,703,714,1280,720
frame_106_14.jpg,Person,475,158,676,460,1280,720
frame_106_14.jpg,Person,1039,162,1185,618,1280,720
frame_106_14.jpg,Person,788,20,890,194,1280,720
frame_106_14.jpg,Person,544,210,660,341,1280,720
frame_106_14.jpg,Person,518,150,632,283,1280,720
frame_106_14.jpg,Person,1167,117,1278,537,1280,720
frame_106_14.jpg,Person,517,150,663,342,1280,720
frame_106_15.jpg,Person,462,383,705,715,1280,720
frame_106_15.jpg,Person,476,158,678,462,1280,720
frame_106_15.jpg,Person,1040,163,1203,635,1280,720
frame_106_15.jpg,Person,790,20,894,176,1280,720
frame_106_15.jpg,Person,543,210,660,343,1280,720
frame_106_15.jpg,Person,517,150,632,283,1280,720
frame_106_15.jpg,Person,517,150,663,342,1280,720
frame_106_16.jpg,Person,462,383,704,715,1280,720
frame_106_16.jpg,Person,476,157,678,462,1280,720
frame_106_16.jpg,Person,1041,162,1205,634,1280,720
frame_106_16.jpg,Person,790,20,894,173,1280,720
frame_106_16.jpg,Person,543,210,660,343,1280,720
frame_106_16.jpg,Person,517,150,632,283,1280,720
frame_106_16.jpg,Person,518,151,662,345,1280,720
frame_106_17.jpg,Person,462,387,705,715,1280,720
frame_106_17.jpg,Person,477,160,679,463,1280,720
frame_106_17.jpg,Person,1049,174,1205,643,1280,720
frame_106_17.jpg,Person,791,20,895,191,1280,720
frame_106_17.jpg,Person,546,211,661,345,1280,720
frame_106_17.jpg,Person,1177,126,1278,577,1280,720
frame_106_17.jpg,Person,519,152,634,281,1280,720
frame_106_17.jpg,Person,517,151,664,346,1280,720
frame_106_18.jpg,Person,463,387,702,714,1280,720
frame_106_18.jpg,Person,478,163,680,465,1280,720
frame_106_18.jpg,Person,1051,176,1209,649,1280,720
frame_106_18.jpg,Person,792,20,896,209,1280,720
frame_106_18.jpg,Person,547,212,662,343,1280,720
frame_106_18.jpg,Person,1187,128,1279,535,1280,720
frame_106_18.jpg,Person,520,154,634,288,1280,720
frame_106_19.jpg,Person,464,389,699,714,1280,720
frame_106_19.jpg,Person,478,163,680,464,1280,720
frame_106_19.jpg,Person,1060,191,1216,669,1280,720
frame_106_19.jpg,Person,1203,136,1278,583,1280,720
frame_106_19.jpg,Person,792,20,897,230,1280,720
frame_106_19.jpg,Person,520,154,635,289,1280,720
frame_106_19.jpg,Person,546,213,663,347,1280,720
frame_106_2.jpg,Person,465,373,728,715,1280,720
frame_106_2.jpg,Person,990,144,1141,593,1280,720
frame_106_2.jpg,Person,1105,97,1232,524,1280,720
frame_106_2.jpg,Person,478,165,535,275,1280,720
frame_106_2.jpg,Person,491,212,648,447,1280,720
frame_106_2.jpg,Person,518,154,561,229,1280,720
frame_106_2.jpg,Person,491,214,634,394,1280,720
frame_106_20.jpg,Person,463,390,698,714,1280,720
frame_106_20.jpg,Person,1063,190,1231,676,1280,720
frame_106_20.jpg,Person,478,162,679,464,1280,720
frame_106_20.jpg,Person,792,21,898,235,1280,720
frame_106_20.jpg,Person,1215,140,1279,587,1280,720
frame_106_20.jpg,Person,520,155,635,279,1280,720
frame_106_20.jpg,Person,546,214,661,342,1280,720
frame_106_21.jpg,Person,462,391,694,715,1280,720
frame_106_21.jpg,Person,1067,200,1233,681,1280,720
frame_106_21.jpg,Person,792,20,898,232,1280,720
frame_106_21.jpg,Person,1223,155,1278,595,1280,720
frame_106_21.jpg,Person,479,162,682,464,1280,720
frame_106_21.jpg,Person,520,154,636,265,1280,720
frame_106_21.jpg,Person,548,214,657,339,1280,720
frame_106_21.jpg,Person,479,162,542,274,1280,720
frame_106_22.jpg,Person,461,391,694,714,1280,720
frame_106_22.jpg,Person,1067,200,1233,681,1280,720
frame_106_22.jpg,Person,792,19,898,232,1280,720
frame_106_22.jpg,Person,1223,155,1278,595,1280,720
frame_106_22.jpg,Person,479,162,682,464,1280,720
frame_106_22.jpg,Person,520,155,636,264,1280,720
frame_106_22.jpg,Person,479,161,545,274,1280,720
frame_106_22.jpg,Person,547,214,657,339,1280,720
frame_106_22.jpg,Person,521,154,571,241,1280,720
frame_106_23.jpg,Person,461,396,695,714,1280,720
frame_106_23.jpg,Person,1072,207,1250,680,1280,720
frame_106_23.jpg,Person,501,214,682,466,1280,720
frame_106_23.jpg,Person,792,20,898,233,1280,720
frame_106_23.jpg,Person,480,163,544,275,1280,720
frame_106_23.jpg,Person,1243,160,1279,558,1280,720
frame_106_23.jpg,Person,522,155,636,272,1280,720
frame_112_1.jpg,Person,122,89,381,604,1280,720
frame_114_20.jpg,Person,308,114,387,329,1280,720
frame_114_20.jpg,Person,325,373,462,611,1280,720
frame_114_20.jpg,Person,436,124,506,275,1280,720
frame_114_20.jpg,Person,853,84,919,261,1280,720
frame_114_20.jpg,Person,934,106,983,238,1280,720
frame_114_20.jpg,Person,560,88,606,155,1280,720
frame_114_20.jpg,Person,698,85,750,151,1280,720
frame_114_20.jpg,Person,1120,204,1176,273,1280,720
frame_114_20.jpg,Person,1061,95,1102,156,1280,720
frame_114_20.jpg,Person,1183,107,1224,182,1280,720
frame_114_20.jpg,Person,1097,98,1128,156,1280,720
frame_114_20.jpg,Person,1110,205,1177,351,1280,720
frame_114_20.jpg,Person,743,9,779,78,1280,720
frame_114_20.jpg,Person,630,11,663,55,1280,720
frame_114_4.jpg,Person,308,114,388,329,1280,720
frame_114_4.jpg,Person,326,373,463,612,1280,720
frame_114_4.jpg,Person,435,124,506,277,1280,720
frame_114_4.jpg,Person,853,84,919,260,1280,720
frame_114_4.jpg,Person,1171,100,1206,165,1280,720
frame_114_4.jpg,Person,934,107,983,237,1280,720
frame_114_4.jpg,Person,1120,205,1176,273,1280,720
frame_114_4.jpg,Person,698,84,749,167,1280,720
frame_114_4.jpg,Person,1097,99,1128,157,1280,720
frame_114_4.jpg,Person,1061,96,1100,156,1280,720
frame_114_4.jpg,Person,1115,204,1176,313,1280,720
frame_114_4.jpg,Person,744,9,780,80,1280,720
frame_114_4.jpg,Person,630,10,663,53,1280,720
frame_114_4.jpg,Person,551,37,604,150,1280,720
frame_114_57.jpg,Person,308,114,387,329,1280,720
frame_114_57.jpg,Person,325,374,462,612,1280,720
frame_114_57.jpg,Person,435,124,506,277,1280,720
frame_114_57.jpg,Person,853,83,917,264,1280,720
frame_114_57.jpg,Person,934,107,983,239,1280,720
frame_114_57.jpg,Person,695,86,750,150,1280,720
frame_114_57.jpg,Person,1119,204,1175,273,1280,720
frame_114_57.jpg,Person,558,87,605,156,1280,720
frame_114_57.jpg,Person,1097,98,1129,156,1280,720
frame_114_57.jpg,Person,1211,119,1251,187,1280,720
frame_114_57.jpg,Person,1061,97,1102,157,1280,720
frame_114_57.jpg,Person,1113,204,1177,345,1280,720
frame_114_57.jpg,Person,743,9,779,79,1280,720
frame_114_57.jpg,Person,630,10,664,53,1280,720
frame_116_0.jpg,Person,101,256,382,711,1280,720
frame_116_30.jpg,Person,207,127,431,594,1280,720
frame_116_46.jpg,Person,239,131,466,534,1280,720
frame_112_0.jpg,Person,122,89,382,604,1280,720
frame_137_7.jpg,Person,411,15,658,552,1280,720
frame_137_8.jpg,Person,414,40,658,546,1280,720
frame_137_9.jpg,Person,402,63,650,549,1280,720
frame_138_10.jpg,Person,505,257,602,477,1280,720
frame_138_10.jpg,Person,621,203,728,391,1280,720
frame_138_11.jpg,Person,626,205,734,394,1280,720
frame_138_11.jpg,Person,506,261,605,489,1280,720
frame_138_12.jpg,Person,631,207,738,398,1280,720
frame_138_12.jpg,Person,506,263,607,493,1280,720
frame_138_13.jpg,Person,637,209,745,401,1280,720
frame_138_13.jpg,Person,509,266,608,495,1280,720
frame_138_14.jpg,Person,637,209,745,400,1280,720
frame_138_14.jpg,Person,509,267,608,495,1280,720
frame_138_15.jpg,Person,637,209,745,400,1280,720
frame_138_15.jpg,Person,509,267,608,495,1280,720
frame_138_16.jpg,Person,642,209,750,401,1280,720
frame_138_16.jpg,Person,509,269,610,504,1280,720
frame_138_17.jpg,Person,646,209,755,401,1280,720
frame_138_17.jpg,Person,509,269,612,510,1280,720
frame_138_18.jpg,Person,651,209,761,401,1280,720
frame_138_18.jpg,Person,510,269,613,514,1280,720
frame_138_19.jpg,Person,656,208,766,401,1280,720
frame_138_19.jpg,Person,509,268,615,513,1280,720
frame_138_20.jpg,Person,664,209,778,408,1280,720
frame_138_20.jpg,Person,505,267,620,508,1280,720
frame_138_21.jpg,Person,664,208,778,407,1280,720
frame_138_21.jpg,Person,505,267,620,508,1280,720
frame_138_22.jpg,Person,670,212,788,413,1280,720
frame_138_22.jpg,Person,503,268,633,528,1280,720
frame_138_23.jpg,Person,674,215,801,417,1280,720
frame_138_23.jpg,Person,501,268,635,525,1280,720
frame_138_24.jpg,Person,680,217,805,423,1280,720
frame_138_24.jpg,Person,499,274,627,508,1280,720
frame_138_25.jpg,Person,687,220,811,432,1280,720
frame_138_25.jpg,Person,499,277,635,525,1280,720
frame_138_26.jpg,Person,692,220,817,433,1280,720
frame_138_26.jpg,Person,499,280,639,528,1280,720
frame_138_27.jpg,Person,692,220,817,434,1280,720
frame_138_27.jpg,Person,498,281,637,529,1280,720
frame_138_28.jpg,Person,699,222,822,433,1280,720
frame_138_28.jpg,Person,498,284,657,565,1280,720
frame_138_29.jpg,Person,704,222,828,434,1280,720
frame_138_29.jpg,Person,500,289,655,555,1280,720
frame_138_30.jpg,Person,709,222,835,433,1280,720
frame_138_30.jpg,Person,503,292,656,561,1280,720
frame_138_31.jpg,Person,713,222,840,434,1280,720
frame_138_31.jpg,Person,504,295,654,563,1280,720
frame_62_30.jpg,Person,282,157,419,425,704,480
frame_62_31.jpg,Person,283,160,421,444,704,480
frame_62_32.jpg,Person,285,168,434,463,704,480
frame_62_33.jpg,Person,286,172,443,469,704,480
frame_62_34.jpg,Person,290,183,459,475,704,480
frame_62_35.jpg,Person,293,186,464,474,704,480
frame_62_36.jpg,Person,298,190,474,474,704,480
frame_62_37.jpg,Person,299,195,486,474,704,480
frame_62_38.jpg,Person,298,200,493,475,704,480
frame_62_39.jpg,Person,298,204,495,476,704,480
frame_62_9.jpg,Person,210,104,266,325,704,480
frame_63_0.jpg,Person,336,67,416,269,704,480
frame_63_0.jpg,Person,290,0,327,70,704,480
frame_63_1.jpg,Person,335,64,416,268,704,480
frame_63_1.jpg,Person,288,0,327,70,704,480
frame_63_10.jpg,Person,331,53,406,243,704,480
frame_63_10.jpg,Person,283,0,323,79,704,480
frame_63_11.jpg,Person,332,52,406,240,704,480
frame_63_11.jpg,Person,282,0,323,80,704,480
frame_63_12.jpg,Person,334,49,406,232,704,480
frame_63_12.jpg,Person,281,0,322,80,704,480
frame_63_13.jpg,Person,334,49,405,232,704,480
frame_63_13.jpg,Person,280,0,321,80,704,480
frame_63_14.jpg,Person,336,48,404,232,704,480
frame_63_14.jpg,Person,280,0,321,80,704,480
frame_63_15.jpg,Person,337,48,404,232,704,480
frame_63_15.jpg,Person,280,0,320,80,704,480
frame_63_16.jpg,Person,339,48,404,232,704,480
frame_63_16.jpg,Person,277,0,318,83,704,480
frame_63_17.jpg,Person,340,48,404,232,704,480
frame_63_17.jpg,Person,277,0,318,84,704,480
frame_150_27.jpg,Person,267,62,299,154,640,360
frame_150_27.jpg,Person,131,98,208,223,640,360
frame_150_27.jpg,Person,207,50,255,129,640,360
frame_150_27.jpg,Person,174,92,208,120,640,360
frame_150_28.jpg,Person,267,63,299,155,640,360
frame_150_28.jpg,Person,132,100,211,224,640,360
frame_150_28.jpg,Person,206,51,241,131,640,360
frame_150_28.jpg,Person,173,93,206,121,640,360
frame_150_29.jpg,Person,133,99,214,224,640,360
frame_150_29.jpg,Person,267,63,298,155,640,360
frame_150_29.jpg,Person,94,79,141,187,640,360
frame_150_29.jpg,Person,206,50,241,131,640,360
frame_150_29.jpg,Person,173,93,207,121,640,360
frame_150_3.jpg,Person,111,123,199,220,640,360
frame_150_3.jpg,Person,267,64,300,157,640,360
frame_150_3.jpg,Person,207,49,243,133,640,360
frame_150_3.jpg,Person,121,85,163,134,640,360
frame_150_30.jpg,Person,138,100,222,226,640,360
frame_150_30.jpg,Person,267,63,299,154,640,360
frame_150_30.jpg,Person,94,79,139,186,640,360
frame_150_30.jpg,Person,206,49,253,132,640,360
frame_150_31.jpg,Person,140,101,224,226,640,360
frame_150_31.jpg,Person,267,64,300,155,640,360
frame_150_31.jpg,Person,94,80,140,187,640,360
frame_150_31.jpg,Person,206,50,253,133,640,360
frame_150_32.jpg,Person,145,103,227,227,640,360
frame_150_32.jpg,Person,267,65,300,157,640,360
frame_150_32.jpg,Person,95,81,140,189,640,360
frame_150_32.jpg,Person,206,51,254,134,640,360
frame_150_33.jpg,Person,146,101,224,227,640,360
frame_150_33.jpg,Person,268,65,301,157,640,360
frame_150_33.jpg,Person,95,82,142,190,640,360
frame_150_33.jpg,Person,206,52,253,136,640,360
frame_150_34.jpg,Person,268,66,301,158,640,360
frame_150_34.jpg,Person,151,105,229,227,640,360
frame_150_34.jpg,Person,95,83,153,189,640,360
frame_150_34.jpg,Person,207,54,253,137,640,360
frame_150_35.jpg,Person,153,99,231,229,640,360
frame_150_35.jpg,Person,268,66,301,158,640,360
frame_150_35.jpg,Person,95,83,152,189,640,360
frame_150_35.jpg,Person,206,53,252,138,640,360
frame_150_35.jpg,Person,136,81,169,159,640,360
frame_150_36.jpg,Person,156,98,229,228,640,360
frame_150_36.jpg,Person,268,67,302,159,640,360
frame_150_36.jpg,Person,96,83,152,189,640,360
frame_150_36.jpg,Person,206,55,252,139,640,360
frame_150_36.jpg,Person,133,79,170,164,640,360
frame_150_37.jpg,Person,158,97,232,228,640,360
frame_150_37.jpg,Person,267,67,302,159,640,360
frame_150_37.jpg,Person,95,83,150,190,640,360
frame_150_37.jpg,Person,206,57,251,138,640,360
frame_150_37.jpg,Person,136,81,172,165,640,360
frame_150_38.jpg,Person,163,98,237,229,640,360
frame_150_38.jpg,Person,268,67,302,159,640,360
frame_150_38.jpg,Person,94,83,149,190,640,360
frame_150_38.jpg,Person,206,57,252,144,640,360
frame_150_38.jpg,Person,135,83,175,166,640,360
frame_150_39.jpg,Person,163,99,237,229,640,360
frame_150_39.jpg,Person,268,67,301,158,640,360
frame_150_39.jpg,Person,95,84,147,191,640,360
frame_150_39.jpg,Person,206,57,250,143,640,360
frame_150_39.jpg,Person,138,83,175,166,640,360
frame_150_4.jpg,Person,111,123,199,220,640,360
frame_150_4.jpg,Person,207,48,243,131,640,360
frame_150_4.jpg,Person,266,64,301,156,640,360
frame_150_4.jpg,Person,121,85,162,133,640,360
frame_150_5.jpg,Person,111,122,199,219,640,360
frame_150_5.jpg,Person,268,64,301,156,640,360
frame_150_5.jpg,Person,206,48,242,131,640,360
frame_150_5.jpg,Person,120,84,161,132,640,360
frame_150_6.jpg,Person,267,62,301,155,640,360
frame_150_6.jpg,Person,111,120,199,220,640,360
frame_150_6.jpg,Person,205,48,242,131,640,360
frame_150_6.jpg,Person,120,83,163,130,640,360
frame_150_7.jpg,Person,268,62,302,155,640,360
frame_150_7.jpg,Person,205,47,242,131,640,360
frame_150_7.jpg,Person,111,116,198,219,640,360
frame_150_7.jpg,Person,120,84,185,159,640,360
frame_150_8.jpg,Person,268,62,302,155,640,360
frame_150_8.jpg,Person,111,114,198,220,640,360
frame_150_8.jpg,Person,205,46,242,131,640,360
frame_150_8.jpg,Person,120,83,161,128,640,360
frame_150_9.jpg,Person,269,62,302,154,640,360
frame_150_9.jpg,Person,205,46,242,131,640,360
frame_150_9.jpg,Person,113,111,199,219,640,360
frame_86_16.jpg,Person,278,17,287,36,320,240
frame_86_16.jpg,Person,111,206,123,233,320,240
frame_86_16.jpg,Person,82,211,97,239,320,240
frame_86_16.jpg,Person,97,218,112,239,320,240
frame_86_17.jpg,Person,278,17,287,36,320,240
frame_86_17.jpg,Person,111,206,123,234,320,240
frame_86_17.jpg,Person,81,209,96,239,320,240
frame_86_17.jpg,Person,99,217,113,239,320,240
frame_86_17.jpg,Person,104,194,117,219,320,240
frame_86_18.jpg,Person,111,206,123,234,320,240
frame_86_18.jpg,Person,278,17,287,36,320,240
frame_86_18.jpg,Person,81,209,96,239,320,240
frame_86_18.jpg,Person,99,217,113,239,320,240
frame_86_18.jpg,Person,104,194,117,219,320,240
frame_86_19.jpg,Person,80,208,95,239,320,240
frame_86_19.jpg,Person,111,205,123,236,320,240
frame_86_19.jpg,Person,104,194,117,219,320,240
frame_86_19.jpg,Person,79,187,93,216,320,240
frame_86_19.jpg,Person,278,18,287,36,320,240
frame_86_2.jpg,Person,102,200,117,227,320,240
frame_86_2.jpg,Person,111,215,124,239,320,240
frame_86_2.jpg,Person,78,198,93,231,320,240
frame_86_20.jpg,Person,111,204,123,236,320,240
frame_86_20.jpg,Person,81,207,97,239,320,240
frame_86_20.jpg,Person,104,195,117,219,320,240
frame_86_20.jpg,Person,99,216,114,239,320,240
frame_86_20.jpg,Person,79,186,95,216,320,240
frame_86_20.jpg,Person,278,18,287,36,320,240
frame_86_21.jpg,Person,278,17,288,37,320,240
frame_86_21.jpg,Person,111,204,123,235,320,240
frame_86_21.jpg,Person,81,207,96,239,320,240
frame_86_21.jpg,Person,99,215,114,238,320,240
frame_86_21.jpg,Person,104,195,117,219,320,240
frame_86_21.jpg,Person,79,186,95,217,320,240
frame_86_22.jpg,Person,277,18,287,39,320,240
frame_86_22.jpg,Person,111,203,123,232,320,240
frame_86_22.jpg,Person,104,194,117,218,320,240
frame_86_22.jpg,Person,81,205,95,238,320,240
frame_86_22.jpg,Person,99,215,114,239,320,240
frame_86_23.jpg,Person,277,19,287,39,320,240
frame_86_23.jpg,Person,112,203,124,233,320,240
frame_86_23.jpg,Person,81,206,94,238,320,240
frame_86_23.jpg,Person,79,185,94,212,320,240
frame_86_23.jpg,Person,104,192,117,217,320,240
frame_86_23.jpg,Person,99,214,115,239,320,240
frame_86_23.jpg,Person,93,200,105,232,320,240
frame_86_24.jpg,Person,111,203,124,232,320,240
frame_86_24.jpg,Person,277,19,287,39,320,240
frame_86_24.jpg,Person,79,182,94,212,320,240
frame_86_24.jpg,Person,81,206,94,236,320,240
frame_86_24.jpg,Person,104,193,117,217,320,240
frame_86_24.jpg,Person,99,213,115,239,320,240
frame_86_24.jpg,Person,93,199,104,230,320,240
frame_86_25.jpg,Person,111,202,124,231,320,240
frame_86_25.jpg,Person,105,192,120,217,320,240
frame_86_25.jpg,Person,277,19,287,38,320,240
frame_86_26.jpg,Person,111,201,125,231,320,240
frame_86_26.jpg,Person,276,19,286,39,320,240
frame_86_26.jpg,Person,79,177,94,208,320,240
frame_86_26.jpg,Person,105,192,121,216,320,240
frame_86_27.jpg,Person,112,201,126,231,320,240
frame_86_27.jpg,Person,78,176,93,209,320,240
frame_86_27.jpg,Person,81,203,94,234,320,240
frame_86_27.jpg,Person,104,192,117,216,320,240
frame_86_27.jpg,Person,97,211,115,239,320,240
frame_86_27.jpg,Person,276,19,285,38,320,240
frame_86_28.jpg,Person,112,199,126,231,320,240
frame_86_28.jpg,Person,79,176,93,208,320,240
frame_86_28.jpg,Person,81,203,94,237,320,240
frame_86_28.jpg,Person,104,192,117,216,320,240
frame_86_28.jpg,Person,96,211,115,238,320,240
frame_86_29.jpg,Person,112,199,126,231,320,240
frame_86_29.jpg,Person,79,176,93,208,320,240
frame_86_29.jpg,Person,81,201,95,235,320,240
frame_86_29.jpg,Person,276,19,286,38,320,240
frame_86_29.jpg,Person,96,211,114,239,320,240
frame_86_3.jpg,Person,102,200,117,228,320,240
frame_86_3.jpg,Person,79,198,93,231,320,240
frame_86_3.jpg,Person,282,14,290,32,320,240
frame_86_3.jpg,Person,111,215,124,239,320,240
frame_86_30.jpg,Person,275,19,285,39,320,240
frame_86_30.jpg,Person,111,198,126,231,320,240
frame_86_30.jpg,Person,78,175,92,207,320,240
frame_86_30.jpg,Person,81,201,95,235,320,240
frame_86_30.jpg,Person,95,210,112,239,320,240
frame_93_29.jpg,Person,230,18,321,158,480,360
frame_93_60.jpg,Person,298,22,367,188,480,360
frame_94_24.jpg,Person,186,183,310,359,480,360
frame_94_24.jpg,Person,322,71,392,281,480,360
frame_94_24.jpg,Person,247,58,302,197,480,360
frame_94_24.jpg,Person,175,45,232,196,480,360
frame_94_24.jpg,Person,363,42,437,231,480,360
frame_94_24.jpg,Person,256,8,300,72,480,360
frame_94_24.jpg,Person,443,78,479,241,480,360
frame_94_24.jpg,Person,130,169,224,356,480,360
frame_94_42.jpg,Person,246,58,303,225,480,360
frame_94_42.jpg,Person,319,76,384,282,480,360
frame_94_42.jpg,Person,154,56,229,220,480,360
frame_94_42.jpg,Person,366,42,436,224,480,360
frame_94_42.jpg,Person,128,145,208,348,480,360
frame_94_42.jpg,Person,180,188,290,359,480,360
frame_94_42.jpg,Person,239,12,282,82,480,360
frame_95_1.jpg,Person,278,87,347,306,480,360
frame_95_1.jpg,Person,134,105,248,358,480,360
frame_95_1.jpg,Person,203,34,254,177,480,360
frame_95_1.jpg,Person,112,55,157,210,480,360
frame_95_1.jpg,Person,257,0,293,87,480,360
frame_95_3.jpg,Person,278,87,347,306,480,360
frame_95_3.jpg,Person,134,107,248,359,480,360
frame_95_3.jpg,Person,203,34,254,177,480,360
frame_95_3.jpg,Person,112,55,157,211,480,360
frame_95_3.jpg,Person,257,0,293,87,480,360
frame_95_49.jpg,Person,144,89,242,287,480,360
frame_95_49.jpg,Person,110,160,226,346,480,360
frame_95_49.jpg,Person,109,58,158,166,480,360
frame_95_49.jpg,Person,258,2,293,89,480,360
frame_95_49.jpg,Person,178,46,241,177,480,360
frame_95_49.jpg,Person,233,88,334,288,480,360
frame_96_1.jpg,Person,214,127,249,224,450,360
frame_96_1.jpg,Person,0,33,14,69,450,360
frame_96_3.jpg,Person,209,126,251,223,450,360
frame_96_3.jpg,Person,0,33,14,69,450,360
frame_96_46.jpg,Person,189,133,233,214,450,360
frame_96_46.jpg,Person,0,33,14,68,450,360
frame_97_17.jpg,Person,69,162,119,269,450,360
frame_97_17.jpg,Person,4,112,26,151,450,360
frame_97_17.jpg,Person,0,201,54,230,450,360
frame_97_39.jpg,Person,0,201,55,230,450,360
frame_97_39.jpg,Person,1,112,26,152,450,360
frame_97_39.jpg,Person,69,145,110,230,450,360
frame_98_15.jpg,Person,291,180,335,267,450,360
frame_98_15.jpg,Person,216,178,249,231,450,360
frame_98_15.jpg,Person,88,69,102,110,450,360
frame_98_15.jpg,Person,186,90,204,137,450,360
frame_98_15.jpg,Person,69,74,82,103,450,360
frame_98_33.jpg,Person,275,192,322,285,450,360
frame_98_33.jpg,Person,186,90,204,137,450,360
frame_98_33.jpg,Person,89,67,105,111,450,360
frame_98_33.jpg,Person,69,72,81,102,450,360
frame_99_30.jpg,Person,144,121,226,329,480,360
frame_9_13.jpg,Person,296,221,458,477,848,480
frame_9_13.jpg,Person,373,168,460,340,848,480
frame_9_13.jpg,Person,399,74,438,212,848,480
frame_9_13.jpg,Person,376,63,417,176,848,480
frame_9_13.jpg,Person,376,61,444,212,848,480
frame_9_30.jpg,Person,311,190,451,476,848,480
frame_9_30.jpg,Person,343,147,431,254,848,480
frame_9_30.jpg,Person,376,60,446,198,848,480
frame_9_30.jpg,Person,402,67,446,198,848,480
frame_71_28.jpg,Person,363,39,414,193,704,480
frame_71_28.jpg,Person,306,26,354,170,704,480
frame_71_28.jpg,Person,255,29,307,193,704,480
frame_71_28.jpg,Person,349,30,385,156,704,480
frame_71_29.jpg,Person,255,31,314,193,704,480
frame_71_29.jpg,Person,307,26,357,170,704,480
frame_71_29.jpg,Person,366,37,416,193,704,480
frame_71_29.jpg,Person,350,30,384,154,704,480
frame_71_3.jpg,Person,259,14,312,150,704,480
frame_71_3.jpg,Person,366,47,426,224,704,480
frame_71_3.jpg,Person,325,46,377,200,704,480
frame_71_3.jpg,Person,322,14,371,88,704,480
frame_71_3.jpg,Person,322,13,371,135,704,480
frame_71_30.jpg,Person,307,25,359,168,704,480
frame_71_30.jpg,Person,367,36,417,191,704,480
frame_71_30.jpg,Person,254,32,313,197,704,480
frame_71_30.jpg,Person,352,30,383,153,704,480
frame_71_31.jpg,Person,307,25,359,169,704,480
frame_71_31.jpg,Person,368,35,417,189,704,480
frame_71_31.jpg,Person,252,33,310,202,704,480
frame_71_31.jpg,Person,351,28,382,154,704,480
frame_71_32.jpg,Person,307,25,362,167,704,480
frame_71_32.jpg,Person,251,33,312,203,704,480
frame_71_32.jpg,Person,368,34,417,187,704,480
frame_71_32.jpg,Person,351,28,383,153,704,480
frame_71_33.jpg,Person,307,25,360,173,704,480
frame_71_33.jpg,Person,248,32,309,204,704,480
frame_71_33.jpg,Person,368,33,417,180,704,480
frame_71_33.jpg,Person,351,27,381,153,704,480
frame_71_34.jpg,Person,245,32,308,203,704,480
frame_71_34.jpg,Person,306,25,361,174,704,480
frame_71_34.jpg,Person,368,33,417,179,704,480
frame_71_34.jpg,Person,348,27,380,153,704,480
frame_71_35.jpg,Person,246,32,308,204,704,480
frame_71_35.jpg,Person,367,33,416,179,704,480
frame_71_35.jpg,Person,307,27,363,176,704,480
frame_71_35.jpg,Person,348,26,379,151,704,480
frame_71_36.jpg,Person,245,31,309,200,704,480
frame_71_36.jpg,Person,367,32,416,179,704,480
frame_71_36.jpg,Person,307,28,363,184,704,480
frame_71_36.jpg,Person,349,26,379,151,704,480
frame_71_37.jpg,Person,362,32,415,177,704,480
frame_71_37.jpg,Person,243,32,308,203,704,480
frame_71_37.jpg,Person,306,30,363,188,704,480
frame_71_37.jpg,Person,348,24,377,151,704,480
frame_71_38.jpg,Person,360,32,415,178,704,480
frame_71_38.jpg,Person,242,33,309,205,704,480
frame_71_38.jpg,Person,307,31,364,189,704,480
frame_71_38.jpg,Person,348,25,377,151,704,480
frame_71_39.jpg,Person,357,32,414,178,704,480
frame_71_39.jpg,Person,242,35,309,217,704,480
frame_71_39.jpg,Person,306,33,365,195,704,480
frame_71_39.jpg,Person,346,24,376,149,704,480
frame_71_4.jpg,Person,259,14,312,149,704,480
frame_71_4.jpg,Person,366,47,425,221,704,480
frame_71_4.jpg,Person,324,44,375,199,704,480
frame_71_4.jpg,Person,322,14,372,111,704,480
frame_71_5.jpg,Person,259,15,310,154,704,480
frame_71_5.jpg,Person,366,47,426,215,704,480
frame_71_5.jpg,Person,325,42,377,200,704,480
frame_71_5.jpg,Person,321,14,370,112,704,480
frame_71_6.jpg,Person,259,16,310,156,704,480
frame_71_6.jpg,Person,366,46,426,212,704,480
frame_71_6.jpg,Person,324,42,376,200,704,480
frame_71_6.jpg,Person,322,13,369,112,704,480
frame_71_7.jpg,Person,259,17,310,158,704,480
frame_71_7.jpg,Person,365,45,426,211,704,480
frame_71_7.jpg,Person,326,42,376,200,704,480
frame_71_7.jpg,Person,321,13,369,118,704,480
frame_71_8.jpg,Person,259,16,310,158,704,480
frame_71_8.jpg,Person,365,44,426,211,704,480
frame_71_8.jpg,Person,327,42,377,200,704,480
frame_71_8.jpg,Person,320,13,373,138,704,480
frame_71_9.jpg,Person,256,15,309,158,704,480
frame_71_9.jpg,Person,366,44,426,210,704,480
frame_71_9.jpg,Person,328,43,378,199,704,480
frame_71_9.jpg,Person,319,14,367,149,704,480
frame_72_0.jpg,Person,248,31,303,173,704,480
frame_72_0.jpg,Person,305,17,355,162,704,480
frame_50_7.jpg,Person,128,106,191,242,480,360
frame_50_7.jpg,Person,258,84,313,219,480,360
frame_50_7.jpg,Person,220,83,259,197,480,360
frame_50_7.jpg,Person,305,82,346,204,480,360
frame_50_7.jpg,Person,192,93,227,207,480,360
frame_50_7.jpg,Person,273,49,309,98,480,360
frame_50_7.jpg,Person,332,243,393,358,480,360
frame_50_7.jpg,Person,186,50,221,97,480,360
frame_50_8.jpg,Person,130,106,191,242,480,360
frame_50_8.jpg,Person,257,83,313,218,480,360
frame_50_8.jpg,Person,192,93,227,207,480,360
frame_50_8.jpg,Person,305,81,346,205,480,360
frame_50_8.jpg,Person,221,82,259,197,480,360
frame_50_8.jpg,Person,273,49,309,98,480,360
frame_50_8.jpg,Person,332,242,393,357,480,360
frame_50_8.jpg,Person,186,50,221,97,480,360
frame_50_9.jpg,Person,130,107,191,243,480,360
frame_50_9.jpg,Person,257,84,313,219,480,360
frame_50_9.jpg,Person,192,93,227,207,480,360
frame_50_9.jpg,Person,219,83,258,197,480,360
frame_50_9.jpg,Person,306,81,346,205,480,360
frame_50_9.jpg,Person,273,49,309,99,480,360
frame_50_9.jpg,Person,333,242,393,355,480,360
frame_50_9.jpg,Person,186,50,221,98,480,360
frame_50_9.jpg,Person,193,51,243,120,480,360
frame_69_0.jpg,Person,363,76,461,315,704,480
frame_69_0.jpg,Person,264,92,356,317,704,480
frame_69_0.jpg,Person,238,68,293,266,704,480
frame_69_1.jpg,Person,366,74,461,313,704,480
frame_69_1.jpg,Person,261,87,352,306,704,480
frame_69_1.jpg,Person,240,63,294,252,704,480
frame_69_10.jpg,Person,366,66,456,289,704,480
frame_69_10.jpg,Person,274,78,352,297,704,480
frame_69_10.jpg,Person,357,333,559,477,704,480
frame_69_10.jpg,Person,242,57,295,227,704,480
frame_69_11.jpg,Person,365,67,454,289,704,480
frame_69_11.jpg,Person,332,313,557,477,704,480
frame_69_11.jpg,Person,274,75,350,291,704,480
frame_69_11.jpg,Person,241,54,299,226,704,480
frame_69_12.jpg,Person,364,66,452,289,704,480
frame_69_12.jpg,Person,323,303,554,475,704,480
frame_69_12.jpg,Person,273,74,350,278,704,480
frame_69_12.jpg,Person,239,52,298,222,704,480
frame_69_13.jpg,Person,305,286,541,474,704,480
frame_69_13.jpg,Person,361,65,448,285,704,480
frame_69_13.jpg,Person,275,70,351,269,704,480
frame_69_13.jpg,Person,238,51,299,223,704,480
frame_69_14.jpg,Person,360,64,447,282,704,480
frame_69_14.jpg,Person,295,278,537,473,704,480
frame_69_14.jpg,Person,275,69,351,266,704,480
frame_69_14.jpg,Person,237,50,298,224,704,480
frame_69_15.jpg,Person,358,62,443,278,704,480
frame_69_15.jpg,Person,287,271,517,475,704,480
frame_69_15.jpg,Person,275,67,350,266,704,480
frame_69_15.jpg,Person,238,49,299,224,704,480
frame_69_16.jpg,Person,357,60,442,273,704,480
frame_69_16.jpg,Person,274,67,349,266,704,480
frame_69_16.jpg,Person,283,266,511,474,704,480
frame_69_16.jpg,Person,239,49,299,223,704,480
frame_69_17.jpg,Person,278,261,495,475,704,480
frame_69_17.jpg,Person,355,59,440,265,704,480
frame_69_17.jpg,Person,275,66,348,266,704,480
frame_69_17.jpg,Person,238,49,297,225,704,480
frame_69_18.jpg,Person,275,257,490,474,704,480
frame_69_18.jpg,Person,355,57,440,260,704,480
frame_69_18.jpg,Person,276,66,348,266,704,480
frame_69_18.jpg,Person,238,49,297,225,704,480
frame_69_19.jpg,Person,272,247,483,474,704,480
frame_69_19.jpg,Person,353,56,439,260,704,480
frame_69_19.jpg,Person,274,66,346,266,704,480
frame_69_19.jpg,Person,238,48,295,224,704,480
frame_69_2.jpg,Person,368,73,462,308,704,480
frame_69_2.jpg,Person,262,86,353,304,704,480
frame_69_2.jpg,Person,240,63,294,248,704,480
frame_69_20.jpg,Person,272,240,482,474,704,480
frame_69_20.jpg,Person,274,67,345,267,704,480
frame_69_20.jpg,Person,353,55,439,258,704,480
frame_69_20.jpg,Person,239,48,294,225,704,480
frame_69_21.jpg,Person,268,225,477,474,704,480
frame_69_21.jpg,Person,354,55,437,253,704,480
frame_69_21.jpg,Person,274,66,344,265,704,480
frame_69_21.jpg,Person,240,48,290,222,704,480
frame_69_22.jpg,Person,265,217,472,474,704,480
frame_69_22.jpg,Person,355,55,437,246,704,480
frame_69_22.jpg,Person,271,66,342,264,704,480
frame_69_22.jpg,Person,240,47,289,222,704,480
frame_69_23.jpg,Person,263,205,464,474,704,480
frame_69_23.jpg,Person,354,54,435,259,704,480
frame_69_23.jpg,Person,269,63,340,261,704,480
frame_69_23.jpg,Person,243,45,291,219,704,480
frame_67_0.jpg,Person,422,0,475,90,704,480
frame_67_1.jpg,Person,425,0,474,90,704,480
frame_67_10.jpg,Person,411,0,451,86,704,480
frame_67_11.jpg,Person,409,0,451,88,704,480
frame_67_12.jpg,Person,402,0,449,88,704,480
frame_67_13.jpg,Person,401,0,448,88,704,480
frame_67_14.jpg,Person,400,0,445,88,704,480
frame_67_15.jpg,Person,399,0,442,90,704,480
frame_67_16.jpg,Person,400,0,440,88,704,480
frame_67_17.jpg,Person,399,0,439,90,704,480
frame_67_18.jpg,Person,398,0,432,90,704,480
frame_67_18.jpg,Person,453,1,479,86,704,480
frame_67_19.jpg,Person,397,0,431,90,704,480
frame_67_2.jpg,Person,422,0,479,90,704,480
frame_67_20.jpg,Person,396,0,430,90,704,480
frame_67_20.jpg,Person,453,6,477,88,704,480
frame_67_21.jpg,Person,396,0,430,90,704,480
frame_67_21.jpg,Person,451,0,476,88,704,480
frame_67_22.jpg,Person,396,0,426,90,704,480
frame_67_23.jpg,Person,396,0,426,90,704,480
frame_67_24.jpg,Person,392,0,423,90,704,480
frame_67_25.jpg,Person,390,0,422,90,704,480
frame_67_25.jpg,Person,442,0,473,84,704,480
frame_119_4.jpg,Person,6,124,167,432,1280,720
frame_119_40.jpg,Person,54,337,283,713,1280,720
frame_119_41.jpg,Person,75,343,286,712,1280,720
frame_119_42.jpg,Person,77,358,299,714,1280,720
frame_119_43.jpg,Person,0,370,315,712,1280,720
frame_119_44.jpg,Person,83,374,325,713,1280,720
frame_119_45.jpg,Person,85,379,333,715,1280,720
frame_119_46.jpg,Person,87,385,342,714,1280,720
frame_119_47.jpg,Person,99,392,349,715,1280,720
frame_119_48.jpg,Person,100,397,351,715,1280,720
frame_119_49.jpg,Person,104,410,359,715,1280,720
frame_119_5.jpg,Person,8,128,161,432,1280,720
frame_119_50.jpg,Person,0,426,365,715,1280,720
frame_119_51.jpg,Person,1,442,380,713,1280,720
frame_119_52.jpg,Person,0,455,390,714,1280,720
frame_119_53.jpg,Person,1,482,415,715,1280,720
frame_44_55.jpg,Person,233,13,326,254,480,360
frame_44_55.jpg,Person,318,55,426,179,480,360
frame_44_55.jpg,Person,422,33,473,176,480,360
frame_44_55.jpg,Person,11,31,103,174,480,360
frame_44_55.jpg,Person,336,12,392,109,480,360
frame_44_55.jpg,Person,149,20,194,77,480,360
frame_44_55.jpg,Person,387,46,435,142,480,360
frame_44_56.jpg,Person,318,55,426,179,480,360
frame_44_56.jpg,Person,233,13,326,225,480,360
frame_44_56.jpg,Person,423,33,473,176,480,360
frame_44_56.jpg,Person,12,32,103,172,480,360
frame_44_56.jpg,Person,146,20,194,69,480,360
frame_44_56.jpg,Person,114,125,175,176,480,360
frame_44_57.jpg,Person,320,55,425,179,480,360
frame_44_57.jpg,Person,233,12,327,254,480,360
frame_44_57.jpg,Person,423,33,473,176,480,360
frame_44_57.jpg,Person,12,32,103,172,480,360
frame_44_57.jpg,Person,146,20,194,69,480,360
frame_44_57.jpg,Person,67,0,157,119,480,360
frame_44_57.jpg,Person,114,126,175,176,480,360
frame_44_58.jpg,Person,318,54,425,178,480,360
frame_44_58.jpg,Person,233,12,327,250,480,360
frame_44_58.jpg,Person,423,33,473,176,480,360
frame_44_58.jpg,Person,12,31,104,172,480,360
frame_44_58.jpg,Person,67,0,156,120,480,360
frame_44_58.jpg,Person,147,20,195,69,480,360
frame_44_58.jpg,Person,114,125,175,176,480,360
frame_44_59.jpg,Person,424,33,473,176,480,360
frame_44_59.jpg,Person,234,11,328,224,480,360
frame_44_59.jpg,Person,337,55,427,177,480,360
frame_44_59.jpg,Person,144,20,197,67,480,360
frame_44_59.jpg,Person,301,54,426,269,480,360
frame_44_59.jpg,Person,336,12,391,107,480,360
frame_44_60.jpg,Person,424,33,473,176,480,360
frame_44_60.jpg,Person,232,11,327,234,480,360
frame_44_60.jpg,Person,337,55,427,177,480,360
frame_44_60.jpg,Person,144,20,197,67,480,360
frame_44_60.jpg,Person,12,32,103,171,480,360
frame_44_60.jpg,Person,300,56,426,270,480,360
frame_44_60.jpg,Person,158,159,244,268,480,360
frame_44_60.jpg,Person,336,13,391,107,480,360
frame_44_61.jpg,Person,424,33,473,176,480,360
frame_44_61.jpg,Person,233,12,327,227,480,360
frame_44_61.jpg,Person,337,56,426,178,480,360
frame_44_61.jpg,Person,145,21,197,69,480,360
frame_44_61.jpg,Person,13,31,104,170,480,360
frame_44_61.jpg,Person,158,160,243,268,480,360
frame_44_62.jpg,Person,424,33,473,176,480,360
frame_44_62.jpg,Person,333,56,426,177,480,360
frame_44_62.jpg,Person,235,13,327,223,480,360
frame_44_62.jpg,Person,13,31,104,172,480,360
frame_44_62.jpg,Person,144,20,199,79,480,360
frame_44_62.jpg,Person,383,195,472,323,480,360
frame_45_0.jpg,Person,89,76,183,301,626,360
frame_45_0.jpg,Person,170,76,235,180,626,360
frame_45_0.jpg,Person,235,84,336,284,626,360
frame_45_1.jpg,Person,89,76,183,301,626,360
frame_45_1.jpg,Person,170,76,235,180,626,360
frame_45_1.jpg,Person,235,84,337,283,626,360
frame_45_10.jpg,Person,239,87,336,281,626,360
frame_45_10.jpg,Person,79,73,182,300,626,360
frame_45_10.jpg,Person,171,74,227,177,626,360
frame_45_10.jpg,Person,171,74,251,178,626,360
frame_45_11.jpg,Person,237,84,337,281,626,360
frame_45_11.jpg,Person,78,74,181,302,626,360
frame_45_11.jpg,Person,171,74,226,178,626,360
frame_45_11.jpg,Person,171,72,250,177,626,360
frame_45_11.jpg,Person,171,109,225,178,626,360
frame_45_12.jpg,Person,236,84,337,282,626,360
frame_45_12.jpg,Person,79,74,181,302,626,360
frame_45_12.jpg,Person,171,107,225,178,626,360
frame_45_12.jpg,Person,171,73,251,178,626,360
frame_45_13.jpg,Person,236,86,337,282,626,360
frame_45_13.jpg,Person,80,75,174,303,626,360
frame_45_13.jpg,Person,170,103,226,179,626,360
frame_45_14.jpg,Person,237,86,337,282,626,360
frame_45_14.jpg,Person,85,75,175,303,626,360
frame_45_14.jpg,Person,169,106,224,180,626,360
frame_45_15.jpg,Person,237,89,336,283,626,360
frame_45_15.jpg,Person,81,76,175,303,626,360
frame_45_15.jpg,Person,170,107,225,181,626,360
frame_45_16.jpg,Person,237,89,336,282,626,360
frame_45_16.jpg,Person,83,75,174,302,626,360
frame_45_16.jpg,Person,170,107,225,180,626,360
frame_45_17.jpg,Person,238,88,337,281,626,360
frame_45_17.jpg,Person,80,75,174,302,626,360
frame_45_17.jpg,Person,171,112,225,180,626,360
frame_45_17.jpg,Person,170,76,227,180,626,360
frame_45_18.jpg,Person,237,86,337,281,626,360
frame_45_18.jpg,Person,83,75,175,302,626,360
frame_45_18.jpg,Person,170,112,225,179,626,360
frame_45_19.jpg,Person,238,82,337,281,626,360
frame_45_19.jpg,Person,87,75,181,303,626,360
frame_45_19.jpg,Person,170,107,225,179,626,360
frame_45_19.jpg,Person,170,73,250,178,626,360
frame_45_2.jpg,Person,85,75,182,302,626,360
frame_45_2.jpg,Person,170,75,229,181,626,360
frame_45_2.jpg,Person,229,96,337,284,626,360
frame_45_20.jpg,Person,236,84,337,281,626,360
frame_45_20.jpg,Person,88,74,180,302,626,360
frame_45_20.jpg,Person,170,111,225,179,626,360
frame_45_20.jpg,Person,170,75,243,178,626,360
frame_45_21.jpg,Person,238,83,338,281,626,360
frame_45_21.jpg,Person,87,74,179,301,626,360
frame_45_21.jpg,Person,170,74,247,178,626,360
frame_45_21.jpg,Person,172,110,226,178,626,360
frame_13_8.jpg,Person,210,153,376,284,512,288
frame_13_8.jpg,Person,25,52,76,161,512,288
frame_13_8.jpg,Person,109,34,171,135,512,288
frame_13_9.jpg,Person,209,153,376,284,512,288
frame_13_9.jpg,Person,25,52,76,161,512,288
frame_13_9.jpg,Person,113,32,173,135,512,288
frame_140_0.jpg,Person,1025,411,1199,717,1280,720
frame_140_0.jpg,Person,253,93,290,183,1280,720
frame_140_1.jpg,Person,1035,405,1199,717,1280,720
frame_140_1.jpg,Person,253,93,290,183,1280,720
frame_140_1.jpg,Person,1201,199,1279,709,1280,720
frame_140_2.jpg,Person,1036,400,1199,716,1280,720
frame_140_2.jpg,Person,253,93,290,183,1280,720
frame_144_54.jpg,Person,629,158,753,457,1280,720
frame_144_55.jpg,Person,638,159,758,457,1280,720
frame_144_56.jpg,Person,638,159,757,457,1280,720
frame_144_57.jpg,Person,645,161,765,458,1280,720
frame_144_58.jpg,Person,645,161,765,458,1280,720
frame_144_59.jpg,Person,651,167,770,481,1280,720
frame_144_6.jpg,Person,640,108,712,351,1280,720
frame_144_7.jpg,Person,639,108,712,351,1280,720
frame_144_8.jpg,Person,639,108,712,352,1280,720
frame_144_9.jpg,Person,638,108,713,351,1280,720
frame_145_0.jpg,Person,630,68,688,254,1280,720
frame_145_1.jpg,Person,630,68,688,254,1280,720
frame_145_15.jpg,Person,631,87,704,269,1280,720
frame_145_16.jpg,Person,631,85,705,269,1280,720
frame_145_17.jpg,Person,634,78,704,269,1280,720
frame_145_18.jpg,Person,635,79,705,269,1280,720
frame_145_19.jpg,Person,636,80,706,270,1280,720
frame_145_2.jpg,Person,630,67,687,254,1280,720
frame_145_20.jpg,Person,635,79,706,269,1280,720
frame_145_23.jpg,Person,641,100,723,270,1280,720
frame_37_52.jpg,Person,493,76,778,672,1280,720
frame_37_52.jpg,Person,685,1,997,645,1280,720
frame_37_53.jpg,Person,495,79,776,667,1280,720
frame_37_53.jpg,Person,677,1,997,642,1280,720
frame_37_54.jpg,Person,495,82,776,673,1280,720
frame_37_54.jpg,Person,678,1,996,651,1280,720
frame_37_54.jpg,Person,0,211,222,647,1280,720
frame_37_55.jpg,Person,496,85,776,681,1280,720
frame_37_55.jpg,Person,673,0,996,641,1280,720
frame_37_56.jpg,Person,677,1,996,643,1280,720
frame_37_56.jpg,Person,498,90,760,671,1280,720
frame_37_57.jpg,Person,674,0,996,635,1280,720
frame_37_57.jpg,Person,500,92,757,667,1280,720
frame_37_58.jpg,Person,680,0,996,638,1280,720
frame_37_58.jpg,Person,501,95,761,676,1280,720
frame_37_59.jpg,Person,682,0,996,641,1280,720
frame_37_59.jpg,Person,502,100,762,679,1280,720
frame_37_6.jpg,Person,517,110,788,657,1280,720
frame_37_6.jpg,Person,646,0,991,665,1280,720
frame_37_60.jpg,Person,683,0,996,644,1280,720
frame_37_60.jpg,Person,501,106,758,677,1280,720
frame_37_61.jpg,Person,677,0,996,649,1280,720
frame_37_61.jpg,Person,502,111,750,673,1280,720
frame_37_62.jpg,Person,681,1,997,646,1280,720
frame_37_62.jpg,Person,501,115,767,680,1280,720
frame_37_7.jpg,Person,517,102,788,657,1280,720
frame_37_7.jpg,Person,648,0,991,663,1280,720
frame_37_8.jpg,Person,517,96,790,658,1280,720
frame_37_8.jpg,Person,658,1,990,658,1280,720
frame_37_9.jpg,Person,518,86,788,657,1280,720
frame_37_9.jpg,Person,651,1,990,663,1280,720
frame_38_0.jpg,Person,523,94,997,707,1280,720
frame_38_1.jpg,Person,522,6,1000,706,1280,720
frame_38_10.jpg,Person,545,9,813,331,1280,720
frame_38_11.jpg,Person,551,9,822,343,1280,720
frame_38_12.jpg,Person,547,10,812,354,1280,720
frame_38_13.jpg,Person,545,3,811,384,1280,720
frame_38_13.jpg,Person,585,127,1000,679,1280,720
frame_38_14.jpg,Person,545,7,818,411,1280,720
frame_38_14.jpg,Person,594,119,1001,689,1280,720
frame_38_15.jpg,Person,546,34,819,426,1280,720
frame_38_15.jpg,Person,599,104,1007,701,1280,720
frame_38_16.jpg,Person,548,18,821,449,1280,720
frame_38_16.jpg,Person,609,268,1007,710,1280,720
frame_38_17.jpg,Person,554,61,822,487,1280,720
frame_38_17.jpg,Person,619,295,1010,711,1280,720
frame_38_18.jpg,Person,558,66,820,500,1280,720
frame_38_19.jpg,Person,563,70,817,501,1280,720
frame_38_2.jpg,Person,520,1,1000,701,1280,720
frame_59_0.jpg,Person,77,171,170,338,480,360
frame_59_0.jpg,Person,39,96,92,235,480,360
frame_59_0.jpg,Person,120,110,181,280,480,360
frame_59_0.jpg,Person,0,182,26,283,480,360
frame_59_1.jpg,Person,77,171,170,338,480,360
frame_59_1.jpg,Person,39,96,92,235,480,360
frame_59_1.jpg,Person,120,110,182,280,480,360
frame_59_1.jpg,Person,0,182,26,283,480,360
frame_59_10.jpg,Person,77,160,157,338,480,360
frame_59_10.jpg,Person,38,97,92,234,480,360
frame_59_10.jpg,Person,125,115,183,286,480,360
frame_59_10.jpg,Person,0,181,26,283,480,360
frame_59_11.jpg,Person,76,157,155,338,480,360
frame_59_11.jpg,Person,38,97,92,234,480,360
frame_59_11.jpg,Person,125,116,183,287,480,360
frame_59_11.jpg,Person,0,181,26,283,480,360
frame_59_12.jpg,Person,76,156,156,338,480,360
frame_59_12.jpg,Person,38,97,93,234,480,360
frame_59_12.jpg,Person,126,116,184,287,480,360
frame_59_12.jpg,Person,0,181,26,284,480,360
frame_59_13.jpg,Person,38,98,93,234,480,360
frame_59_13.jpg,Person,70,154,155,337,480,360
frame_59_13.jpg,Person,126,116,184,287,480,360
frame_59_13.jpg,Person,0,180,26,283,480,360
frame_59_14.jpg,Person,38,98,92,234,480,360
frame_59_14.jpg,Person,128,118,184,288,480,360
frame_59_14.jpg,Person,0,181,26,284,480,360
frame_59_14.jpg,Person,75,168,155,336,480,360
frame_59_15.jpg,Person,38,97,91,232,480,360
frame_59_15.jpg,Person,129,116,185,287,480,360
frame_59_15.jpg,Person,74,151,147,331,480,360
frame_59_15.jpg,Person,0,181,26,283,480,360
frame_59_16.jpg,Person,130,119,185,287,480,360
frame_59_16.jpg,Person,38,99,92,233,480,360
frame_59_16.jpg,Person,54,149,153,337,480,360
frame_59_16.jpg,Person,0,181,26,283,480,360
frame_59_17.jpg,Person,38,98,92,230,480,360
frame_59_17.jpg,Person,130,120,186,287,480,360
frame_59_17.jpg,Person,0,181,26,283,480,360
frame_59_17.jpg,Person,61,149,154,332,480,360
frame_59_18.jpg,Person,36,98,92,229,480,360
frame_59_18.jpg,Person,130,122,187,287,480,360
frame_59_18.jpg,Person,0,181,26,283,480,360
frame_59_18.jpg,Person,53,144,154,337,480,360
frame_59_19.jpg,Person,132,124,188,287,480,360
frame_59_19.jpg,Person,35,98,91,230,480,360
frame_59_19.jpg,Person,0,181,26,283,480,360
frame_59_19.jpg,Person,71,145,152,318,480,360
frame_59_2.jpg,Person,77,170,169,338,480,360
frame_59_2.jpg,Person,39,96,93,234,480,360
frame_59_2.jpg,Person,118,111,182,279,480,360
frame_59_2.jpg,Person,0,183,26,283,480,360
frame_59_20.jpg,Person,131,124,188,287,480,360
frame_59_20.jpg,Person,33,98,90,229,480,360
frame_59_20.jpg,Person,70,142,147,311,480,360
frame_59_20.jpg,Person,0,180,26,283,480,360
frame_59_21.jpg,Person,32,98,88,230,480,360
frame_59_21.jpg,Person,130,124,189,287,480,360
frame_59_21.jpg,Person,66,142,149,305,480,360
frame_59_21.jpg,Person,0,180,26,283,480,360
frame_59_22.jpg,Person,131,129,190,286,480,360
frame_59_22.jpg,Person,32,99,88,231,480,360
frame_59_22.jpg,Person,66,142,139,303,480,360
frame_59_22.jpg,Person,0,181,26,283,480,360
frame_59_23.jpg,Person,132,129,191,286,480,360
frame_59_23.jpg,Person,30,99,88,228,480,360
frame_59_23.jpg,Person,66,142,140,304,480,360
frame_59_23.jpg,Person,0,180,26,283,480,360
frame_59_24.jpg,Person,129,129,192,286,480,360
frame_59_24.jpg,Person,64,143,139,303,480,360
frame_59_24.jpg,Person,30,99,87,227,480,360
frame_59_24.jpg,Person,0,181,26,283,480,360
frame_59_25.jpg,Person,131,130,193,287,480,360
frame_59_25.jpg,Person,30,100,87,222,480,360
frame_59_25.jpg,Person,64,144,140,303,480,360
frame_59_25.jpg,Person,0,180,26,283,480,360
frame_59_26.jpg,Person,130,131,193,287,480,360
frame_59_26.jpg,Person,62,144,138,304,480,360
frame_59_26.jpg,Person,30,100,86,218,480,360
frame_59_26.jpg,Person,0,181,26,283,480,360
frame_59_27.jpg,Person,129,131,192,287,480,360
frame_59_27.jpg,Person,60,143,138,302,480,360
frame_59_27.jpg,Person,0,181,26,283,480,360
frame_59_27.jpg,Person,29,99,86,216,480,360
frame_59_27.jpg,Person,368,126,446,209,480,360
frame_59_28.jpg,Person,130,131,193,286,480,360
frame_59_28.jpg,Person,61,144,136,301,480,360
frame_59_28.jpg,Person,29,99,88,245,480,360
frame_59_28.jpg,Person,0,181,26,283,480,360
frame_59_28.jpg,Person,362,126,443,213,480,360
frame_59_29.jpg,Person,129,133,192,287,480,360
frame_59_29.jpg,Person,61,145,139,302,480,360
frame_59_29.jpg,Person,30,98,89,223,480,360
frame_59_29.jpg,Person,0,181,26,283,480,360
frame_59_29.jpg,Person,363,128,441,212,480,360
frame_59_3.jpg,Person,39,96,93,234,480,360
frame_59_3.jpg,Person,77,168,167,338,480,360
frame_59_3.jpg,Person,118,111,181,279,480,360
frame_59_3.jpg,Person,0,182,26,283,480,360
frame_47_1.jpg,Person,91,25,215,232,626,360
frame_47_1.jpg,Person,19,8,112,211,626,360
frame_47_1.jpg,Person,180,170,426,353,626,360
frame_47_1.jpg,Person,190,3,272,113,626,360
frame_47_10.jpg,Person,198,221,431,355,626,360
frame_47_10.jpg,Person,21,4,139,266,626,360
frame_47_10.jpg,Person,149,53,244,236,626,360
frame_47_10.jpg,Person,210,3,270,62,626,360
frame_47_11.jpg,Person,21,4,136,266,626,360
frame_47_11.jpg,Person,198,228,443,354,626,360
frame_47_11.jpg,Person,153,45,252,248,626,360
frame_47_12.jpg,Person,22,4,120,265,626,360
frame_47_12.jpg,Person,200,235,408,355,626,360
frame_47_12.jpg,Person,157,27,261,258,626,360
frame_47_12.jpg,Person,211,2,271,71,626,360
frame_47_13.jpg,Person,201,235,410,354,626,360
frame_47_13.jpg,Person,24,14,116,266,626,360
frame_47_13.jpg,Person,162,63,257,259,626,360
frame_47_14.jpg,Person,25,17,119,265,626,360
frame_47_14.jpg,Person,206,248,403,356,626,360
frame_47_14.jpg,Person,172,87,246,280,626,360
frame_47_15.jpg,Person,24,17,119,265,626,360
frame_47_15.jpg,Person,207,256,403,356,626,360
frame_47_15.jpg,Person,171,68,264,281,626,360
frame_47_16.jpg,Person,25,17,122,266,626,360
frame_47_16.jpg,Person,280,265,398,355,626,360
frame_47_16.jpg,Person,174,44,280,282,626,360
frame_47_17.jpg,Person,26,17,126,268,626,360
frame_47_17.jpg,Person,278,273,393,355,626,360
frame_47_17.jpg,Person,179,97,264,282,626,360
frame_47_17.jpg,Person,179,46,307,281,626,360
frame_47_18.jpg,Person,27,19,124,266,626,360
frame_47_18.jpg,Person,182,48,312,283,626,360
frame_47_18.jpg,Person,281,277,391,355,626,360
frame_47_19.jpg,Person,196,50,331,283,626,360
frame_47_19.jpg,Person,32,21,127,262,626,360
frame_47_19.jpg,Person,192,4,272,90,626,360
frame_47_2.jpg,Person,184,172,448,354,626,360
frame_47_2.jpg,Person,93,26,215,237,626,360
frame_47_2.jpg,Person,21,9,115,202,626,360
frame_47_2.jpg,Person,23,10,113,136,626,360
frame_47_2.jpg,Person,187,3,271,112,626,360
frame_47_2.jpg,Person,187,4,271,80,626,360
frame_47_2.jpg,Person,303,95,530,342,626,360
frame_47_20.jpg,Person,33,22,125,265,626,360
frame_47_20.jpg,Person,198,54,333,284,626,360
frame_47_20.jpg,Person,191,4,272,86,626,360
frame_47_21.jpg,Person,33,22,128,262,626,360
frame_47_21.jpg,Person,192,4,271,94,626,360
frame_47_21.jpg,Person,203,54,318,283,626,360
frame_47_22.jpg,Person,36,22,135,260,626,360
frame_47_22.jpg,Person,209,63,357,283,626,360
frame_47_22.jpg,Person,192,4,271,88,626,360
frame_47_23.jpg,Person,37,22,149,261,626,360
frame_47_23.jpg,Person,193,3,270,80,626,360
frame_47_23.jpg,Person,210,63,328,283,626,360
frame_47_24.jpg,Person,40,21,154,262,626,360
frame_47_24.jpg,Person,211,60,332,283,626,360
frame_47_24.jpg,Person,193,3,276,82,626,360
frame_47_25.jpg,Person,40,22,156,264,626,360
frame_47_25.jpg,Person,212,82,338,283,626,360
frame_47_25.jpg,Person,193,4,276,78,626,360
frame_47_3.jpg,Person,96,28,215,237,626,360
frame_47_3.jpg,Person,185,172,446,353,626,360
frame_47_3.jpg,Person,20,4,113,217,626,360
frame_47_3.jpg,Person,189,3,270,80,626,360
frame_138_50.jpg,Person,766,251,908,504,1280,720
frame_138_50.jpg,Person,496,349,650,631,1280,720
